{
    "copyright": "Copyright (c) 2014 The New York Times Company.  All Rights Reserved.",
    "num_results": 44,
    "results": [
        {
            "display_name": "Print & E-Book Fiction",
            "list_name": "Combined Print and E-Book Fiction",
            "list_name_encoded": "combined-print-and-e-book-fiction",
            "newest_published_date": "2014-12-14",
            "oldest_published_date": "2011-02-13",
            "updated": "WEEKLY"
        },
        {
            "display_name": "Print & E-Book Nonfiction",
            "list_name": "Combined Print and E-Book Nonfiction",
            "list_name_encoded": "combined-print-and-e-book-nonfiction",
            "newest_published_date": "2014-12-14",
            "oldest_published_date": "2011-02-13",
            "updated": "WEEKLY"
        },
        {
            "display_name": "Hardcover Fiction",
            "list_name": "Hardcover Fiction",
            "list_name_encoded": "hardcover-fiction",
            "newest_published_date": "2014-12-14",
            "oldest_published_date": "2008-06-08",
            "updated": "WEEKLY"
        },
        {
            "display_name": "Hardcover Nonfiction",
            "list_name": "Hardcover Nonfiction",
            "list_name_encoded": "hardcover-nonfiction",
            "newest_published_date": "2014-12-14",
            "oldest_published_date": "2008-06-08",
            "updated": "WEEKLY"
        },
        {
            "display_name": "Paperback Trade Fiction",
            "list_name": "Trade Fiction Paperback",
            "list_name_encoded": "trade-fiction-paperback",
            "newest_published_date": "2014-12-14",
            "oldest_published_date": "2008-06-08",
            "updated": "WEEKLY"
        },
        {
            "display_name": "Paperback Mass-Market Fiction",
            "list_name": "Mass Market Paperback",
            "list_name_encoded": "mass-market-paperback",
            "newest_published_date": "2014-12-14",
            "oldest_published_date": "2008-06-08",
            "updated": "WEEKLY"
        },
        {
            "display_name": "Paperback Nonfiction",
            "list_name": "Paperback Nonfiction",
            "list_name_encoded": "paperback-nonfiction",
            "newest_published_date": "2014-12-14",
            "oldest_published_date": "2008-06-08",
            "updated": "WEEKLY"
        },
        {
            "display_name": "E-Book Fiction",
            "list_name": "E-Book Fiction",
            "list_name_encoded": "e-book-fiction",
            "newest_published_date": "2014-12-14",
            "oldest_published_date": "2011-02-13",
            "updated": "WEEKLY"
        },
        {
            "display_name": "E-Book Nonfiction",
            "list_name": "E-Book Nonfiction",
            "list_name_encoded": "e-book-nonfiction",
            "newest_published_date": "2014-12-14",
            "oldest_published_date": "2011-02-13",
            "updated": "WEEKLY"
        },
        {
            "display_name": "Hardcover Advice & Misc.",
            "list_name": "Hardcover Advice",
            "list_name_encoded": "hardcover-advice",
            "newest_published_date": "2013-04-21",
            "oldest_published_date": "2008-06-08",
            "updated": "WEEKLY"
        },
        {
            "display_name": "Paperback Advice & Misc.",
            "list_name": "Paperback Advice",
            "list_name_encoded": "paperback-advice",
            "newest_published_date": "2013-04-21",
            "oldest_published_date": "2008-06-08",
            "updated": "WEEKLY"
        },
        {
            "display_name": "Advice, How-To & Miscellaneous",
            "list_name": "Advice How-To and Miscellaneous",
            "list_name_encoded": "advice-how-to-and-miscellaneous",
            "newest_published_date": "2014-12-14",
            "oldest_published_date": "2013-04-28",
            "updated": "WEEKLY"
        },
        {
            "display_name": "Children's Picture Books",
            "list_name": "Picture Books",
            "list_name_encoded": "picture-books",
            "newest_published_date": "2014-12-14",
            "oldest_published_date": "2008-06-08",
            "updated": "WEEKLY"
        },
        {
            "display_name": "Children's Chapter Books",
            "list_name": "Chapter Books",
            "list_name_encoded": "chapter-books",
            "newest_published_date": "2012-12-09",
            "oldest_published_date": "2008-06-08",
            "updated": "WEEKLY"
        },
        {
            "display_name": "Children's Middle Grade",
            "list_name": "Childrens Middle Grade",
            "list_name_encoded": "childrens-middle-grade",
            "newest_published_date": "2014-12-14",
            "oldest_published_date": "2012-12-16",
            "updated": "WEEKLY"
        },
        {
            "display_name": "Young Adult",
            "list_name": "Young Adult",
            "list_name_encoded": "young-adult",
            "newest_published_date": "2014-12-14",
            "oldest_published_date": "2012-12-16",
            "updated": "WEEKLY"
        },
        {
            "display_name": "Children's Paperback Books",
            "list_name": "Paperback Books",
            "list_name_encoded": "paperback-books",
            "newest_published_date": "2012-12-09",
            "oldest_published_date": "2008-06-08",
            "updated": "WEEKLY"
        },
        {
            "display_name": "Children's Series",
            "list_name": "Series Books",
            "list_name_encoded": "series-books",
            "newest_published_date": "2014-12-14",
            "oldest_published_date": "2008-06-08",
            "updated": "WEEKLY"
        },
        {
            "display_name": "Hardcover Graphic Books",
            "list_name": "Hardcover Graphic Books",
            "list_name_encoded": "hardcover-graphic-books",
            "newest_published_date": "2014-12-14",
            "oldest_published_date": "2009-03-15",
            "updated": "WEEKLY"
        },
        {
            "display_name": "Paperback Graphic Books",
            "list_name": "Paperback Graphic Books",
            "list_name_encoded": "paperback-graphic-books",
            "newest_published_date": "2014-12-14",
            "oldest_published_date": "2009-03-15",
            "updated": "WEEKLY"
        },
        {
            "display_name": "Manga",
            "list_name": "Manga",
            "list_name_encoded": "manga",
            "newest_published_date": "2014-12-14",
            "oldest_published_date": "2009-03-15",
            "updated": "WEEKLY"
        },
        {
            "display_name": "Hardcover & Paperback Fiction",
            "list_name": "Combined Print Fiction",
            "list_name_encoded": "combined-print-fiction",
            "newest_published_date": "2013-05-12",
            "oldest_published_date": "2011-02-13",
            "updated": "WEEKLY"
        },
        {
            "display_name": "Hardcover & Paperback Nonfiction",
            "list_name": "Combined Print Nonfiction",
            "list_name_encoded": "combined-print-nonfiction",
            "newest_published_date": "2013-05-12",
            "oldest_published_date": "2011-02-13",
            "updated": "WEEKLY"
        },
        {
            "display_name": "Hardcover Business Books",
            "list_name": "Hardcover Business Books",
            "list_name_encoded": "hardcover-business-books",
            "newest_published_date": "2013-10-13",
            "oldest_published_date": "2011-07-03",
            "updated": "MONTHLY"
        },
        {
            "display_name": "Paperback Business Books",
            "list_name": "Paperback Business Books",
            "list_name_encoded": "paperback-business-books",
            "newest_published_date": "2013-10-13",
            "oldest_published_date": "2011-07-03",
            "updated": "MONTHLY"
        },
        {
            "display_name": "Business Books",
            "list_name": "Business Books",
            "list_name_encoded": "business-books",
            "newest_published_date": "2014-12-14",
            "oldest_published_date": "2013-11-03",
            "updated": "MONTHLY"
        },
        {
            "display_name": "Politics",
            "list_name": "Hardcover Political Books",
            "list_name_encoded": "hardcover-political-books",
            "newest_published_date": "2014-12-14",
            "oldest_published_date": "2011-07-03",
            "updated": "MONTHLY"
        },
        {
            "display_name": "Science",
            "list_name": "Science",
            "list_name_encoded": "science",
            "newest_published_date": "2014-12-14",
            "oldest_published_date": "2013-04-14",
            "updated": "MONTHLY"
        },
        {
            "display_name": "Food and Fitness",
            "list_name": "Food and Fitness",
            "list_name_encoded": "food-and-fitness",
            "newest_published_date": "2014-12-14",
            "oldest_published_date": "2013-09-01",
            "updated": "MONTHLY"
        },
        {
            "display_name": "Sports",
            "list_name": "Sports",
            "list_name_encoded": "sports",
            "newest_published_date": "2014-12-14",
            "oldest_published_date": "2014-03-02",
            "updated": "MONTHLY"
        },
        {
            "display_name": "Humor",
            "list_name": "Humor",
            "list_name_encoded": "humor",
            "newest_published_date": "2014-12-14",
            "oldest_published_date": "2014-09-07",
            "updated": "MONTHLY"
        },
        {
            "display_name": "Education",
            "list_name": "Education",
            "list_name_encoded": "education",
            "newest_published_date": "2014-12-14",
            "oldest_published_date": "2014-10-12",
            "updated": "MONTHLY"
        },
        {
            "display_name": "Travel",
            "list_name": "Travel",
            "list_name_encoded": "travel",
            "newest_published_date": "2014-12-14",
            "oldest_published_date": "2014-09-07",
            "updated": "MONTHLY"
        },
        {
            "display_name": "Family",
            "list_name": "Family",
            "list_name_encoded": "family",
            "newest_published_date": "2014-12-14",
            "oldest_published_date": "2014-09-07",
            "updated": "MONTHLY"
        },
        {
            "display_name": "Health",
            "list_name": "Health",
            "list_name_encoded": "health",
            "newest_published_date": "2014-12-14",
            "oldest_published_date": "2014-10-12",
            "updated": "MONTHLY"
        },
        {
            "display_name": "Fashion, Manners and Customs",
            "list_name": "Fashion Manners and Customs",
            "list_name_encoded": "fashion-manners-and-customs",
            "newest_published_date": "2014-12-14",
            "oldest_published_date": "2014-10-12",
            "updated": "MONTHLY"
        },
        {
            "display_name": "Relationships",
            "list_name": "Relationships",
            "list_name_encoded": "relationships",
            "newest_published_date": "2014-12-14",
            "oldest_published_date": "2014-09-07",
            "updated": "MONTHLY"
        },
        {
            "display_name": "Culture",
            "list_name": "Culture",
            "list_name_encoded": "culture",
            "newest_published_date": "2014-12-14",
            "oldest_published_date": "2014-10-12",
            "updated": "MONTHLY"
        },
        {
            "display_name": "Religion, Spirituality and Faith",
            "list_name": "Religion Spirituality and Faith",
            "list_name_encoded": "religion-spirituality-and-faith",
            "newest_published_date": "2014-12-14",
            "oldest_published_date": "2014-09-07",
            "updated": "MONTHLY"
        },
        {
            "display_name": "Celebrities",
            "list_name": "Celebrities",
            "list_name_encoded": "celebrities",
            "newest_published_date": "2014-12-14",
            "oldest_published_date": "2014-09-07",
            "updated": "MONTHLY"
        },
        {
            "display_name": "Animals",
            "list_name": "Animals",
            "list_name_encoded": "animals",
            "newest_published_date": "2014-12-14",
            "oldest_published_date": "2014-09-07",
            "updated": "MONTHLY"
        },
        {
            "display_name": "Crime and Punishment",
            "list_name": "Crime and Punishment",
            "list_name_encoded": "crime-and-punishment",
            "newest_published_date": "2014-12-14",
            "oldest_published_date": "2014-10-12",
            "updated": "MONTHLY"
        },
        {
            "display_name": "Indigenous Americans",
            "list_name": "Indigenous Americans",
            "list_name_encoded": "indigenous-americans",
            "newest_published_date": "2014-12-14",
            "oldest_published_date": "2014-12-14",
            "updated": "MONTHLY"
        },
        {
            "display_name": "Games and Activities",
            "list_name": "Games and Activities",
            "list_name_encoded": "games-and-activities",
            "newest_published_date": "2014-12-14",
            "oldest_published_date": "2014-10-12",
            "updated": "MONTHLY"
        }
    ],
    "status": "OK"
}