{
    "copyright": "Copyright (c) 2014 The New York Times Company.  All Rights Reserved.",
    "last_modified": "2014-12-08T17:00:52-05:00",
    "num_results": 20,
    "results": {
        "bestsellers_date": "2014-11-29",
        "books": [
            {
                "age_group": "",
                "amazon_product_url": "http://www.amazon.com/MONEY-Master-Game-Financial-Freedom/dp/1476757801?tag=thenewyorktim-20",
                "article_chapter_link": "",
                "asterisk": 0,
                "author": "Tony Robbins",
                "book_image": "http://du.ec2.nytimes.com.s3.amazonaws.com/prd/books/9781476757803.jpeg",
                "book_review_link": "",
                "contributor": "by Tony Robbins",
                "contributor_note": "",
                "dagger": 1,
                "description": "Seven steps aimed at finding financial security and creating an income for life.",
                "first_chapter_link": "",
                "isbns": [
                    {
                        "isbn10": "1476757801",
                        "isbn13": "9781476757803"
                    }
                ],
                "price": 0,
                "primary_isbn10": "1476757801",
                "primary_isbn13": "9781476757803",
                "publisher": "Simon & Schuster",
                "rank": 1,
                "rank_last_week": 0,
                "sunday_review_link": "",
                "title": "MONEY: MASTER THE GAME",
                "weeks_on_list": 2
            },
            {
                "age_group": "",
                "amazon_product_url": "http://www.amazon.com/Make-It-Ahead-Barefoot-Contessa/dp/0307464881?tag=thenewyorktim-20",
                "article_chapter_link": "",
                "asterisk": 0,
                "author": "Ina Garten",
                "book_image": "http://du.ec2.nytimes.com.s3.amazonaws.com/prd/books/9780307464880.jpeg",
                "book_review_link": "",
                "contributor": "by Ina Garten",
                "contributor_note": "",
                "dagger": 0,
                "description": "\u201cBarefoot Contessa\u201d recipes with instructions on preparing, assembling or cooking meals ahead of time.",
                "first_chapter_link": "",
                "isbns": [
                    {
                        "isbn10": "0307464881",
                        "isbn13": "9780307464880"
                    }
                ],
                "price": 0,
                "primary_isbn10": "0307464881",
                "primary_isbn13": "9780307464880",
                "publisher": "Clarkson Potter",
                "rank": 2,
                "rank_last_week": 0,
                "sunday_review_link": "",
                "title": "MAKE IT AHEAD!",
                "weeks_on_list": 5
            },
            {
                "age_group": "",
                "amazon_product_url": null,
                "article_chapter_link": "",
                "asterisk": 0,
                "author": "George R R Martin, Elio M Garc\u00eda Jr and Linda Antonsson",
                "book_image": "http://du.ec2.nytimes.com.s3.amazonaws.com/prd/books/9780553805444.jpeg",
                "book_review_link": "",
                "contributor": "by George R. R. Martin, Elio M. Garc\u00eda Jr. and Linda Antonsson",
                "contributor_note": "",
                "dagger": 0,
                "description": "The history of the Westeros and more about the world of \"Game of Thrones.\"",
                "first_chapter_link": "",
                "isbns": [
                    {
                        "isbn10": "0553805444",
                        "isbn13": "9780553805444"
                    }
                ],
                "price": 0,
                "primary_isbn10": "0553805444",
                "primary_isbn13": "9780553805444",
                "publisher": "Bantam",
                "rank": 3,
                "rank_last_week": 0,
                "sunday_review_link": "",
                "title": "THE WORLD OF ICE AND FIRE",
                "weeks_on_list": 5
            },
            {
                "age_group": "",
                "amazon_product_url": "http://www.amazon.com/Thug-Kitchen-Official-Cookbook-Like/dp/1623363586?tag=thenewyorktim-20",
                "article_chapter_link": "",
                "asterisk": 0,
                "author": "Thug Kitchen",
                "book_image": "http://du.ec2.nytimes.com.s3.amazonaws.com/prd/books/9781623363581.jpeg",
                "book_review_link": "",
                "contributor": "by Thug Kitchen",
                "contributor_note": "",
                "dagger": 1,
                "description": "Healthy recipes from the creators of the popular website.",
                "first_chapter_link": "",
                "isbns": [
                    {
                        "isbn10": "1623363586",
                        "isbn13": "9781623363581"
                    }
                ],
                "price": 0,
                "primary_isbn10": "1623363586",
                "primary_isbn13": "9781623363581",
                "publisher": "Rodale",
                "rank": 4,
                "rank_last_week": 0,
                "sunday_review_link": "",
                "title": "THUG KITCHEN",
                "weeks_on_list": 8
            },
            {
                "age_group": "",
                "amazon_product_url": "http://www.amazon.com/The-Life-Changing-Magic-Tidying-Decluttering/dp/1607747308?tag=thenewyorktim-20",
                "article_chapter_link": "",
                "asterisk": 0,
                "author": "Marie Kondo",
                "book_image": "http://du.ec2.nytimes.com.s3.amazonaws.com/prd/books/9781607747307.jpeg",
                "book_review_link": "",
                "contributor": "by Marie Kondo",
                "contributor_note": "",
                "dagger": 0,
                "description": "Decluttering with an unconventional method for discarding things all at once and organizing your space.",
                "first_chapter_link": "",
                "isbns": [
                    {
                        "isbn10": "1607747308",
                        "isbn13": "9781607747307"
                    },
                    {
                        "isbn10": "1607747316",
                        "isbn13": "9781607747314"
                    }
                ],
                "price": 0,
                "primary_isbn10": "1607747308",
                "primary_isbn13": "9781607747307",
                "publisher": "Ten Speed",
                "rank": 5,
                "rank_last_week": 0,
                "sunday_review_link": "",
                "title": "THE LIFE-CHANGING MAGIC OF TIDYING UP",
                "weeks_on_list": 5
            },
            {
                "age_group": "",
                "amazon_product_url": "http://www.amazon.com/Everything-Christmas-Learned-Little-Golden/dp/0553497359?tag=thenewyorktim-20",
                "article_chapter_link": "",
                "asterisk": 0,
                "author": "Diane Muldrow",
                "book_image": "http://du.ec2.nytimes.com.s3.amazonaws.com/prd/books/9780553497359.jpg",
                "book_review_link": "",
                "contributor": "by Diane Muldrow",
                "contributor_note": "",
                "dagger": 0,
                "description": "A guide to the holidays informed by the children's classics.",
                "first_chapter_link": "",
                "isbns": [
                    {
                        "isbn10": "0553497359",
                        "isbn13": "9780553497359"
                    }
                ],
                "price": 0,
                "primary_isbn10": "0553497359",
                "primary_isbn13": "9780553497359",
                "publisher": "Golden Books",
                "rank": 6,
                "rank_last_week": 0,
                "sunday_review_link": "",
                "title": "EVERYTHING I NEED TO KNOW ABOUT CHRISTMAS I LEARNED FROM A LITTLE GOLDEN BOOK",
                "weeks_on_list": 2
            },
            {
                "age_group": "",
                "amazon_product_url": "http://www.amazon.com/The-Love-Languages-Secret-Lasts/dp/0802473156?tag=thenewyorktim-20",
                "article_chapter_link": "",
                "asterisk": 0,
                "author": "Gary Chapman",
                "book_image": "http://du.ec2.nytimes.com.s3.amazonaws.com/prd/books/9780802473158.jpg",
                "book_review_link": "",
                "contributor": "by Gary Chapman",
                "contributor_note": "",
                "dagger": 0,
                "description": "How to communicate love in a way a spouse will understand \u2014 with quality time, affirmative words, gifts, acts of service, and physical touch.",
                "first_chapter_link": "",
                "isbns": [
                    {
                        "isbn10": "0802473156",
                        "isbn13": "9780802473158"
                    },
                    {
                        "isbn10": "1881273156",
                        "isbn13": "9781881273158"
                    },
                    {
                        "isbn10": "1594150818",
                        "isbn13": "9781594150814"
                    },
                    {
                        "isbn10": "1415857318",
                        "isbn13": "9781415857311"
                    },
                    {
                        "isbn10": "1575678853",
                        "isbn13": "9781575678856"
                    },
                    {
                        "isbn10": "0802473628",
                        "isbn13": "9780802473622"
                    },
                    {
                        "isbn10": "1589269071",
                        "isbn13": "9781589269071"
                    },
                    {
                        "isbn10": "1598595474",
                        "isbn13": "9781598595475"
                    },
                    {
                        "isbn10": "1881273105",
                        "isbn13": "9781881273103"
                    },
                    {
                        "isbn10": "1598590669",
                        "isbn13": "9781598590661"
                    }
                ],
                "price": 0,
                "primary_isbn10": "0802473156",
                "primary_isbn13": "9780802473158",
                "publisher": "Northfield",
                "rank": 7,
                "rank_last_week": 0,
                "sunday_review_link": "",
                "title": "THE FIVE LOVE LANGUAGES",
                "weeks_on_list": 85
            },
            {
                "age_group": "",
                "amazon_product_url": "http://www.amazon.com/What-I-Know-For-Sure/dp/1250054052?tag=thenewyorktim-20",
                "article_chapter_link": "",
                "asterisk": 0,
                "author": "Oprah Winfrey",
                "book_image": "http://du.ec2.nytimes.com.s3.amazonaws.com/prd/books/9781250054050.jpeg",
                "book_review_link": "",
                "contributor": "by Oprah Winfrey",
                "contributor_note": "",
                "dagger": 0,
                "description": "The media queen discusses the essential components of an authentic life; adapted from her column in O magazine.",
                "first_chapter_link": "",
                "isbns": [
                    {
                        "isbn10": "1250054052",
                        "isbn13": "9781250054050"
                    },
                    {
                        "isbn10": "1250054079",
                        "isbn13": "9781250054074"
                    },
                    {
                        "isbn10": "1427258260",
                        "isbn13": "9781427258267"
                    }
                ],
                "price": 0,
                "primary_isbn10": "1250054052",
                "primary_isbn13": "9781250054050",
                "publisher": "Flatiron",
                "rank": 8,
                "rank_last_week": 0,
                "sunday_review_link": "",
                "title": "WHAT I KNOW FOR SURE",
                "weeks_on_list": 9
            },
            {
                "age_group": "",
                "amazon_product_url": "http://www.amazon.com/Everything-Learned-Little-Golden-Random/dp/0307977617?tag=thenewyorktim-20",
                "article_chapter_link": "",
                "asterisk": 0,
                "author": "Diane Muldrow",
                "book_image": "http://du.ec2.nytimes.com.s3.amazonaws.com/prd/books/9780307977618.jpg",
                "book_review_link": "",
                "contributor": "by Diane Muldrow",
                "contributor_note": "",
                "dagger": 0,
                "description": "Tips from the children's classics.",
                "first_chapter_link": "",
                "isbns": [
                    {
                        "isbn10": "0307977617",
                        "isbn13": "9780307977618"
                    }
                ],
                "price": 0,
                "primary_isbn10": "0307977617",
                "primary_isbn13": "9780307977618",
                "publisher": "Golden Books",
                "rank": 9,
                "rank_last_week": 0,
                "sunday_review_link": "",
                "title": "EVERYTHING I NEED TO KNOW I LEARNED FROM A LITTLE GOLDEN BOOK",
                "weeks_on_list": 30
            },
            {
                "age_group": "",
                "amazon_product_url": "http://www.amazon.com/You-Can-Will-Undeniable-Qualities/dp/1455575712?tag=thenewyorktim-20",
                "article_chapter_link": "",
                "asterisk": 0,
                "author": "Joel Osteen",
                "book_image": "http://du.ec2.nytimes.com.s3.amazonaws.com/prd/books/9781455575718.jpeg",
                "book_review_link": "",
                "contributor": "by Joel Osteen",
                "contributor_note": "",
                "dagger": 0,
                "description": "Eight principles, including anticipating opportunity and serving others, for achieving your potential and success in your life.",
                "first_chapter_link": "",
                "isbns": [
                    {
                        "isbn10": "1455575712",
                        "isbn13": "9781455575718"
                    },
                    {
                        "isbn10": "1455530158",
                        "isbn13": "9781455530151"
                    }
                ],
                "price": 0,
                "primary_isbn10": "1455575712",
                "primary_isbn13": "9781455575718",
                "publisher": "FaithWords",
                "rank": 10,
                "rank_last_week": 0,
                "sunday_review_link": "",
                "title": "YOU CAN, YOU WILL",
                "weeks_on_list": 7
            },
            {
                "age_group": "",
                "amazon_product_url": "http://www.amazon.com/The-Motivation-Manifesto-Brendon-Burchard/dp/1401948073?tag=thenewyorktim-20",
                "article_chapter_link": "",
                "asterisk": 0,
                "author": "Brendon Burchard",
                "book_image": "http://du.ec2.nytimes.com.s3.amazonaws.com/prd/books/9781401948078.jpg",
                "book_review_link": "",
                "contributor": "by Brendon Burchard",
                "contributor_note": "",
                "dagger": 0,
                "description": "Individual freedom, from doubt, fear and distraction, as the way to finding personal meaning and power.",
                "first_chapter_link": "",
                "isbns": [
                    {
                        "isbn10": "1401948073",
                        "isbn13": "9781401948078"
                    }
                ],
                "price": 0,
                "primary_isbn10": "None",
                "primary_isbn13": "9781401948085",
                "publisher": "Hay House",
                "rank": 11,
                "rank_last_week": 0,
                "sunday_review_link": "",
                "title": "THE MOTIVATION MANIFESTO",
                "weeks_on_list": 0
            },
            {
                "age_group": "",
                "amazon_product_url": "http://www.amazon.com/The-Skinnytaste-Cookbook-Calories-Flavor/dp/0385345623?tag=thenewyorktim-20",
                "article_chapter_link": "",
                "asterisk": 0,
                "author": "Gina Homolka with Heather K Jones",
                "book_image": "http://du.ec2.nytimes.com.s3.amazonaws.com/prd/books/9780385345620.jpeg",
                "book_review_link": "",
                "contributor": "by Gina Homolka with Heather K. Jones",
                "contributor_note": "",
                "dagger": 0,
                "description": "Easy, low-calorie recipes made with readily available ingredients.",
                "first_chapter_link": "",
                "isbns": [
                    {
                        "isbn10": "0385345623",
                        "isbn13": "9780385345620"
                    }
                ],
                "price": 0,
                "primary_isbn10": "0385345623",
                "primary_isbn13": "9780385345620",
                "publisher": "Clarkson Potter",
                "rank": 12,
                "rank_last_week": 0,
                "sunday_review_link": "",
                "title": "THE SKINNYTASTE COOKBOOK",
                "weeks_on_list": 0
            },
            {
                "age_group": "",
                "amazon_product_url": "http://www.amazon.com/Zero-One-Notes-Startups-Future/dp/0804139296?tag=thenewyorktim-20",
                "article_chapter_link": "",
                "asterisk": 0,
                "author": "Peter Thiel with Blake Masters",
                "book_image": "http://du.ec2.nytimes.com.s3.amazonaws.com/prd/books/9780804139298.jpeg",
                "book_review_link": "",
                "contributor": "by Peter Thiel with Blake Masters",
                "contributor_note": "",
                "dagger": 0,
                "description": "A co-founder of PayPal on how to build companies that\u2028 create new things.",
                "first_chapter_link": "",
                "isbns": [
                    {
                        "isbn10": "0804139296",
                        "isbn13": "9780804139298"
                    },
                    {
                        "isbn10": "080413930X",
                        "isbn13": "9780804139304"
                    },
                    {
                        "isbn10": "0804165254",
                        "isbn13": "9780804165259"
                    }
                ],
                "price": 0,
                "primary_isbn10": "0804139296",
                "primary_isbn13": "9780804139298",
                "publisher": "Crown Business",
                "rank": 13,
                "rank_last_week": 0,
                "sunday_review_link": "",
                "title": "ZERO TO ONE",
                "weeks_on_list": 0
            },
            {
                "age_group": "",
                "amazon_product_url": "http://www.amazon.com/What-Expect-Youre-Expecting-Edition/dp/0761148574?tag=thenewyorktim-20",
                "article_chapter_link": "",
                "asterisk": 0,
                "author": "Heidi Murkoff and Sharon Mazel",
                "book_image": "http://du.ec2.nytimes.com.s3.amazonaws.com/prd/books/9780761148579.jpg",
                "book_review_link": "",
                "contributor": "by Heidi Murkoff and Sharon Mazel",
                "contributor_note": "",
                "dagger": 0,
                "description": "Advice for parents-to-be.",
                "first_chapter_link": "",
                "isbns": [
                    {
                        "isbn10": "0761148574",
                        "isbn13": "9780761148579"
                    },
                    {
                        "isbn10": "0761121323",
                        "isbn13": "9780761121329"
                    },
                    {
                        "isbn10": "076115079X",
                        "isbn13": "9780761150794"
                    }
                ],
                "price": 0,
                "primary_isbn10": "0761148574",
                "primary_isbn13": "9780761148579",
                "publisher": "Workman",
                "rank": 14,
                "rank_last_week": 0,
                "sunday_review_link": "",
                "title": "WHAT TO EXPECT WHEN YOU'RE EXPECTING",
                "weeks_on_list": 0
            },
            {
                "age_group": "",
                "amazon_product_url": "http://www.amazon.com/10-Day-Green-Smoothie-Cleanse-Pounds/dp/0982301820?tag=thenewyorktim-20",
                "article_chapter_link": "",
                "asterisk": 0,
                "author": "J J Smith",
                "book_image": "http://du.ec2.nytimes.com.s3.amazonaws.com/prd/books/9780982301821.jpg",
                "book_review_link": "",
                "contributor": "by J J Smith",
                "contributor_note": "",
                "dagger": 0,
                "description": "Beverages of combined leafy greens and fruits are the basis for a weight loss and health plan.",
                "first_chapter_link": "",
                "isbns": [
                    {
                        "isbn10": "0982301820",
                        "isbn13": "9780982301821"
                    },
                    {
                        "isbn10": "1501100114",
                        "isbn13": "9781501100116"
                    },
                    {
                        "isbn10": "1501100106",
                        "isbn13": "9781501100109"
                    }
                ],
                "price": 0,
                "primary_isbn10": "1501100114",
                "primary_isbn13": "9781501100116",
                "publisher": "Atria",
                "rank": 15,
                "rank_last_week": 0,
                "sunday_review_link": "",
                "title": "10-DAY GREEN SMOOTHIE CLEANSE",
                "weeks_on_list": 0
            },
            {
                "age_group": "",
                "amazon_product_url": "http://www.amazon.com/Plenty-More-Vibrant-Vegetable-Ottolenghi/dp/1607746212?tag=thenewyorktim-20",
                "article_chapter_link": "",
                "asterisk": 0,
                "author": "Yotam Ottolenghi",
                "book_image": "http://du.ec2.nytimes.com.s3.amazonaws.com/prd/books/9781607746218.jpeg",
                "book_review_link": "",
                "contributor": "by Yotam Ottolenghi",
                "contributor_note": "",
                "dagger": 0,
                "description": "Inventive ways to mix unexpected flavors and turn vegetables into the main course.",
                "first_chapter_link": "",
                "isbns": [
                    {
                        "isbn10": "1607746212",
                        "isbn13": "9781607746218"
                    },
                    {
                        "isbn10": "009195715X",
                        "isbn13": "9780091957155"
                    }
                ],
                "price": 0,
                "primary_isbn10": "1607746212",
                "primary_isbn13": "9781607746218",
                "publisher": "Ten Speed",
                "rank": 16,
                "rank_last_week": 0,
                "sunday_review_link": "",
                "title": "PLENTY MORE",
                "weeks_on_list": 0
            },
            {
                "age_group": "",
                "amazon_product_url": "http://www.amazon.com/The-Greatest-Gift-Unwrapping-Christmas/dp/1414387083?tag=thenewyorktim-20",
                "article_chapter_link": "",
                "asterisk": 0,
                "author": "Ann Voskamp",
                "book_image": "http://du.ec2.nytimes.com.s3.amazonaws.com/prd/books/9781414387086.jpg",
                "book_review_link": "",
                "contributor": "by Ann Voskamp",
                "contributor_note": "",
                "dagger": 0,
                "description": "A celebration of Christmas through the Advent tradition.",
                "first_chapter_link": "",
                "isbns": [
                    {
                        "isbn10": "1414387083",
                        "isbn13": "9781414387086"
                    },
                    {
                        "isbn10": "1414388527",
                        "isbn13": "9781414388526"
                    },
                    {
                        "isbn10": "1414387199",
                        "isbn13": "9781414387192"
                    },
                    {
                        "isbn10": "1414388519",
                        "isbn13": "9781414388519"
                    }
                ],
                "price": 0,
                "primary_isbn10": "1414387083",
                "primary_isbn13": "9781414387086",
                "publisher": "Tyndale House",
                "rank": 17,
                "rank_last_week": 0,
                "sunday_review_link": "",
                "title": "THE GREATEST GIFT",
                "weeks_on_list": 0
            },
            {
                "age_group": "",
                "amazon_product_url": "http://www.amazon.com/The-Grumpy-Guide-Life-Observations/dp/1452134235?tag=thenewyorktim-20",
                "article_chapter_link": "",
                "asterisk": 0,
                "author": "Grumpy Cat Staff",
                "book_image": "http://du.ec2.nytimes.com.s3.amazonaws.com/prd/books/9781452134239.jpeg",
                "book_review_link": "",
                "contributor": "by Grumpy Cat Staff",
                "contributor_note": "",
                "dagger": 0,
                "description": "More de-motivational messages from a notoriously grumpy cat.",
                "first_chapter_link": "",
                "isbns": [
                    {
                        "isbn10": "1452134235",
                        "isbn13": "9781452134239"
                    }
                ],
                "price": 0,
                "primary_isbn10": "1452134235",
                "primary_isbn13": "9781452134239",
                "publisher": "Chronicle",
                "rank": 18,
                "rank_last_week": 0,
                "sunday_review_link": "",
                "title": "THE GRUMPY GUIDE TO LIFE",
                "weeks_on_list": 0
            },
            {
                "age_group": "",
                "amazon_product_url": "http://www.amazon.com/How-Tell-Your-Plotting-Kill/dp/1449410243?tag=thenewyorktim-20",
                "article_chapter_link": "",
                "asterisk": 0,
                "author": "Matthew Inman",
                "book_image": "http://du.ec2.nytimes.com.s3.amazonaws.com/prd/books/9781449410247.jpg",
                "book_review_link": "",
                "contributor": "by Matthew Inman",
                "contributor_note": "",
                "dagger": 0,
                "description": "Cat comics, facts and instructional guides from the artist behind TheOatmeal.com.",
                "first_chapter_link": "",
                "isbns": [
                    {
                        "isbn10": "1449410243",
                        "isbn13": "9781449410247"
                    }
                ],
                "price": 0,
                "primary_isbn10": "1449410243",
                "primary_isbn13": "9781449410247",
                "publisher": "Andrews McMeel",
                "rank": 19,
                "rank_last_week": 0,
                "sunday_review_link": "",
                "title": "HOW TO TELL IF YOUR CAT IS PLOTTING TO KILL YOU",
                "weeks_on_list": 0
            },
            {
                "age_group": "",
                "amazon_product_url": "http://www.amazon.com/Go-F-Sleep-Adam-Mansbach/dp/1617750255?tag=thenewyorktim-20",
                "article_chapter_link": "",
                "asterisk": 0,
                "author": "Adam Mansbach",
                "book_image": "http://du.ec2.nytimes.com.s3.amazonaws.com/prd/books/9781617750250.jpg",
                "book_review_link": "",
                "contributor": "by Adam Mansbach. Illustrated by Ricardo Cort\u00e9s",
                "contributor_note": "Illustrated by Ricardo Cort\u00e9s  ",
                "dagger": 0,
                "description": "A children's book parody for tired parents.",
                "first_chapter_link": "",
                "isbns": [
                    {
                        "isbn10": "1617750255",
                        "isbn13": "9781617750250"
                    }
                ],
                "price": 0,
                "primary_isbn10": "1617750255",
                "primary_isbn13": "9781617750250",
                "publisher": "Akashic Books",
                "rank": 20,
                "rank_last_week": 0,
                "sunday_review_link": "",
                "title": "GO THE F**K TO SLEEP",
                "weeks_on_list": 0
            }
        ],
        "corrections": [],
        "display_name": "Advice, How-To & Miscellaneous",
        "list_name": "Advice How-To and Miscellaneous",
        "normal_list_ends_at": 10,
        "published_date": "2014-12-14",
        "updated": "WEEKLY"
    },
    "status": "OK"
}