{
    "copyright": "Copyright (c) 2014 The New York Times Company.  All Rights Reserved.",
    "last_modified": "2014-12-08T17:01:01-05:00",
    "num_results": 15,
    "results": {
        "bestsellers_date": "2014-11-29",
        "books": [
            {
                "age_group": "",
                "amazon_product_url": "http://www.amazon.com/How-Tell-Your-Plotting-Kill/dp/1449410243?tag=thenewyorktim-20",
                "article_chapter_link": "",
                "asterisk": 0,
                "author": "Matthew Inman",
                "book_image": "http://du.ec2.nytimes.com.s3.amazonaws.com/prd/books/9781449410247.jpg",
                "book_review_link": "",
                "contributor": "by Matthew Inman",
                "contributor_note": "",
                "dagger": 0,
                "description": "Cat comics, facts and instructional guides from the artist behind TheOatmeal.com.",
                "first_chapter_link": "",
                "isbns": [
                    {
                        "isbn10": "1449410243",
                        "isbn13": "9781449410247"
                    }
                ],
                "price": 0,
                "primary_isbn10": "1449410243",
                "primary_isbn13": "9781449410247",
                "publisher": "Andrews McMeel",
                "rank": 1,
                "rank_last_week": 0,
                "sunday_review_link": "",
                "title": "HOW TO TELL IF YOUR CAT IS PLOTTING TO KILL YOU",
                "weeks_on_list": 0
            },
            {
                "age_group": "",
                "amazon_product_url": "http://www.amazon.com/Good-Dog-True-Stories-Loyalty/dp/0062242350?tag=thenewyorktim-20",
                "article_chapter_link": "",
                "asterisk": 0,
                "author": "the editors of Garden and Gun Magazine",
                "book_image": "http://du.ec2.nytimes.com.s3.amazonaws.com/prd/books/9780062242358.jpg",
                "book_review_link": "",
                "contributor": "by the editors of Garden and Gun Magazine",
                "contributor_note": "",
                "dagger": 0,
                "description": "True tales from the \"Good Dog\" columns of \"Garden & Gun\" Magazine.",
                "first_chapter_link": "",
                "isbns": [
                    {
                        "isbn10": "0062242350",
                        "isbn13": "9780062242358"
                    }
                ],
                "price": 0,
                "primary_isbn10": "0062242350",
                "primary_isbn13": "9780062242358",
                "publisher": "HarperWave/HarperCollins",
                "rank": 2,
                "rank_last_week": 0,
                "sunday_review_link": "",
                "title": "GOOD DOG",
                "weeks_on_list": 0
            },
            {
                "age_group": "",
                "amazon_product_url": "http://www.amazon.com/The-Grumpy-Guide-Life-Observations/dp/1452134235?tag=thenewyorktim-20",
                "article_chapter_link": "",
                "asterisk": 0,
                "author": "Grumpy Cat Staff",
                "book_image": "http://du.ec2.nytimes.com.s3.amazonaws.com/prd/books/9781452134239.jpeg",
                "book_review_link": "",
                "contributor": "by Grumpy Cat Staff",
                "contributor_note": "",
                "dagger": 0,
                "description": "More de-motivational messages from a notoriously grumpy cat.",
                "first_chapter_link": "",
                "isbns": [
                    {
                        "isbn10": "1452134235",
                        "isbn13": "9781452134239"
                    }
                ],
                "price": 0,
                "primary_isbn10": "1452134235",
                "primary_isbn13": "9781452134239",
                "publisher": "Chronicle",
                "rank": 3,
                "rank_last_week": 0,
                "sunday_review_link": "",
                "title": "THE GRUMPY GUIDE TO LIFE",
                "weeks_on_list": 0
            },
            {
                "age_group": "",
                "amazon_product_url": "http://www.amazon.com/Could-Pee-This-Other-Poems/dp/1452110581?tag=thenewyorktim-20",
                "article_chapter_link": "",
                "asterisk": 0,
                "author": "Francesco Marciuliano",
                "book_image": "http://du.ec2.nytimes.com.s3.amazonaws.com/prd/books/9781452110585.jpg",
                "book_review_link": "",
                "contributor": "by Francesco Marciuliano",
                "contributor_note": "",
                "dagger": 0,
                "description": "In this book of tongue-in-cheek poetry, cats get help explaining their behavior.",
                "first_chapter_link": "",
                "isbns": [
                    {
                        "isbn10": "1452110581",
                        "isbn13": "9781452110585"
                    }
                ],
                "price": 0,
                "primary_isbn10": "1452110581",
                "primary_isbn13": "9781452110585",
                "publisher": "Chronicle",
                "rank": 4,
                "rank_last_week": 0,
                "sunday_review_link": "",
                "title": "I COULD PEE ON THIS",
                "weeks_on_list": 0
            },
            {
                "age_group": "",
                "amazon_product_url": "http://www.amazon.com/Top-Dog-Story-Marine-Lucca/dp/0525954368?tag=thenewyorktim-20",
                "article_chapter_link": "",
                "asterisk": 0,
                "author": "Maria Goodavage",
                "book_image": "http://du.ec2.nytimes.com.s3.amazonaws.com/prd/books/9780525954361.jpeg",
                "book_review_link": "",
                "contributor": "by Maria Goodavage",
                "contributor_note": "",
                "dagger": 0,
                "description": "The story of Lucca, a decorated military dog who worked in Iraq and Afghanistan alongside her human soldier handlers.",
                "first_chapter_link": "",
                "isbns": [
                    {
                        "isbn10": "0525954368",
                        "isbn13": "9780525954361"
                    }
                ],
                "price": 0,
                "primary_isbn10": "0525954368",
                "primary_isbn13": "9780525954361",
                "publisher": "Dutton",
                "rank": 5,
                "rank_last_week": 0,
                "sunday_review_link": "",
                "title": "TOP DOG",
                "weeks_on_list": 0
            },
            {
                "age_group": "",
                "amazon_product_url": "http://www.amazon.com/Underwater-Puppies-Seth-Casteel/dp/0316254894?tag=thenewyorktim-20",
                "article_chapter_link": "",
                "asterisk": 0,
                "author": "Seth Casteel",
                "book_image": "http://du.ec2.nytimes.com.s3.amazonaws.com/prd/books/9780316254892.jpeg",
                "book_review_link": "",
                "contributor": "by Seth Casteel",
                "contributor_note": "",
                "dagger": 0,
                "description": "More than 80 photographs of puppies under water; a sequel to \"Underwater Dogs.\"",
                "first_chapter_link": "",
                "isbns": [
                    {
                        "isbn10": "0316254894",
                        "isbn13": "9780316254892"
                    }
                ],
                "price": 0,
                "primary_isbn10": "0316254894",
                "primary_isbn13": "9780316254892",
                "publisher": "Little, Brown",
                "rank": 6,
                "rank_last_week": 0,
                "sunday_review_link": "",
                "title": "UNDERWATER PUPPIES",
                "weeks_on_list": 0
            },
            {
                "age_group": "",
                "amazon_product_url": "http://www.amazon.com/Really-Important-Stuff-Dog-Taught/dp/0761181792?tag=thenewyorktim-20",
                "article_chapter_link": "",
                "asterisk": 0,
                "author": "Cynthia L Copeland",
                "book_image": "http://du.ec2.nytimes.com.s3.amazonaws.com/prd/books/9780761181798.jpeg",
                "book_review_link": "",
                "contributor": "by Cynthia L. Copeland",
                "contributor_note": "",
                "dagger": 0,
                "description": "A photographic tribute to dogs in motion celebrates lessons of living in the present, such as play, sleep, and scratching where it itches.",
                "first_chapter_link": "",
                "isbns": [
                    {
                        "isbn10": "0761181792",
                        "isbn13": "9780761181798"
                    }
                ],
                "price": 0,
                "primary_isbn10": "0761181792",
                "primary_isbn13": "9780761181798",
                "publisher": "Workman",
                "rank": 7,
                "rank_last_week": 0,
                "sunday_review_link": "",
                "title": "REALLY IMPORTANT STUFF MY DOG HAS TAUGHT ME",
                "weeks_on_list": 0
            },
            {
                "age_group": "",
                "amazon_product_url": "http://www.amazon.com/Shake-Puppies-Carli-Davidson/dp/0062351729?tag=thenewyorktim-20",
                "article_chapter_link": "",
                "asterisk": 0,
                "author": "Carli Davidson",
                "book_image": "http://du.ec2.nytimes.com.s3.amazonaws.com/prd/books/9780062351722.jpeg",
                "book_review_link": "",
                "contributor": "by Carli Davidson",
                "contributor_note": "",
                "dagger": 0,
                "description": "Photographs of assorted breeds shaking themselves dry; accompanying text encourages responsible pet care and adoption.",
                "first_chapter_link": "",
                "isbns": [
                    {
                        "isbn10": "0062351729",
                        "isbn13": "9780062351722"
                    }
                ],
                "price": 0,
                "primary_isbn10": "0062351729",
                "primary_isbn13": "9780062351722",
                "publisher": "HarperDesign",
                "rank": 8,
                "rank_last_week": 0,
                "sunday_review_link": "",
                "title": "SHAKE PUPPIES",
                "weeks_on_list": 0
            },
            {
                "age_group": "",
                "amazon_product_url": "http://www.amazon.com/Street-Cat-Named-Bob-Saved-ebook/dp/B00B22ASUM?tag=thenewyorktim-20",
                "article_chapter_link": "",
                "asterisk": 0,
                "author": "James Bowen",
                "book_image": "http://du.ec2.nytimes.com.s3.amazonaws.com/prd/books/9781250029461.jpg",
                "book_review_link": "",
                "contributor": "by James Bowen",
                "contributor_note": "",
                "dagger": 0,
                "description": "A London busker befriends an injured cat, and the two become inseparable.",
                "first_chapter_link": "",
                "isbns": [
                    {
                        "isbn10": "1250029465",
                        "isbn13": "9781250029461"
                    },
                    {
                        "isbn10": "1250029473",
                        "isbn13": "9781250029478"
                    },
                    {
                        "isbn10": "1250048672",
                        "isbn13": "9781250048677"
                    }
                ],
                "price": 0,
                "primary_isbn10": "1250048672",
                "primary_isbn13": "9781250048677",
                "publisher": "Thomas Dunne/St. Martin's",
                "rank": 9,
                "rank_last_week": 0,
                "sunday_review_link": "",
                "title": "A STREET CAT NAMED BOB",
                "weeks_on_list": 0
            },
            {
                "age_group": "",
                "amazon_product_url": "http://www.amazon.com/Knead-My-Mommy-Other-Kittens/dp/1452132917?tag=thenewyorktim-20",
                "article_chapter_link": "",
                "asterisk": 0,
                "author": "Francesco Marciuliano",
                "book_image": "http://du.ec2.nytimes.com.s3.amazonaws.com/prd/books/9781452132914.jpg",
                "book_review_link": "",
                "contributor": "by Francesco Marciuliano",
                "contributor_note": "",
                "dagger": 0,
                "description": "More poetry in which cats are aided in explaining to humans the reasons for their mystifying ritual behavior; a sequel to \"I Could Pee on This.\"",
                "first_chapter_link": "",
                "isbns": [
                    {
                        "isbn10": "1452132917",
                        "isbn13": "9781452132914"
                    }
                ],
                "price": 0,
                "primary_isbn10": "1452132917",
                "primary_isbn13": "9781452132914",
                "publisher": "Chronicle Books",
                "rank": 10,
                "rank_last_week": 0,
                "sunday_review_link": "",
                "title": "I KNEAD MY MOMMY",
                "weeks_on_list": 0
            },
            {
                "age_group": "",
                "amazon_product_url": "http://www.amazon.com/Find-Momo-A-Photography-Book/dp/1594746788?tag=thenewyorktim-20",
                "article_chapter_link": "",
                "asterisk": 0,
                "author": "Andrew Knapp",
                "book_image": "http://du.ec2.nytimes.com.s3.amazonaws.com/prd/books/9781594746789.jpeg",
                "book_review_link": "",
                "contributor": "by Andrew Knapp",
                "contributor_note": "",
                "dagger": 0,
                "description": "The author invites readers of all ages to play hide and seek with him and his border collie.",
                "first_chapter_link": "",
                "isbns": [
                    {
                        "isbn10": "1594746788",
                        "isbn13": "9781594746789"
                    }
                ],
                "price": 0,
                "primary_isbn10": "1594746788",
                "primary_isbn13": "9781594746789",
                "publisher": "Quirk Books",
                "rank": 11,
                "rank_last_week": 0,
                "sunday_review_link": "",
                "title": "FIND MOMO",
                "weeks_on_list": 0
            },
            {
                "age_group": "",
                "amazon_product_url": "http://www.amazon.com/Underwater-Dogs-Seth-Casteel/dp/0316227706?tag=thenewyorktim-20",
                "article_chapter_link": "",
                "asterisk": 0,
                "author": "Seth Casteel",
                "book_image": "http://du.ec2.nytimes.com.s3.amazonaws.com/prd/books/9780316227704.jpg",
                "book_review_link": "",
                "contributor": "by Seth Casteel",
                "contributor_note": "",
                "dagger": 0,
                "description": "Portraits of dogs paddling, chasing and churning chaotically in swimming pools and ponds.",
                "first_chapter_link": "",
                "isbns": [
                    {
                        "isbn10": "0316227706",
                        "isbn13": "9780316227704"
                    },
                    {
                        "isbn10": "0316255580",
                        "isbn13": "9780316255585"
                    }
                ],
                "price": 0,
                "primary_isbn10": "0316227706",
                "primary_isbn13": "9780316227704",
                "publisher": "Little Brown",
                "rank": 12,
                "rank_last_week": 0,
                "sunday_review_link": "",
                "title": "UNDERWATER DOGS",
                "weeks_on_list": 0
            },
            {
                "age_group": "",
                "amazon_product_url": "http://www.amazon.com/Unlikely-Friendships-Remarkable-Stories-Kingdom/dp/0761159134?tag=thenewyorktim-20",
                "article_chapter_link": "",
                "asterisk": 0,
                "author": "Jennifer Holland",
                "book_image": "http://du.ec2.nytimes.com.s3.amazonaws.com/prd/books/9780761159131.jpg",
                "book_review_link": "",
                "contributor": "by Jennifer Holland",
                "contributor_note": "",
                "dagger": 0,
                "description": "Forty-seven remarkable stories from the animal kingdom.",
                "first_chapter_link": "",
                "isbns": [
                    {
                        "isbn10": "0761159134",
                        "isbn13": "9780761159131"
                    }
                ],
                "price": 0,
                "primary_isbn10": "0761159134",
                "primary_isbn13": "9780761159131",
                "publisher": "Workman",
                "rank": 13,
                "rank_last_week": 0,
                "sunday_review_link": "",
                "title": "UNLIKELY FRIENDSHIPS",
                "weeks_on_list": 0
            },
            {
                "age_group": "",
                "amazon_product_url": "http://www.amazon.com/Saving-Simon-Rescue-Meaning-Compassion/dp/0345531191?tag=thenewyorktim-20",
                "article_chapter_link": "",
                "asterisk": 0,
                "author": "Jon Katz",
                "book_image": "http://du.ec2.nytimes.com.s3.amazonaws.com/prd/books/9780345531193.jpeg",
                "book_review_link": "",
                "contributor": "by Jon Katz",
                "contributor_note": "",
                "dagger": 0,
                "description": "",
                "first_chapter_link": "",
                "isbns": [
                    {
                        "isbn10": "0345531191",
                        "isbn13": "9780345531193"
                    },
                    {
                        "isbn10": "0804177287",
                        "isbn13": "9780804177283"
                    },
                    {
                        "isbn10": "1410473058",
                        "isbn13": "9781410473059"
                    }
                ],
                "price": 0,
                "primary_isbn10": "0345531191",
                "primary_isbn13": "9780345531193",
                "publisher": "Thorndike",
                "rank": 14,
                "rank_last_week": 0,
                "sunday_review_link": "",
                "title": "SAVING SIMON",
                "weeks_on_list": 0
            },
            {
                "age_group": "",
                "amazon_product_url": "http://www.amazon.com/Unlikely-Loves-Heartwarming-Stories-Kingdom/dp/0761174427?tag=thenewyorktim-20",
                "article_chapter_link": "",
                "asterisk": 0,
                "author": "Jennifer Holland",
                "book_image": "http://du.ec2.nytimes.com.s3.amazonaws.com/prd/books/9780761174424.jpg",
                "book_review_link": "",
                "contributor": "by Jennifer Holland",
                "contributor_note": "",
                "dagger": 0,
                "description": "Stories of interspecies attachments.",
                "first_chapter_link": "",
                "isbns": [
                    {
                        "isbn10": "0761174427",
                        "isbn13": "9780761174424"
                    }
                ],
                "price": 0,
                "primary_isbn10": "0761174427",
                "primary_isbn13": "9780761174424",
                "publisher": "Workman",
                "rank": 15,
                "rank_last_week": 0,
                "sunday_review_link": "",
                "title": "UNLIKELY LOVES",
                "weeks_on_list": 0
            }
        ],
        "corrections": [],
        "display_name": "Animals",
        "list_name": "Animals",
        "normal_list_ends_at": 10,
        "published_date": "2014-12-14",
        "updated": "MONTHLY"
    },
    "status": "OK"
}