{
    "copyright": "Copyright (c) 2014 The New York Times Company.  All Rights Reserved.",
    "last_modified": "2014-12-08T17:00:57-05:00",
    "num_results": 10,
    "results": {
        "bestsellers_date": "2014-11-29",
        "books": [
            {
                "age_group": "",
                "amazon_product_url": "http://www.amazon.com/MONEY-Master-Game-Financial-Freedom/dp/1476757801?tag=thenewyorktim-20",
                "article_chapter_link": "",
                "asterisk": 0,
                "author": "Tony Robbins",
                "book_image": "http://du.ec2.nytimes.com.s3.amazonaws.com/prd/books/9781476757803.jpeg",
                "book_review_link": "",
                "contributor": "by Tony Robbins",
                "contributor_note": "",
                "dagger": 1,
                "description": "Seven steps aimed at finding financial security and creating an income for life.",
                "first_chapter_link": "",
                "isbns": [
                    {
                        "isbn10": "1476757801",
                        "isbn13": "9781476757803"
                    }
                ],
                "price": 0,
                "primary_isbn10": "1476757801",
                "primary_isbn13": "9781476757803",
                "publisher": "Simon & Schuster",
                "rank": 1,
                "rank_last_week": 0,
                "sunday_review_link": "",
                "title": "MONEY: MASTER THE GAME",
                "weeks_on_list": 0
            },
            {
                "age_group": "",
                "amazon_product_url": "http://www.amazon.com/The-Innovators-Hackers-Geniuses-Revolution-ebook/dp/B00JGAS65Q?tag=thenewyorktim-20",
                "article_chapter_link": "",
                "asterisk": 0,
                "author": "Walter Isaacson",
                "book_image": "http://du.ec2.nytimes.com.s3.amazonaws.com/prd/books/9781476708713.jpeg",
                "book_review_link": "",
                "contributor": "by Walter Isaacson",
                "contributor_note": "",
                "dagger": 0,
                "description": "Studies of the people who created computers and the Internet, beginning in the 1840s.\n",
                "first_chapter_link": "",
                "isbns": [
                    {
                        "isbn10": "147670869X",
                        "isbn13": "9781476708690"
                    },
                    {
                        "isbn10": "1476708711",
                        "isbn13": "9781476708713"
                    },
                    {
                        "isbn10": "1442376228",
                        "isbn13": "9781442376229"
                    }
                ],
                "price": 0,
                "primary_isbn10": "147670869X",
                "primary_isbn13": "9781476708690",
                "publisher": "Simon & Schuster",
                "rank": 2,
                "rank_last_week": 0,
                "sunday_review_link": "",
                "title": "THE INNOVATORS",
                "weeks_on_list": 0
            },
            {
                "age_group": "",
                "amazon_product_url": "http://www.amazon.com/Zero-One-Notes-Startups-Future/dp/0804139296?tag=thenewyorktim-20",
                "article_chapter_link": "",
                "asterisk": 0,
                "author": "Peter Thiel with Blake Masters",
                "book_image": "http://du.ec2.nytimes.com.s3.amazonaws.com/prd/books/9780804139298.jpeg",
                "book_review_link": "",
                "contributor": "by Peter Thiel with Blake Masters",
                "contributor_note": "",
                "dagger": 1,
                "description": "A co-founder of PayPal on how to build companies that\u2028 create new things.",
                "first_chapter_link": "",
                "isbns": [
                    {
                        "isbn10": "0804139296",
                        "isbn13": "9780804139298"
                    },
                    {
                        "isbn10": "080413930X",
                        "isbn13": "9780804139304"
                    },
                    {
                        "isbn10": "0804165254",
                        "isbn13": "9780804165259"
                    }
                ],
                "price": 0,
                "primary_isbn10": "0804139296",
                "primary_isbn13": "9780804139298",
                "publisher": "Crown Business",
                "rank": 3,
                "rank_last_week": 0,
                "sunday_review_link": "",
                "title": "ZERO TO ONE",
                "weeks_on_list": 0
            },
            {
                "age_group": "",
                "amazon_product_url": "http://www.amazon.com/Thinking-Fast-Slow-Daniel-Kahneman-ebook/dp/B00555X8OA?tag=thenewyorktim-20",
                "article_chapter_link": "",
                "asterisk": 0,
                "author": "Daniel Kahneman",
                "book_image": "http://du.ec2.nytimes.com.s3.amazonaws.com/prd/books/9781429969352.jpg",
                "book_review_link": "",
                "contributor": "by Daniel Kahneman",
                "contributor_note": "",
                "dagger": 0,
                "description": "The winner of the Nobel in economic science discusses how we make choices in business and personal life.",
                "first_chapter_link": "",
                "isbns": [
                    {
                        "isbn10": "0374275637",
                        "isbn13": "9780374275631"
                    },
                    {
                        "isbn10": "0739357980",
                        "isbn13": "9780739357989"
                    },
                    {
                        "isbn10": "0374533555",
                        "isbn13": "9780374533557"
                    }
                ],
                "price": 0,
                "primary_isbn10": "None",
                "primary_isbn13": "9781429969352",
                "publisher": "Farrar, Straus & Giroux",
                "rank": 4,
                "rank_last_week": 0,
                "sunday_review_link": "",
                "title": "THINKING, FAST AND SLOW",
                "weeks_on_list": 0
            },
            {
                "age_group": "",
                "amazon_product_url": "http://www.amazon.com/The-Power-Habit-What-Business/dp/081298160X?tag=thenewyorktim-20",
                "article_chapter_link": "",
                "asterisk": 0,
                "author": "Charles Duhigg",
                "book_image": "http://du.ec2.nytimes.com.s3.amazonaws.com/prd/books/9780812981605.jpg",
                "book_review_link": "",
                "contributor": "by Charles Duhigg",
                "contributor_note": "",
                "dagger": 0,
                "description": "A Times reporter\u2019s account of the science behind how we form, and break, habits.",
                "first_chapter_link": "",
                "isbns": [
                    {
                        "isbn10": "1400069289",
                        "isbn13": "9781400069286"
                    },
                    {
                        "isbn10": "0679603859",
                        "isbn13": "9780679603856"
                    },
                    {
                        "isbn10": "030796664X",
                        "isbn13": "9780307966643"
                    },
                    {
                        "isbn10": "1847946240",
                        "isbn13": "9781847946249"
                    },
                    {
                        "isbn10": "081298160X",
                        "isbn13": "9780812981605"
                    }
                ],
                "price": 0,
                "primary_isbn10": "081298160X",
                "primary_isbn13": "9780812981605",
                "publisher": "Random House",
                "rank": 5,
                "rank_last_week": 0,
                "sunday_review_link": "",
                "title": "THE POWER OF HABIT",
                "weeks_on_list": 0
            },
            {
                "age_group": "",
                "amazon_product_url": "http://www.amazon.com/Outliers-Story-Success-Malcolm-Gladwell/dp/0316017930?tag=thenewyorktim-20",
                "article_chapter_link": "",
                "asterisk": 0,
                "author": "Malcolm Gladwell",
                "book_image": "http://du.ec2.nytimes.com.s3.amazonaws.com/prd/books/9780316017930.jpg",
                "book_review_link": "",
                "contributor": "by Malcolm Gladwell",
                "contributor_note": "",
                "dagger": 0,
                "description": "Why some people succeed \u2014 it has to do with luck and opportunities as well as talent.",
                "first_chapter_link": "",
                "isbns": [
                    {
                        "isbn10": "0316017922",
                        "isbn13": "9780316017923"
                    },
                    {
                        "isbn10": "0316040347",
                        "isbn13": "9780316040341"
                    },
                    {
                        "isbn10": "0316017930",
                        "isbn13": "9780316017930"
                    },
                    {
                        "isbn10": "1600243916",
                        "isbn13": "9781600243912"
                    }
                ],
                "price": 0,
                "primary_isbn10": "0316017930",
                "primary_isbn13": "9780316017930",
                "publisher": "Back Bay/Little, Brown",
                "rank": 6,
                "rank_last_week": 0,
                "sunday_review_link": "",
                "title": "OUTLIERS",
                "weeks_on_list": 0
            },
            {
                "age_group": "",
                "amazon_product_url": "http://www.amazon.com/How-We-Got-Now-Innovations/dp/1594632960?tag=thenewyorktim-20",
                "article_chapter_link": "",
                "asterisk": 0,
                "author": "Steven Johnson",
                "book_image": "http://du.ec2.nytimes.com.s3.amazonaws.com/prd/books/9780698154506.jpeg",
                "book_review_link": "",
                "contributor": "by Steven Johnson",
                "contributor_note": "",
                "dagger": 0,
                "description": "A history of innovation focused on the development of six key technologies of modern life.\n",
                "first_chapter_link": "",
                "isbns": [
                    {
                        "isbn10": "1594632960",
                        "isbn13": "9781594632969"
                    },
                    {
                        "isbn10": "161176338X",
                        "isbn13": "9781611763386"
                    }
                ],
                "price": 0,
                "primary_isbn10": "1594632960",
                "primary_isbn13": "9781594632969",
                "publisher": "Riverhead",
                "rank": 7,
                "rank_last_week": 0,
                "sunday_review_link": "",
                "title": "HOW WE GOT TO NOW",
                "weeks_on_list": 0
            },
            {
                "age_group": "",
                "amazon_product_url": "http://www.amazon.com/How-Google-Works-Eric-Schmidt/dp/1478983523?tag=thenewyorktim-20",
                "article_chapter_link": "",
                "asterisk": 0,
                "author": "Eric Schmidt and Jonathan Rosenberg",
                "book_image": "http://du.ec2.nytimes.com.s3.amazonaws.com/prd/books/9781455582341.jpg",
                "book_review_link": "",
                "contributor": "by Eric Schmidt and Jonathan Rosenberg",
                "contributor_note": "",
                "dagger": 0,
                "description": "Schmidt, Google's executive chairman, and Rosenberg, a former senior vice president, discuss corporate culture, strategy and innovation.",
                "first_chapter_link": "",
                "isbns": [
                    {
                        "isbn10": "1455582344",
                        "isbn13": "9781455582341"
                    },
                    {
                        "isbn10": "1478983523",
                        "isbn13": "9781478983521"
                    }
                ],
                "price": 0,
                "primary_isbn10": "1455582344",
                "primary_isbn13": "9781455582341",
                "publisher": "Grand Central",
                "rank": 8,
                "rank_last_week": 0,
                "sunday_review_link": "",
                "title": "HOW GOOGLE WORKS",
                "weeks_on_list": 0
            },
            {
                "age_group": "",
                "amazon_product_url": "http://www.amazon.com/This-Changes-Everything-Capitalism-Climate-ebook/dp/B00JHIDON6?tag=thenewyorktim-20",
                "article_chapter_link": "",
                "asterisk": 0,
                "author": "Naomi Klein",
                "book_image": "http://du.ec2.nytimes.com.s3.amazonaws.com/prd/books/9781451697407.png",
                "book_review_link": "",
                "contributor": "by Naomi Klein",
                "contributor_note": "",
                "dagger": 0,
                "description": "The author of \u201cThe Shock Doctrine\u201d argues that the free market created and is worsening the climate crisis.",
                "first_chapter_link": "",
                "isbns": [
                    {
                        "isbn10": "1451697384",
                        "isbn13": "9781451697384"
                    },
                    {
                        "isbn10": "1442372915",
                        "isbn13": "9781442372917"
                    }
                ],
                "price": 0,
                "primary_isbn10": "1451697384",
                "primary_isbn13": "9781451697384",
                "publisher": "Simon & Schuster",
                "rank": 9,
                "rank_last_week": 0,
                "sunday_review_link": "",
                "title": "THIS CHANGES EVERYTHING",
                "weeks_on_list": 0
            },
            {
                "age_group": "",
                "amazon_product_url": "http://www.amazon.com/Lean-In-Women-Work-Will-ebook/dp/B009LMTDL0?tag=thenewyorktim-20",
                "article_chapter_link": "",
                "asterisk": 0,
                "author": "Sheryl Sandberg with Nell Scovell",
                "book_image": "http://du.ec2.nytimes.com.s3.amazonaws.com/prd/books/9780385349956.jpg",
                "book_review_link": "",
                "contributor": "by Sheryl Sandberg with Nell Scovell",
                "contributor_note": "",
                "dagger": 0,
                "description": "The chief operating officer of Facebook urges women to pursue their careers without ambivalence.",
                "first_chapter_link": "",
                "isbns": [
                    {
                        "isbn10": "0385349947",
                        "isbn13": "9780385349949"
                    },
                    {
                        "isbn10": "0385394233",
                        "isbn13": "9780385394239"
                    },
                    {
                        "isbn10": "0553544470",
                        "isbn13": "9780553544473"
                    }
                ],
                "price": 0,
                "primary_isbn10": "0385349947",
                "primary_isbn13": "9780385349949",
                "publisher": "Knopf",
                "rank": 10,
                "rank_last_week": 0,
                "sunday_review_link": "",
                "title": "LEAN IN",
                "weeks_on_list": 0
            }
        ],
        "corrections": [],
        "display_name": "Business Books",
        "list_name": "Business Books",
        "normal_list_ends_at": 10,
        "published_date": "2014-12-14",
        "updated": "MONTHLY"
    },
    "status": "OK"
}