{
    "copyright": "Copyright (c) 2014 The New York Times Company.  All Rights Reserved.",
    "last_modified": "2014-12-08T17:00:59-05:00",
    "num_results": 15,
    "results": {
        "bestsellers_date": "2014-11-29",
        "books": [
            {
                "age_group": "",
                "amazon_product_url": "http://www.amazon.com/Yes-Please-Amy-Poehler/dp/0062268341?tag=thenewyorktim-20",
                "article_chapter_link": "",
                "asterisk": 0,
                "author": "Amy Poehler",
                "book_image": "http://du.ec2.nytimes.com.s3.amazonaws.com/prd/books/9780062268341.jpeg",
                "book_review_link": "",
                "contributor": "by Amy Poehler",
                "contributor_note": "",
                "dagger": 0,
                "description": "A humorous miscellany from the comedian and actress, an \u201cS.N.L.\u201d alumna and the star of \u201cParks and Recreation.\u201d",
                "first_chapter_link": "",
                "isbns": [
                    {
                        "isbn10": "0062268341",
                        "isbn13": "9780062268341"
                    },
                    {
                        "isbn10": "0062268376",
                        "isbn13": "9780062268372"
                    },
                    {
                        "isbn10": "0062350889",
                        "isbn13": "9780062350886"
                    }
                ],
                "price": 0,
                "primary_isbn10": "0062268341",
                "primary_isbn13": "9780062268341",
                "publisher": "Dey St./Morrow",
                "rank": 1,
                "rank_last_week": 0,
                "sunday_review_link": "",
                "title": "YES PLEASE",
                "weeks_on_list": 0
            },
            {
                "age_group": "",
                "amazon_product_url": "http://www.amazon.com/The-Andy-Cohen-Diaries-Shallow-ebook/dp/B00K9NWRFE?tag=thenewyorktim-20",
                "article_chapter_link": "",
                "asterisk": 0,
                "author": "Andy Cohen",
                "book_image": "http://du.ec2.nytimes.com.s3.amazonaws.com/prd/books/9781627792295.jpeg",
                "book_review_link": "",
                "contributor": "by Andy Cohen",
                "contributor_note": "",
                "dagger": 0,
                "description": "One year in the (social) life of the TV producer and host of \u201cWatch What Happens Live.\u201d",
                "first_chapter_link": "",
                "isbns": [
                    {
                        "isbn10": "1627792287",
                        "isbn13": "9781627792288"
                    },
                    {
                        "isbn10": "1627792295",
                        "isbn13": "9781627792295"
                    },
                    {
                        "isbn10": "1427259313",
                        "isbn13": "9781427259318"
                    }
                ],
                "price": 0,
                "primary_isbn10": "1627792295",
                "primary_isbn13": "9781627792295",
                "publisher": "Holt",
                "rank": 2,
                "rank_last_week": 0,
                "sunday_review_link": "",
                "title": "THE ANDY COHEN DIARIES",
                "weeks_on_list": 0
            },
            {
                "age_group": "",
                "amazon_product_url": "http://www.amazon.com/Not-That-Kind-Girl-Learned/dp/081299499X?tag=thenewyorktim-20",
                "article_chapter_link": "",
                "asterisk": 0,
                "author": "Lena Dunham",
                "book_image": "http://du.ec2.nytimes.com.s3.amazonaws.com/prd/books/9780812995008.jpeg",
                "book_review_link": "",
                "contributor": "by Lena Dunham",
                "contributor_note": "",
                "dagger": 0,
                "description": "Essays from the creator and star of \u201cGirls.\u201d",
                "first_chapter_link": "",
                "isbns": [
                    {
                        "isbn10": "081299499X",
                        "isbn13": "9780812994995"
                    },
                    {
                        "isbn10": "080412731X",
                        "isbn13": "9780804127318"
                    }
                ],
                "price": 0,
                "primary_isbn10": "081299499X",
                "primary_isbn13": "9780812994995",
                "publisher": "Random House",
                "rank": 3,
                "rank_last_week": 0,
                "sunday_review_link": "",
                "title": "NOT THAT KIND OF GIRL",
                "weeks_on_list": 0
            },
            {
                "age_group": "",
                "amazon_product_url": "http://www.amazon.com/Jeter-Unfiltered-Derek/dp/1476783667?tag=thenewyorktim-20",
                "article_chapter_link": "",
                "asterisk": 0,
                "author": "Derek Jeter with Anthony Bozza",
                "book_image": "http://du.ec2.nytimes.com.s3.amazonaws.com/prd/books/9781476783666.jpeg",
                "book_review_link": "",
                "contributor": "by Derek Jeter with Anthony Bozza",
                "contributor_note": "",
                "dagger": 0,
                "description": "The Yankee shortstop and team captain looks back over his career, with photographs from his recently concluded final season, as well as older ones.",
                "first_chapter_link": "",
                "isbns": [
                    {
                        "isbn10": "1476783667",
                        "isbn13": "9781476783666"
                    }
                ],
                "price": 0,
                "primary_isbn10": "1476783667",
                "primary_isbn13": "9781476783666",
                "publisher": "Jeter Publishing/Gallery Books",
                "rank": 4,
                "rank_last_week": 0,
                "sunday_review_link": "",
                "title": "JETER UNFILTERED",
                "weeks_on_list": 0
            },
            {
                "age_group": "",
                "amazon_product_url": "http://www.amazon.com/There-Was-Little-Girl-Mother-ebook/dp/B00KWG5W0K?tag=thenewyorktim-20",
                "article_chapter_link": "",
                "asterisk": 0,
                "author": "Brooke Shields",
                "book_image": "http://du.ec2.nytimes.com.s3.amazonaws.com/prd/books/9780698186231.jpeg",
                "book_review_link": "",
                "contributor": "by Brooke Shields",
                "contributor_note": "",
                "dagger": 0,
                "description": "A memoir of the actress\u2019s life and her complicated relationship with her ambitious, difficult mother.",
                "first_chapter_link": "",
                "isbns": [
                    {
                        "isbn10": "0525954848",
                        "isbn13": "9780525954842"
                    },
                    {
                        "isbn10": "1611763851",
                        "isbn13": "9781611763850"
                    }
                ],
                "price": 0,
                "primary_isbn10": "",
                "primary_isbn13": "9780698186231",
                "publisher": "Dutton",
                "rank": 5,
                "rank_last_week": 0,
                "sunday_review_link": "",
                "title": "THERE WAS A LITTLE GIRL",
                "weeks_on_list": 0
            },
            {
                "age_group": "",
                "amazon_product_url": "http://www.amazon.com/True-Love-Jennifer-Lopez-ebook/dp/B00KWFZ7GA?tag=thenewyorktim-20",
                "article_chapter_link": "",
                "asterisk": 0,
                "author": "Jennifer Lopez",
                "book_image": "http://du.ec2.nytimes.com.s3.amazonaws.com/prd/books/9780698148369.jpeg",
                "book_review_link": "",
                "contributor": "by Jennifer Lopez",
                "contributor_note": "",
                "dagger": 0,
                "description": "The entertainer describes what she learned in the two-year period following her divorce.",
                "first_chapter_link": "",
                "isbns": [
                    {
                        "isbn10": "0451468686",
                        "isbn13": "9780451468680"
                    }
                ],
                "price": 0,
                "primary_isbn10": "0451468686",
                "primary_isbn13": "9780451468680",
                "publisher": "Celebra",
                "rank": 6,
                "rank_last_week": 0,
                "sunday_review_link": "",
                "title": "TRUE LOVE",
                "weeks_on_list": 0
            },
            {
                "age_group": "",
                "amazon_product_url": "http://www.amazon.com/So-Anyway-John-Cleese-ebook/dp/B00KAFVNY2?tag=thenewyorktim-20",
                "article_chapter_link": "",
                "asterisk": 0,
                "author": "John Cleese",
                "book_image": "http://du.ec2.nytimes.com.s3.amazonaws.com/prd/books/9780385348256.jpeg",
                "book_review_link": "",
                "contributor": "by John Cleese",
                "contributor_note": "",
                "dagger": 0,
                "description": "A memoir by the comedian, actor and writer, a former Python.",
                "first_chapter_link": "",
                "isbns": [
                    {
                        "isbn10": "038534824X",
                        "isbn13": "9780385348249"
                    }
                ],
                "price": 0,
                "primary_isbn10": "038534824X",
                "primary_isbn13": "9780385348249",
                "publisher": "Crown Archetype",
                "rank": 7,
                "rank_last_week": 0,
                "sunday_review_link": "",
                "title": "SO, ANYWAY...,",
                "weeks_on_list": 0
            },
            {
                "age_group": "",
                "amazon_product_url": "http://www.amazon.com/Neil-Patrick-Harris-Choose-Autobiography/dp/0385346999?tag=thenewyorktim-20",
                "article_chapter_link": "",
                "asterisk": 0,
                "author": "Neil Patrick Harris with David Javerbaum",
                "book_image": "http://du.ec2.nytimes.com.s3.amazonaws.com/prd/books/9780385347006.jpeg",
                "book_review_link": "",
                "contributor": "by Neil Patrick Harris with David Javerbaum",
                "contributor_note": "",
                "dagger": 0,
                "description": "The actor\u2019s life story is structured as a Choose Your Own Adventure book.",
                "first_chapter_link": "",
                "isbns": [
                    {
                        "isbn10": "0385346999",
                        "isbn13": "9780385346993"
                    },
                    {
                        "isbn10": "0385347006",
                        "isbn13": "9780385347006"
                    }
                ],
                "price": 0,
                "primary_isbn10": "0385346999",
                "primary_isbn13": "9780385346993",
                "publisher": "Crown Archetype",
                "rank": 8,
                "rank_last_week": 0,
                "sunday_review_link": "",
                "title": "NEIL PATRICK HARRIS: CHOOSE YOUR OWN AUTOBIOGRAPHY",
                "weeks_on_list": 0
            },
            {
                "age_group": "",
                "amazon_product_url": "http://www.amazon.com/The-Art-Asking-Learned-Worrying/dp/1455581089?tag=thenewyorktim-20",
                "article_chapter_link": "",
                "asterisk": 0,
                "author": "Amanda Palmer",
                "book_image": "http://du.ec2.nytimes.com.s3.amazonaws.com/prd/books/9781455533770.jpg",
                "book_review_link": "",
                "contributor": "by Amanda Palmer",
                "contributor_note": "",
                "dagger": 0,
                "description": "An expansion of a popular TED talk by the singer and blogger about the value of art and of pursuing dreams",
                "first_chapter_link": "",
                "isbns": [
                    {
                        "isbn10": "1455533777",
                        "isbn13": "9781455533770"
                    },
                    {
                        "isbn10": "1455581089",
                        "isbn13": "9781455581085"
                    },
                    {
                        "isbn10": "1455581070",
                        "isbn13": "9781455581078"
                    },
                    {
                        "isbn10": "1478982888",
                        "isbn13": "9781478982883"
                    }
                ],
                "price": 0,
                "primary_isbn10": "1455581089",
                "primary_isbn13": "9781455581085",
                "publisher": "Grand Central",
                "rank": 9,
                "rank_last_week": 0,
                "sunday_review_link": "",
                "title": "THE ART OF ASKING",
                "weeks_on_list": 0
            },
            {
                "age_group": "",
                "amazon_product_url": "http://www.amazon.com/The-Woman-I-Wanted-Be/dp/1451651546?tag=thenewyorktim-20",
                "article_chapter_link": "",
                "asterisk": 0,
                "author": "Diane Von Furstenberg",
                "book_image": "http://du.ec2.nytimes.com.s3.amazonaws.com/prd/books/9781451651546.jpg",
                "book_review_link": "",
                "contributor": "by Diane Von Furstenberg",
                "contributor_note": "",
                "dagger": 0,
                "description": "The memoir of the princess and fashion designer.",
                "first_chapter_link": "",
                "isbns": [
                    {
                        "isbn10": "1451651546",
                        "isbn13": "9781451651546"
                    }
                ],
                "price": 0,
                "primary_isbn10": "1451651546",
                "primary_isbn13": "9781451651546",
                "publisher": "Simon & Schuster",
                "rank": 10,
                "rank_last_week": 0,
                "sunday_review_link": "",
                "title": "THE WOMAN I WANTED TO BE",
                "weeks_on_list": 0
            },
            {
                "age_group": "",
                "amazon_product_url": "http://www.amazon.com/Everyone-Hanging-Without-Other-Concerns-ebook/dp/B004JN1D3M?tag=thenewyorktim-20",
                "article_chapter_link": "",
                "asterisk": 0,
                "author": "Mindy Kaling",
                "book_image": "http://du.ec2.nytimes.com.s3.amazonaws.com/prd/books/9780307886286.jpg",
                "book_review_link": "",
                "contributor": "by Mindy Kaling",
                "contributor_note": "",
                "dagger": 0,
                "description": "Observations from the comedy writer and actress.",
                "first_chapter_link": "",
                "isbns": [
                    {
                        "isbn10": "0307886263",
                        "isbn13": "9780307886262"
                    },
                    {
                        "isbn10": "030788628X",
                        "isbn13": "9780307886286"
                    },
                    {
                        "isbn10": "0307886271",
                        "isbn13": "9780307886279"
                    }
                ],
                "price": 0,
                "primary_isbn10": "0307886271",
                "primary_isbn13": "9780307886279",
                "publisher": "Three Rivers",
                "rank": 11,
                "rank_last_week": 0,
                "sunday_review_link": "",
                "title": "IS EVERYONE HANGING OUT WITHOUT ME?",
                "weeks_on_list": 0
            },
            {
                "age_group": "",
                "amazon_product_url": "http://www.amazon.com/Watch-Me-Memoir-Anjelica-Huston-ebook/dp/B00IWTWO46?tag=thenewyorktim-20",
                "article_chapter_link": "",
                "asterisk": 0,
                "author": "Anjelica Huston",
                "book_image": "http://du.ec2.nytimes.com.s3.amazonaws.com/prd/books/9781476760353.jpeg",
                "book_review_link": "",
                "contributor": "by Anjelica Huston",
                "contributor_note": "",
                "dagger": 0,
                "description": "A memoir from the actor and film director.",
                "first_chapter_link": "",
                "isbns": [
                    {
                        "isbn10": "1476760349",
                        "isbn13": "9781476760346"
                    },
                    {
                        "isbn10": "1442372702",
                        "isbn13": "9781442372702"
                    }
                ],
                "price": 0,
                "primary_isbn10": "1476760349",
                "primary_isbn13": "9781476760346",
                "publisher": "Scribner",
                "rank": 12,
                "rank_last_week": 0,
                "sunday_review_link": "",
                "title": "WATCH ME",
                "weeks_on_list": 0
            },
            {
                "age_group": "",
                "amazon_product_url": "http://www.amazon.com/Jacqueline-Bouvier-Kennedy-Onassis-Untold-ebook/dp/B00JI0RS12?tag=thenewyorktim-20",
                "article_chapter_link": "",
                "asterisk": 0,
                "author": "Barbara Leaming",
                "book_image": "http://du.ec2.nytimes.com.s3.amazonaws.com/prd/books/9781250017635.jpeg",
                "book_review_link": "",
                "contributor": "by Barbara Leaming",
                "contributor_note": "",
                "dagger": 0,
                "description": "The former first lady\u2019s struggles after John Kennedy\u2019s assassination.",
                "first_chapter_link": "",
                "isbns": [
                    {
                        "isbn10": "1250017645",
                        "isbn13": "9781250017642"
                    },
                    {
                        "isbn10": "1250017637",
                        "isbn13": "9781250017635"
                    },
                    {
                        "isbn10": "1427252327",
                        "isbn13": "9781427252326"
                    }
                ],
                "price": 0,
                "primary_isbn10": "1250017645",
                "primary_isbn13": "9781250017642",
                "publisher": "Thomas Dunne/St. Martin's",
                "rank": 13,
                "rank_last_week": 0,
                "sunday_review_link": "",
                "title": "JACQUELINE BOUVIER KENNEDY ONASSIS",
                "weeks_on_list": 0
            },
            {
                "age_group": "",
                "amazon_product_url": "http://www.amazon.com/Jerry-Lee-Lewis-His-Story/dp/0062078224?tag=thenewyorktim-20",
                "article_chapter_link": "",
                "asterisk": 0,
                "author": "Rick Bragg",
                "book_image": "http://du.ec2.nytimes.com.s3.amazonaws.com/prd/books/9780062078223.jpg",
                "book_review_link": "",
                "contributor": "by Rick Bragg",
                "contributor_note": "",
                "dagger": 0,
                "description": "A biography of the hard-living rock \u2019n\u2019 roll legend.",
                "first_chapter_link": "",
                "isbns": [
                    {
                        "isbn10": "0062078224",
                        "isbn13": "9780062078223"
                    },
                    {
                        "isbn10": "0062326686",
                        "isbn13": "9780062326683"
                    }
                ],
                "price": 0,
                "primary_isbn10": "0062078224",
                "primary_isbn13": "9780062078223",
                "publisher": "Harper",
                "rank": 14,
                "rank_last_week": 0,
                "sunday_review_link": "",
                "title": "JERRY LEE LEWIS",
                "weeks_on_list": 0
            },
            {
                "age_group": "",
                "amazon_product_url": "http://www.amazon.com/The-Universal-Tone-Bringing-Story/dp/0316244929?tag=thenewyorktim-20",
                "article_chapter_link": "",
                "asterisk": 0,
                "author": "Carlos Santana and Ashley Kahn",
                "book_image": "http://du.ec2.nytimes.com.s3.amazonaws.com/prd/books/9780316244923.jpeg",
                "book_review_link": "",
                "contributor": "by Carlos Santana and Ashley Kahn",
                "contributor_note": "",
                "dagger": 0,
                "description": "A memoir from the Rock and Roll Hall of Fame guitarist.",
                "first_chapter_link": "",
                "isbns": [
                    {
                        "isbn10": "0316244929",
                        "isbn13": "9780316244923"
                    },
                    {
                        "isbn10": "0316244910",
                        "isbn13": "9780316244916"
                    },
                    {
                        "isbn10": "1619698765",
                        "isbn13": "9781619698765"
                    }
                ],
                "price": 0,
                "primary_isbn10": "0316244929",
                "primary_isbn13": "9780316244923",
                "publisher": "Little, Brown",
                "rank": 15,
                "rank_last_week": 0,
                "sunday_review_link": "",
                "title": "UNIVERSAL TONE",
                "weeks_on_list": 0
            }
        ],
        "corrections": [],
        "display_name": "Celebrities",
        "list_name": "Celebrities",
        "normal_list_ends_at": 10,
        "published_date": "2014-12-14",
        "updated": "MONTHLY"
    },
    "status": "OK"
}