{
    "copyright": "Copyright (c) 2014 The New York Times Company.  All Rights Reserved.",
    "last_modified": "2014-12-08T17:00:49-05:00",
    "num_results": 15,
    "results": {
        "bestsellers_date": "2014-11-29",
        "books": [
            {
                "age_group": "Ages 8 to 12",
                "amazon_product_url": "http://www.amazon.com/House-Robots-James-Patterson/dp/0316405914?tag=thenewyorktim-20",
                "article_chapter_link": "",
                "asterisk": 0,
                "author": "James Patterson and Chris Grabenstein",
                "book_image": "http://du.ec2.nytimes.com.s3.amazonaws.com/prd/books/9780316405911.jpeg",
                "book_review_link": "",
                "contributor": "by James Patterson and Chris Grabenstein",
                "contributor_note": "",
                "dagger": 0,
                "description": "A robot signs up for a fifth-grade class.",
                "first_chapter_link": "",
                "isbns": [
                    {
                        "isbn10": "0316405914",
                        "isbn13": "9780316405911"
                    }
                ],
                "price": 0,
                "primary_isbn10": "0316405914",
                "primary_isbn13": "9780316405911",
                "publisher": "Little, Brown & Company",
                "rank": 1,
                "rank_last_week": 0,
                "sunday_review_link": "",
                "title": "HOUSE OF ROBOTS",
                "weeks_on_list": 1
            },
            {
                "age_group": "Ages 10 to 14",
                "amazon_product_url": "http://www.amazon.com/Percy-Jacksons-Greek-Gods-Riordan/dp/1423183649?tag=thenewyorktim-20",
                "article_chapter_link": "",
                "asterisk": 0,
                "author": "Rick Riordan",
                "book_image": "http://du.ec2.nytimes.com.s3.amazonaws.com/prd/books/9781423183648.jpeg",
                "book_review_link": "",
                "contributor": "by Rick Riordan. Illustrated by John Rocco",
                "contributor_note": "Illustrated by John Rocco",
                "dagger": 0,
                "description": "Percy Jackson offers a personal tour of the pantheon.",
                "first_chapter_link": "",
                "isbns": [
                    {
                        "isbn10": "1423183649",
                        "isbn13": "9781423183648"
                    },
                    {
                        "isbn10": "1484702182",
                        "isbn13": "9781484702185"
                    }
                ],
                "price": 0,
                "primary_isbn10": "1423183649",
                "primary_isbn13": "9781423183648",
                "publisher": "Disney Publishing Worldwide",
                "rank": 2,
                "rank_last_week": 0,
                "sunday_review_link": "",
                "title": "PERCY JACKSON'S GREEK GODS",
                "weeks_on_list": 15
            },
            {
                "age_group": "Ages 8 to 12",
                "amazon_product_url": "http://www.amazon.com/Wonder-R-J-Palacio/dp/0375869026?tag=thenewyorktim-20",
                "article_chapter_link": "",
                "asterisk": 0,
                "author": "R J Palacio",
                "book_image": "http://du.ec2.nytimes.com.s3.amazonaws.com/prd/books/9780375869020.jpg",
                "book_review_link": "",
                "contributor": "by R. J. Palacio",
                "contributor_note": "",
                "dagger": 0,
                "description": "A boy with a facial deformity enters a mainstream school.",
                "first_chapter_link": "",
                "isbns": [
                    {
                        "isbn10": "0375869026",
                        "isbn13": "9780375869020"
                    },
                    {
                        "isbn10": "037589988X",
                        "isbn13": "9780375899881"
                    },
                    {
                        "isbn10": "0375969020",
                        "isbn13": "9780375969027"
                    }
                ],
                "price": 0,
                "primary_isbn10": "0375869026",
                "primary_isbn13": "9780375869020",
                "publisher": "Knopf Doubleday Publishing",
                "rank": 3,
                "rank_last_week": 0,
                "sunday_review_link": "",
                "title": "WONDER",
                "weeks_on_list": 105
            },
            {
                "age_group": "Ages 10 to 16",
                "amazon_product_url": "http://www.amazon.com/Brown-Girl-Dreaming-Jacqueline-Woodson/dp/0399252517?tag=thenewyorktim-20",
                "article_chapter_link": "",
                "asterisk": 0,
                "author": "Jacqueline Woodson",
                "book_image": "http://du.ec2.nytimes.com.s3.amazonaws.com/prd/books/9780399252518.jpg",
                "book_review_link": "",
                "contributor": "by Jacqueline Woodson",
                "contributor_note": "",
                "dagger": 0,
                "description": "A memoir in verse.",
                "first_chapter_link": "",
                "isbns": [
                    {
                        "isbn10": "0399252517",
                        "isbn13": "9780399252518"
                    }
                ],
                "price": 0,
                "primary_isbn10": "0399252517",
                "primary_isbn13": "9780399252518",
                "publisher": "Penguin Group",
                "rank": 4,
                "rank_last_week": 0,
                "sunday_review_link": "",
                "title": "BROWN GIRL DREAMING",
                "weeks_on_list": 1
            },
            {
                "age_group": "Ages 10 to 14",
                "amazon_product_url": "http://www.amazon.com/The-Fourteenth-Goldfish-Jennifer-Holm/dp/0375870644?tag=thenewyorktim-20",
                "article_chapter_link": "",
                "asterisk": 0,
                "author": "Jennifer L Holm",
                "book_image": "http://du.ec2.nytimes.com.s3.amazonaws.com/prd/books/9780375870644.jpeg",
                "book_review_link": "",
                "contributor": "by Jennifer L. Holm",
                "contributor_note": "",
                "dagger": 0,
                "description": "A cranky boy resembles Ellie\u2019s grandfather.",
                "first_chapter_link": "",
                "isbns": [
                    {
                        "isbn10": "0375870644",
                        "isbn13": "9780375870644"
                    },
                    {
                        "isbn10": "0307974367",
                        "isbn13": "9780307974365"
                    }
                ],
                "price": 0,
                "primary_isbn10": "0375870644",
                "primary_isbn13": "9780375870644",
                "publisher": "Random House Publishing",
                "rank": 5,
                "rank_last_week": 0,
                "sunday_review_link": "",
                "title": "THE FOURTEENTH GOLDFISH",
                "weeks_on_list": 7
            },
            {
                "age_group": "Ages 8 to 12",
                "amazon_product_url": "http://www.amazon.com/The-Care-Keeping-You-Younger/dp/1609580834?tag=thenewyorktim-20",
                "article_chapter_link": "",
                "asterisk": 0,
                "author": "Valorie Schaefer",
                "book_image": "http://du.ec2.nytimes.com.s3.amazonaws.com/prd/books/9781609580834.jpg",
                "book_review_link": "",
                "contributor": "by Valorie Schaefer. Illustrated by Josee Masse",
                "contributor_note": "Illustrated by Josee Masse",
                "dagger": 0,
                "description": "The changing body.",
                "first_chapter_link": "",
                "isbns": [
                    {
                        "isbn10": "1609580834",
                        "isbn13": "9781609580834"
                    },
                    {
                        "isbn10": "1562476661",
                        "isbn13": "9781562476663"
                    }
                ],
                "price": 0,
                "primary_isbn10": "1609580834",
                "primary_isbn13": "9781609580834",
                "publisher": "American Girl Publishing",
                "rank": 6,
                "rank_last_week": 0,
                "sunday_review_link": "",
                "title": "THE CARE AND KEEPING OF YOU 1",
                "weeks_on_list": 77
            },
            {
                "age_group": "Ages 8 to 12",
                "amazon_product_url": "http://www.amazon.com/The-Contract-Jeter-Publishing-Derek/dp/1481423126?tag=thenewyorktim-20",
                "article_chapter_link": "",
                "asterisk": 0,
                "author": "Derek Jeter with Paul Mantell",
                "book_image": "http://du.ec2.nytimes.com.s3.amazonaws.com/prd/books/9781481423120.jpeg",
                "book_review_link": "",
                "contributor": "by Derek Jeter with Paul Mantell",
                "contributor_note": "",
                "dagger": 0,
                "description": "The dream of being a Yankee started when Jeter was a boy.",
                "first_chapter_link": "",
                "isbns": [
                    {
                        "isbn10": "1481423126",
                        "isbn13": "9781481423120"
                    }
                ],
                "price": 0,
                "primary_isbn10": "1481423126",
                "primary_isbn13": "9781481423120",
                "publisher": "Simon & Schuster",
                "rank": 7,
                "rank_last_week": 0,
                "sunday_review_link": "",
                "title": "THE  CONTRACT",
                "weeks_on_list": 10
            },
            {
                "age_group": "Ages 10 to 14",
                "amazon_product_url": "http://www.amazon.com/Am-Malala-Education-Changed-Readers/dp/031632793X?tag=thenewyorktim-20",
                "article_chapter_link": "",
                "asterisk": 0,
                "author": "Malala Yousafzai with Patricia McCormick",
                "book_image": "http://du.ec2.nytimes.com.s3.amazonaws.com/prd/books/9780316327930.jpeg",
                "book_review_link": "",
                "contributor": "by Malala Yousafzai with Patricia McCormick",
                "contributor_note": "",
                "dagger": 0,
                "description": "The Pakistani girl who won the Nobel.",
                "first_chapter_link": "",
                "isbns": [
                    {
                        "isbn10": "031632793X",
                        "isbn13": "9780316327930"
                    }
                ],
                "price": 0,
                "primary_isbn10": "031632793X",
                "primary_isbn13": "9780316327930",
                "publisher": "Little, Brown & Company",
                "rank": 8,
                "rank_last_week": 0,
                "sunday_review_link": "",
                "title": "I AM MALALA",
                "weeks_on_list": 7
            },
            {
                "age_group": "Ages 5 to 8",
                "amazon_product_url": "http://www.amazon.com/The-Princess-Black-Shannon-Hale/dp/076366510X?tag=thenewyorktim-20",
                "article_chapter_link": "",
                "asterisk": 0,
                "author": "Shannon Hale and Dean Hale",
                "book_image": "http://du.ec2.nytimes.com.s3.amazonaws.com/prd/books/9780763665104.jpeg",
                "book_review_link": "",
                "contributor": "by Shannon Hale and Dean Hale. Illustrated by LeUyen Pham",
                "contributor_note": "Illustrated by LeUyen Pham",
                "dagger": 0,
                "description": "Princess Magnolia\u2019s alter ego.",
                "first_chapter_link": "",
                "isbns": [
                    {
                        "isbn10": "076366510X",
                        "isbn13": "9780763665104"
                    }
                ],
                "price": 0,
                "primary_isbn10": "076366510X",
                "primary_isbn13": "9780763665104",
                "publisher": "Candlewick Press",
                "rank": 9,
                "rank_last_week": 0,
                "sunday_review_link": "",
                "title": "THE PRINCESS IN BLACK",
                "weeks_on_list": 3
            },
            {
                "age_group": "Ages 8 to 12",
                "amazon_product_url": "http://www.amazon.com/Rogue-Knight-Five-Kingdoms-Brandon/dp/1442497033?tag=thenewyorktim-20",
                "article_chapter_link": "",
                "asterisk": 0,
                "author": "Brandon Mull",
                "book_image": "http://du.ec2.nytimes.com.s3.amazonaws.com/prd/books/9781442497030.jpeg",
                "book_review_link": "",
                "contributor": "by Brandon Mull",
                "contributor_note": "",
                "dagger": 0,
                "description": "An infamous rebel is upsetting the balance of power in Elloweer.",
                "first_chapter_link": "",
                "isbns": [
                    {
                        "isbn10": "1442497033",
                        "isbn13": "9781442497030"
                    },
                    {
                        "isbn10": "144249705X",
                        "isbn13": "9781442497054"
                    }
                ],
                "price": 0,
                "primary_isbn10": "1442497033",
                "primary_isbn13": "9781442497030",
                "publisher": "Simon & Schuster",
                "rank": 10,
                "rank_last_week": 0,
                "sunday_review_link": "",
                "title": "ROGUE KNIGHT",
                "weeks_on_list": 2
            },
            {
                "age_group": "Ages 8 to 12",
                "amazon_product_url": "http://www.amazon.com/Treasure-Hunters-Danger-Down-Nile/dp/031637086X?tag=thenewyorktim-20",
                "article_chapter_link": "",
                "asterisk": 0,
                "author": "James Patterson and Chris Grabenstein",
                "book_image": "http://du.ec2.nytimes.com.s3.amazonaws.com/prd/books/9780316370868.jpeg",
                "book_review_link": "",
                "contributor": "by James Patterson and Chris Grabenstein. Illustrated by Juliana Neufeld",
                "contributor_note": "Illustrated by Juliana Neufeld",
                "dagger": 0,
                "description": "A search for missing parents.",
                "first_chapter_link": "",
                "isbns": [
                    {
                        "isbn10": "031637086X",
                        "isbn13": "9780316370868"
                    }
                ],
                "price": 0,
                "primary_isbn10": "031637086X",
                "primary_isbn13": "9780316370868",
                "publisher": "Little, Brown & Company",
                "rank": 11,
                "rank_last_week": 0,
                "sunday_review_link": "",
                "title": "TREASURE HUNTERS: DANGER DOWN THE NILE",
                "weeks_on_list": 0
            },
            {
                "age_group": "Ages 6 to 9",
                "amazon_product_url": "http://www.amazon.com/Leroy-Ninker-Saddles-Up-Deckawoo/dp/0763663395?tag=thenewyorktim-20",
                "article_chapter_link": "",
                "asterisk": 0,
                "author": "Kate DiCamillo",
                "book_image": "http://du.ec2.nytimes.com.s3.amazonaws.com/prd/books/9780763663391.jpeg",
                "book_review_link": "",
                "contributor": "by Kate DiCamillo. Illustrated by Chris Van Dusen",
                "contributor_note": "Illustrated by Chris Van Dusen",
                "dagger": 0,
                "description": "Boy meets horse.",
                "first_chapter_link": "",
                "isbns": [
                    {
                        "isbn10": "0763663395",
                        "isbn13": "9780763663391"
                    }
                ],
                "price": 0,
                "primary_isbn10": "0763663395",
                "primary_isbn13": "9780763663391",
                "publisher": "Candlewick Press",
                "rank": 12,
                "rank_last_week": 0,
                "sunday_review_link": "",
                "title": "LEROY NINKER SADDLES UP",
                "weeks_on_list": 0
            },
            {
                "age_group": "Ages 8 to 12",
                "amazon_product_url": "http://www.amazon.com/The-Only-Ivan-Katherine-Applegate/dp/0061992259?tag=thenewyorktim-20",
                "article_chapter_link": "",
                "asterisk": 0,
                "author": "Katherine Applegate",
                "book_image": "http://du.ec2.nytimes.com.s3.amazonaws.com/prd/books/9780061992254.jpg",
                "book_review_link": "",
                "contributor": "by Katherine Applegate",
                "contributor_note": "",
                "dagger": 0,
                "description": "A gorilla living in a mall meets an elephant.",
                "first_chapter_link": "",
                "isbns": [
                    {
                        "isbn10": "0061992259",
                        "isbn13": "9780061992254"
                    },
                    {
                        "isbn10": "0062101986",
                        "isbn13": "9780062101983"
                    },
                    {
                        "isbn10": "0061992275",
                        "isbn13": "9780061992278"
                    }
                ],
                "price": 0,
                "primary_isbn10": "0061992259",
                "primary_isbn13": "9780061992254",
                "publisher": "HarperCollins Publishers",
                "rank": 13,
                "rank_last_week": 0,
                "sunday_review_link": "",
                "title": "THE ONE AND ONLY IVAN",
                "weeks_on_list": 0
            },
            {
                "age_group": "Ages 10 to 13",
                "amazon_product_url": "http://www.amazon.com/Out-My-Mind-Sharon-Draper/dp/1416971718?tag=thenewyorktim-20",
                "article_chapter_link": "",
                "asterisk": 0,
                "author": "Sharon M Draper",
                "book_image": "http://du.ec2.nytimes.com.s3.amazonaws.com/prd/books/9781416971719.jpg",
                "book_review_link": "",
                "contributor": "by Sharon M. Draper",
                "contributor_note": "",
                "dagger": 0,
                "description": "A girl longs to speak.",
                "first_chapter_link": "",
                "isbns": [
                    {
                        "isbn10": "141697170X",
                        "isbn13": "9781416971702"
                    },
                    {
                        "isbn10": "1416971718",
                        "isbn13": "9781416971719"
                    },
                    {
                        "isbn10": "1416980458",
                        "isbn13": "9781416980452"
                    }
                ],
                "price": 0,
                "primary_isbn10": "1416971718",
                "primary_isbn13": "9781416971719",
                "publisher": "Simon & Schuster",
                "rank": 14,
                "rank_last_week": 0,
                "sunday_review_link": "",
                "title": "OUT OF MY MIND",
                "weeks_on_list": 0
            },
            {
                "age_group": "Ages 9 to 12",
                "amazon_product_url": "http://www.amazon.com/Escape-Lemoncellos-Library-Chris-Grabenstein/dp/037587089X?tag=thenewyorktim-20",
                "article_chapter_link": "",
                "asterisk": 0,
                "author": "Chris Grabenstein",
                "book_image": "http://du.ec2.nytimes.com.s3.amazonaws.com/prd/books/9780375870897.jpg",
                "book_review_link": "",
                "contributor": "by Chris Grabenstein",
                "contributor_note": "",
                "dagger": 0,
                "description": "A group is locked in a futuristic library.",
                "first_chapter_link": "",
                "isbns": [
                    {
                        "isbn10": "037587089X",
                        "isbn13": "9780375870897"
                    },
                    {
                        "isbn10": "0307931471",
                        "isbn13": "9780307931474"
                    },
                    {
                        "isbn10": "0375970894",
                        "isbn13": "9780375970894"
                    }
                ],
                "price": 0,
                "primary_isbn10": "0307931471",
                "primary_isbn13": "9780307931474",
                "publisher": "Random House Publishing",
                "rank": 15,
                "rank_last_week": 0,
                "sunday_review_link": "",
                "title": "ESCAPE FROM MR. LEMONCELLO'S LIBRARY",
                "weeks_on_list": 0
            }
        ],
        "corrections": [],
        "display_name": "Children's Middle Grade",
        "list_name": "Childrens Middle Grade",
        "normal_list_ends_at": 10,
        "published_date": "2014-12-14",
        "updated": "WEEKLY"
    },
    "status": "OK"
}