{
    "copyright": "Copyright (c) 2014 The New York Times Company.  All Rights Reserved.",
    "last_modified": "2014-12-08T17:00:54-05:00",
    "num_results": 20,
    "results": {
        "bestsellers_date": "2014-11-29",
        "books": [
            {
                "age_group": "",
                "amazon_product_url": "http://www.amazon.com/Unbroken-World-Survival-Resilience-Redemption/dp/1400064163?tag=thenewyorktim-20",
                "article_chapter_link": "",
                "asterisk": 0,
                "author": "Laura Hillenbrand",
                "book_image": "http://du.ec2.nytimes.com.s3.amazonaws.com/prd/books/9781400064168.jpg",
                "book_review_link": "",
                "contributor": "by Laura Hillenbrand",
                "contributor_note": "",
                "dagger": 0,
                "description": "An Olympic runner\u2019s story of survival as a prisoner of the Japanese in World War II.",
                "first_chapter_link": "",
                "isbns": [
                    {
                        "isbn10": "1400064163",
                        "isbn13": "9781400064168"
                    },
                    {
                        "isbn10": "0679603751",
                        "isbn13": "9780679603757"
                    },
                    {
                        "isbn10": "0375435018",
                        "isbn13": "9780375435010"
                    },
                    {
                        "isbn10": "0739319698",
                        "isbn13": "9780739319697"
                    },
                    {
                        "isbn10": "0007378033",
                        "isbn13": "9780007378036"
                    },
                    {
                        "isbn10": "0812974492",
                        "isbn13": "9780812974492"
                    },
                    {
                        "isbn10": "0606355987",
                        "isbn13": "9780606355988"
                    },
                    {
                        "isbn10": "081298711X",
                        "isbn13": "9780812987119"
                    },
                    {
                        "isbn10": "0553397117",
                        "isbn13": "9780553397116"
                    },
                    {
                        "isbn10": "1101912626",
                        "isbn13": "9781101912621"
                    },
                    {
                        "isbn10": "0375990623",
                        "isbn13": "9780375990625"
                    }
                ],
                "price": 0,
                "primary_isbn10": "0679603751",
                "primary_isbn13": "9780679603757",
                "publisher": "Random House",
                "rank": 1,
                "rank_last_week": 2,
                "sunday_review_link": "",
                "title": "UNBROKEN",
                "weeks_on_list": 181
            },
            {
                "age_group": "",
                "amazon_product_url": "http://www.amazon.com/Killing-Patton-Strange-Audacious-General/dp/080509668X?tag=thenewyorktim-20",
                "article_chapter_link": "",
                "asterisk": 0,
                "author": "Bill O'Reilly and Martin Dugard",
                "book_image": "http://du.ec2.nytimes.com.s3.amazonaws.com/prd/books/9780805096699.jpg",
                "book_review_link": "",
                "contributor": "by Bill O'Reilly and Martin Dugard",
                "contributor_note": "",
                "dagger": 0,
                "description": "The host of \u201cThe O\u2019Reilly Factor\u201d recounts the strange death of Gen. George S. Patton in December 1945.",
                "first_chapter_link": "",
                "isbns": [
                    {
                        "isbn10": "080509668X",
                        "isbn13": "9780805096682"
                    },
                    {
                        "isbn10": "1427244219",
                        "isbn13": "9781427244215"
                    },
                    {
                        "isbn10": "1410473651",
                        "isbn13": "9781410473653"
                    }
                ],
                "price": 0,
                "primary_isbn10": "080509668X",
                "primary_isbn13": "9780805096682",
                "publisher": "Holt",
                "rank": 2,
                "rank_last_week": 3,
                "sunday_review_link": "",
                "title": "KILLING PATTON",
                "weeks_on_list": 10
            },
            {
                "age_group": "",
                "amazon_product_url": "http://www.amazon.com/41-A-Portrait-My-Father/dp/0553447785?tag=thenewyorktim-20",
                "article_chapter_link": "",
                "asterisk": 0,
                "author": "George W Bush",
                "book_image": "http://du.ec2.nytimes.com.s3.amazonaws.com/prd/books/9780553447798.jpg",
                "book_review_link": "",
                "contributor": "by George W. Bush",
                "contributor_note": "",
                "dagger": 0,
                "description": "The 43rd president\u2019s portrait of his father, George H.\u2009W. Bush, the 41st.",
                "first_chapter_link": "",
                "isbns": [
                    {
                        "isbn10": "0553447785",
                        "isbn13": "9780553447781"
                    },
                    {
                        "isbn10": "0804194718",
                        "isbn13": "9780804194716"
                    },
                    {
                        "isbn10": "1101913142",
                        "isbn13": "9781101913147"
                    }
                ],
                "price": 0,
                "primary_isbn10": "0553447785",
                "primary_isbn13": "9780553447781",
                "publisher": "Crown",
                "rank": 3,
                "rank_last_week": 1,
                "sunday_review_link": "",
                "title": "41",
                "weeks_on_list": 3
            },
            {
                "age_group": "",
                "amazon_product_url": "http://www.amazon.com/Yes-Please-Amy-Poehler/dp/0062268341?tag=thenewyorktim-20",
                "article_chapter_link": "",
                "asterisk": 0,
                "author": "Amy Poehler",
                "book_image": "http://du.ec2.nytimes.com.s3.amazonaws.com/prd/books/9780062268341.jpeg",
                "book_review_link": "",
                "contributor": "by Amy Poehler",
                "contributor_note": "",
                "dagger": 0,
                "description": "A humorous miscellany from the comedian and actress, the \u201cSaturday Night Live\u201d alumna and star of \u201cParks and Recreation.\u201d",
                "first_chapter_link": "",
                "isbns": [
                    {
                        "isbn10": "0062268341",
                        "isbn13": "9780062268341"
                    },
                    {
                        "isbn10": "0062268376",
                        "isbn13": "9780062268372"
                    },
                    {
                        "isbn10": "0062350889",
                        "isbn13": "9780062350886"
                    }
                ],
                "price": 0,
                "primary_isbn10": "0062268341",
                "primary_isbn13": "9780062268341",
                "publisher": "Dey Street/Morrow",
                "rank": 4,
                "rank_last_week": 4,
                "sunday_review_link": "",
                "title": "YES PLEASE",
                "weeks_on_list": 5
            },
            {
                "age_group": "",
                "amazon_product_url": "http://www.amazon.com/Wild-Found-Pacific-Crest-Trail-ebook/dp/B005IQZB14?tag=thenewyorktim-20",
                "article_chapter_link": "",
                "asterisk": 0,
                "author": "Cheryl Strayed",
                "book_image": "http://du.ec2.nytimes.com.s3.amazonaws.com/prd/books/9780307957658.jpg",
                "book_review_link": "",
                "contributor": "by Cheryl Strayed",
                "contributor_note": "",
                "dagger": 0,
                "description": "A woman\u2019s account of a life-changing 1,100-mile hike along the Pacific Crest Trail during the summer of 1995.",
                "first_chapter_link": "",
                "isbns": [
                    {
                        "isbn10": "0307592731",
                        "isbn13": "9780307592736"
                    },
                    {
                        "isbn10": "0307957659",
                        "isbn13": "9780307957658"
                    },
                    {
                        "isbn10": "0307476073",
                        "isbn13": "9780307476074"
                    },
                    {
                        "isbn10": "1594136742",
                        "isbn13": "9781594136740"
                    },
                    {
                        "isbn10": "0307970299",
                        "isbn13": "9780307970299"
                    },
                    {
                        "isbn10": "1101873442",
                        "isbn13": "9781101873441"
                    }
                ],
                "price": 0,
                "primary_isbn10": "0307957659",
                "primary_isbn13": "9780307957658",
                "publisher": "Knopf",
                "rank": 5,
                "rank_last_week": 8,
                "sunday_review_link": "",
                "title": "WILD",
                "weeks_on_list": 89
            },
            {
                "age_group": "",
                "amazon_product_url": "http://www.amazon.com/The-Boys-Boat-Americans-Olympics-ebook/dp/B00AEBETU2?tag=thenewyorktim-20",
                "article_chapter_link": "",
                "asterisk": 0,
                "author": "Daniel James Brown",
                "book_image": "http://du.ec2.nytimes.com.s3.amazonaws.com/prd/books/9781101622742.jpg",
                "book_review_link": "",
                "contributor": "by Daniel James Brown",
                "contributor_note": "",
                "dagger": 0,
                "description": "The University of Washington\u2019s eight-oar crew and their quest for gold at the 1936 Berlin Olympics.",
                "first_chapter_link": "",
                "isbns": [
                    {
                        "isbn10": "067002581X",
                        "isbn13": "9780670025817"
                    },
                    {
                        "isbn10": "0143125478",
                        "isbn13": "9780143125471"
                    },
                    {
                        "isbn10": "159413779X",
                        "isbn13": "9781594137792"
                    },
                    {
                        "isbn10": "1611761697",
                        "isbn13": "9781611761696"
                    },
                    {
                        "isbn10": "1410459543",
                        "isbn13": "9781410459541"
                    }
                ],
                "price": 0,
                "primary_isbn10": "0143125478",
                "primary_isbn13": "9780143125471",
                "publisher": "Viking",
                "rank": 6,
                "rank_last_week": 5,
                "sunday_review_link": "",
                "title": "THE BOYS IN THE BOAT",
                "weeks_on_list": 28
            },
            {
                "age_group": "",
                "amazon_product_url": "http://www.amazon.com/The-Andy-Cohen-Diaries-Shallow-ebook/dp/B00K9NWRFE?tag=thenewyorktim-20",
                "article_chapter_link": "",
                "asterisk": 0,
                "author": "Andy Cohen",
                "book_image": "http://du.ec2.nytimes.com.s3.amazonaws.com/prd/books/9781627792295.jpeg",
                "book_review_link": "",
                "contributor": "by Andy Cohen",
                "contributor_note": "",
                "dagger": 0,
                "description": "One year in the (social) life of the TV producer and host of \u201cWatch What Happens Live.\u201d",
                "first_chapter_link": "",
                "isbns": [
                    {
                        "isbn10": "1627792287",
                        "isbn13": "9781627792288"
                    },
                    {
                        "isbn10": "1627792295",
                        "isbn13": "9781627792295"
                    },
                    {
                        "isbn10": "1427259313",
                        "isbn13": "9781427259318"
                    }
                ],
                "price": 0,
                "primary_isbn10": "1627792287",
                "primary_isbn13": "9781627792288",
                "publisher": "Holt",
                "rank": 7,
                "rank_last_week": 6,
                "sunday_review_link": "",
                "title": "THE ANDY COHEN DIARIES",
                "weeks_on_list": 3
            },
            {
                "age_group": "",
                "amazon_product_url": "http://www.amazon.com/What-If-Scientific-Hypothetical-Questions-ebook/dp/B00IYUYF4A?tag=thenewyorktim-20",
                "article_chapter_link": "",
                "asterisk": 0,
                "author": "Randall Munroe",
                "book_image": "http://du.ec2.nytimes.com.s3.amazonaws.com/prd/books/9780544272644.jpeg",
                "book_review_link": "",
                "contributor": "by Randall Munroe",
                "contributor_note": "",
                "dagger": 0,
                "description": "Scientific (but often humorous) answers to hypothetical questions, based in part on the author\u2019s website, xkcd.com.",
                "first_chapter_link": "",
                "isbns": [
                    {
                        "isbn10": "0544272994",
                        "isbn13": "9780544272996"
                    }
                ],
                "price": 0,
                "primary_isbn10": "0544272994",
                "primary_isbn13": "9780544272996",
                "publisher": "Houghton Mifflin Harcourt",
                "rank": 8,
                "rank_last_week": 14,
                "sunday_review_link": "",
                "title": "WHAT IF?",
                "weeks_on_list": 10
            },
            {
                "age_group": "",
                "amazon_product_url": "http://www.amazon.com/Lying-Wait-Rules-Crime-Vol-17/dp/1451648294?tag=thenewyorktim-20",
                "article_chapter_link": "",
                "asterisk": 0,
                "author": "Ann Rule",
                "book_image": "http://du.ec2.nytimes.com.s3.amazonaws.com/prd/books/9781451648317.jpeg",
                "book_review_link": "",
                "contributor": "by Ann Rule",
                "contributor_note": "",
                "dagger": 0,
                "description": "Volume 17 of the Crime Files true-crime series.",
                "first_chapter_link": "",
                "isbns": [
                    {
                        "isbn10": "1451648294",
                        "isbn13": "9781451648294"
                    }
                ],
                "price": 0,
                "primary_isbn10": "None",
                "primary_isbn13": "9781451648317",
                "publisher": "Pocket Books",
                "rank": 9,
                "rank_last_week": 0,
                "sunday_review_link": "",
                "title": "LYING IN WAIT",
                "weeks_on_list": 1
            },
            {
                "age_group": "",
                "amazon_product_url": "http://www.amazon.com/You-Cant-Make-This-Television/dp/0062314963?tag=thenewyorktim-20",
                "article_chapter_link": "",
                "asterisk": 0,
                "author": "Al Michaels with L Jon Wertheim",
                "book_image": "http://du.ec2.nytimes.com.s3.amazonaws.com/prd/books/9780062314987.jpg",
                "book_review_link": "",
                "contributor": "by Al Michaels with L. Jon Wertheim",
                "contributor_note": "",
                "dagger": 0,
                "description": "The veteran sportscaster, the voice of \u201cSunday Night Football,\u201d recalls players and games he has observed.",
                "first_chapter_link": "",
                "isbns": [
                    {
                        "isbn10": "0062314963",
                        "isbn13": "9780062314963"
                    }
                ],
                "price": 0,
                "primary_isbn10": "0062314963",
                "primary_isbn13": "9780062314963",
                "publisher": "Morrow/HarperCollins",
                "rank": 10,
                "rank_last_week": 11,
                "sunday_review_link": "",
                "title": "YOU CAN'T MAKE THIS UP",
                "weeks_on_list": 2
            },
            {
                "age_group": "",
                "amazon_product_url": "http://www.amazon.com/Not-That-Kind-Girl-Learned/dp/081299499X?tag=thenewyorktim-20",
                "article_chapter_link": "",
                "asterisk": 0,
                "author": "Lena Dunham",
                "book_image": "http://du.ec2.nytimes.com.s3.amazonaws.com/prd/books/9780812995008.jpeg",
                "book_review_link": "",
                "contributor": "by Lena Dunham",
                "contributor_note": "",
                "dagger": 0,
                "description": "A collection of revealing and often humorous personal essays from the creator and star of \u201cGirls.\u201d",
                "first_chapter_link": "",
                "isbns": [
                    {
                        "isbn10": "081299499X",
                        "isbn13": "9780812994995"
                    },
                    {
                        "isbn10": "080412731X",
                        "isbn13": "9780804127318"
                    }
                ],
                "price": 0,
                "primary_isbn10": "081299499X",
                "primary_isbn13": "9780812994995",
                "publisher": "Random House",
                "rank": 11,
                "rank_last_week": 12,
                "sunday_review_link": "",
                "title": "NOT THAT KIND OF GIRL",
                "weeks_on_list": 9
            },
            {
                "age_group": "",
                "amazon_product_url": "http://www.amazon.com/Being-Mortal-Medicine-What-Matters/dp/0805095152?tag=thenewyorktim-20",
                "article_chapter_link": "",
                "asterisk": 0,
                "author": "Atul Gawande",
                "book_image": "http://du.ec2.nytimes.com.s3.amazonaws.com/prd/books/9781627790550.jpg",
                "book_review_link": "",
                "contributor": "by Atul Gawande",
                "contributor_note": "",
                "dagger": 0,
                "description": "The surgeon and New Yorker writer considers how doctors fail patients at the end of life, and how they can do better.",
                "first_chapter_link": "",
                "isbns": [
                    {
                        "isbn10": "0805095152",
                        "isbn13": "9780805095159"
                    },
                    {
                        "isbn10": "1427244235",
                        "isbn13": "9781427244239"
                    }
                ],
                "price": 0,
                "primary_isbn10": "0805095152",
                "primary_isbn13": "9780805095159",
                "publisher": "Metropolitan/Holt",
                "rank": 12,
                "rank_last_week": 9,
                "sunday_review_link": "",
                "title": "BEING MORTAL",
                "weeks_on_list": 8
            },
            {
                "age_group": "",
                "amazon_product_url": "http://www.amazon.com/Humans-New-York-Brandon-Stanton/dp/1250038820?tag=thenewyorktim-20",
                "article_chapter_link": "",
                "asterisk": 0,
                "author": "Brandon Stanton",
                "book_image": "http://du.ec2.nytimes.com.s3.amazonaws.com/prd/books/9781250038821.jpg",
                "book_review_link": "",
                "contributor": "by Brandon Stanton",
                "contributor_note": "",
                "dagger": 0,
                "description": "Four hundred color photos of New Yorkers, with brief commentary by Stanton.\u00a0",
                "first_chapter_link": "",
                "isbns": [
                    {
                        "isbn10": "1250038820",
                        "isbn13": "9781250038821"
                    }
                ],
                "price": 0,
                "primary_isbn10": "1250038820",
                "primary_isbn13": "9781250038821",
                "publisher": "St. Martin's",
                "rank": 13,
                "rank_last_week": 0,
                "sunday_review_link": "",
                "title": "HUMANS OF NEW YORK",
                "weeks_on_list": 6
            },
            {
                "age_group": "",
                "amazon_product_url": "http://www.amazon.com/American-Sniper-Autobiography-Military-History/dp/0062238868?tag=thenewyorktim-20",
                "article_chapter_link": "",
                "asterisk": 0,
                "author": "Chris Kyle with Scott McEwen and Jim DeFelice",
                "book_image": "http://du.ec2.nytimes.com.s3.amazonaws.com/prd/books/9780062082374.jpg",
                "book_review_link": "",
                "contributor": "by Chris Kyle with Scott McEwen and Jim DeFelice",
                "contributor_note": "",
                "dagger": 0,
                "description": "A former member of the Navy SEALs discusses his battlefield experiences during the Iraq war. Kyle was shot to death in Texas in 2013.",
                "first_chapter_link": "",
                "isbns": [
                    {
                        "isbn10": "0062082353",
                        "isbn13": "9780062082350"
                    },
                    {
                        "isbn10": "006208237X",
                        "isbn13": "9780062082374"
                    },
                    {
                        "isbn10": "0062209493",
                        "isbn13": "9780062209498"
                    },
                    {
                        "isbn10": "0062107062",
                        "isbn13": "9780062107060"
                    },
                    {
                        "isbn10": "0062238868",
                        "isbn13": "9780062238863"
                    },
                    {
                        "isbn10": "0062290797",
                        "isbn13": "9780062290793"
                    },
                    {
                        "isbn10": "0062376578",
                        "isbn13": "9780062376572"
                    },
                    {
                        "isbn10": "0062376330",
                        "isbn13": "9780062376336"
                    }
                ],
                "price": 0,
                "primary_isbn10": "0062376578",
                "primary_isbn13": "9780062376572",
                "publisher": "Morrow/HarperCollins",
                "rank": 14,
                "rank_last_week": 0,
                "sunday_review_link": "",
                "title": "AMERICAN SNIPER",
                "weeks_on_list": 41
            },
            {
                "age_group": "",
                "amazon_product_url": "http://www.amazon.com/The-Rise-Theodore-Roosevelt-Book-ebook/dp/B004DEPH3E?tag=thenewyorktim-20",
                "article_chapter_link": "",
                "asterisk": 0,
                "author": "Edmund Morris",
                "book_image": "http://du.ec2.nytimes.com.s3.amazonaws.com/prd/books/9780307777829.jpeg",
                "book_review_link": "",
                "contributor": "by Edmund Morris",
                "contributor_note": "",
                "dagger": 0,
                "description": "The first volume of a biography of the 26th president, covering the years 1858 to 1901; a version of a volume first published in 1979.",
                "first_chapter_link": "",
                "isbns": [
                    {
                        "isbn10": "0307777820",
                        "isbn13": "9780307777829"
                    }
                ],
                "price": 0,
                "primary_isbn10": "0307777820",
                "primary_isbn13": "9780307777829",
                "publisher": "Modern Library",
                "rank": 15,
                "rank_last_week": 0,
                "sunday_review_link": "",
                "title": "THE RISE OF THEODORE ROOSEVELT",
                "weeks_on_list": 1
            },
            {
                "age_group": "",
                "amazon_product_url": "http://www.amazon.com/There-Was-Little-Girl-Mother-ebook/dp/B00KWG5W0K?tag=thenewyorktim-20",
                "article_chapter_link": "",
                "asterisk": 0,
                "author": "Brooke Shields",
                "book_image": "http://du.ec2.nytimes.com.s3.amazonaws.com/prd/books/9780698186231.jpeg",
                "book_review_link": "",
                "contributor": "by Brooke Shields",
                "contributor_note": "",
                "dagger": 0,
                "description": "A memoir of the actress\u2019s life and her complicated relationship with her ambitious, difficult mother.",
                "first_chapter_link": "",
                "isbns": [
                    {
                        "isbn10": "0525954848",
                        "isbn13": "9780525954842"
                    },
                    {
                        "isbn10": "1611763851",
                        "isbn13": "9781611763850"
                    }
                ],
                "price": 0,
                "primary_isbn10": "0525954848",
                "primary_isbn13": "9780525954842",
                "publisher": "Dutton",
                "rank": 16,
                "rank_last_week": 0,
                "sunday_review_link": "",
                "title": "THERE WAS A LITTLE GIRL",
                "weeks_on_list": 0
            },
            {
                "age_group": "",
                "amazon_product_url": "http://www.amazon.com/Quiet-Power-Introverts-World-Talking-ebook/dp/B004J4WNL2?tag=thenewyorktim-20",
                "article_chapter_link": "",
                "asterisk": 0,
                "author": "Susan Cain",
                "book_image": "http://du.ec2.nytimes.com.s3.amazonaws.com/prd/books/9780307452207.jpg",
                "book_review_link": "",
                "contributor": "by Susan Cain",
                "contributor_note": "",
                "dagger": 0,
                "description": "Introverts -- one-third of the population -- are undervalued in American society.",
                "first_chapter_link": "",
                "isbns": [
                    {
                        "isbn10": "0307352145",
                        "isbn13": "9780307352149"
                    },
                    {
                        "isbn10": "0307452204",
                        "isbn13": "9780307452207"
                    },
                    {
                        "isbn10": "0307352153",
                        "isbn13": "9780307352156"
                    },
                    {
                        "isbn10": "1611734207",
                        "isbn13": "9781611734201"
                    },
                    {
                        "isbn10": "0739341243",
                        "isbn13": "9780739341247"
                    }
                ],
                "price": 0,
                "primary_isbn10": "0307352153",
                "primary_isbn13": "9780307352156",
                "publisher": "Crown",
                "rank": 17,
                "rank_last_week": 0,
                "sunday_review_link": "",
                "title": "QUIET",
                "weeks_on_list": 0
            },
            {
                "age_group": "",
                "amazon_product_url": "http://www.amazon.com/Dreamers-Deceivers-Stories-Villains-America/dp/1476783896?tag=thenewyorktim-20",
                "article_chapter_link": "",
                "asterisk": 0,
                "author": "Glenn Beck with Kevin Balfe",
                "book_image": "http://du.ec2.nytimes.com.s3.amazonaws.com/prd/books/9781476783895.jpeg",
                "book_review_link": "",
                "contributor": "by Glenn Beck with Kevin Balfe",
                "contributor_note": "",
                "dagger": 0,
                "description": "More little-known stories\u2028 from America\u2019s past; a follow-up to \u201cMiracles and Massacres.",
                "first_chapter_link": "",
                "isbns": [
                    {
                        "isbn10": "1476783896",
                        "isbn13": "9781476783895"
                    },
                    {
                        "isbn10": "1476787158",
                        "isbn13": "9781476787152"
                    },
                    {
                        "isbn10": "1442375116",
                        "isbn13": "9781442375116"
                    }
                ],
                "price": 0,
                "primary_isbn10": "1476783896",
                "primary_isbn13": "9781476783895",
                "publisher": "Threshold Editions/Mercury Radio Arts",
                "rank": 18,
                "rank_last_week": 0,
                "sunday_review_link": "",
                "title": "DREAMERS AND DECEIVERS",
                "weeks_on_list": 0
            },
            {
                "age_group": "",
                "amazon_product_url": "http://www.amazon.com/Neil-Patrick-Harris-Choose-Autobiography/dp/0385346999?tag=thenewyorktim-20",
                "article_chapter_link": "",
                "asterisk": 0,
                "author": "Neil Patrick Harris with David Javerbaum",
                "book_image": "http://du.ec2.nytimes.com.s3.amazonaws.com/prd/books/9780385347006.jpeg",
                "book_review_link": "",
                "contributor": "by Neil Patrick Harris with David Javerbaum",
                "contributor_note": "",
                "dagger": 0,
                "description": "The actor\u2019s life story is structured as a Choose Your Own Adventure book.",
                "first_chapter_link": "",
                "isbns": [
                    {
                        "isbn10": "0385346999",
                        "isbn13": "9780385346993"
                    },
                    {
                        "isbn10": "0385347006",
                        "isbn13": "9780385347006"
                    }
                ],
                "price": 0,
                "primary_isbn10": "0385346999",
                "primary_isbn13": "9780385346993",
                "publisher": "Crown Archetype",
                "rank": 19,
                "rank_last_week": 0,
                "sunday_review_link": "",
                "title": "NEIL PATRICK HARRIS: CHOOSE YOUR OWN AUTOBIOGRAPHY",
                "weeks_on_list": 0
            },
            {
                "age_group": "",
                "amazon_product_url": "http://www.amazon.com/As-You-Wish-Inconceivable-Princess/dp/1476764026?tag=thenewyorktim-20",
                "article_chapter_link": "",
                "asterisk": 0,
                "author": "Cary Elwes with Joe Layden",
                "book_image": "http://du.ec2.nytimes.com.s3.amazonaws.com/prd/books/9781476764030.jpeg",
                "book_review_link": "",
                "contributor": "by Cary Elwes with Joe Layden",
                "contributor_note": "",
                "dagger": 0,
                "description": "The making of the movie \u201cThe Princess Bride,\u201d 25 years ago.",
                "first_chapter_link": "",
                "isbns": [
                    {
                        "isbn10": "1476764026",
                        "isbn13": "9781476764023"
                    },
                    {
                        "isbn10": "1442383453",
                        "isbn13": "9781442383456"
                    }
                ],
                "price": 0,
                "primary_isbn10": "1476764026",
                "primary_isbn13": "9781476764023",
                "publisher": "Touchstone/Simon & Schuster",
                "rank": 20,
                "rank_last_week": 0,
                "sunday_review_link": "",
                "title": "AS YOU WISH",
                "weeks_on_list": 0
            }
        ],
        "corrections": [],
        "display_name": "Combined Print & E-Book Nonfiction",
        "list_name": "Combined Print and E-Book Nonfiction",
        "normal_list_ends_at": 15,
        "published_date": "2014-12-14",
        "updated": "WEEKLY"
    },
    "status": "OK"
}