{
    "copyright": "Copyright (c) 2014 The New York Times Company.  All Rights Reserved.",
    "last_modified": "2014-08-08T15:14:34-04:00",
    "num_results": 35,
    "results": {
        "bestsellers_date": "2013-04-27",
        "books": [
            {
                "age_group": "",
                "amazon_product_url": "http://www.amazon.com/The-Will-Robie-David-Baldacci/dp/1455521302?tag=thenewyorktim-20",
                "article_chapter_link": "",
                "asterisk": 0,
                "author": "David Baldacci",
                "book_image": "http://du.ec2.nytimes.com.s3.amazonaws.com/prd/books/9781455521289.jpg",
                "book_review_link": "",
                "contributor": "by David Baldacci",
                "contributor_note": "",
                "dagger": 0,
                "description": "The government hit man Will Robie uncovers a serious threat as he tries to stop Jessica Reel, a fellow assassin who has gone rogue.",
                "first_chapter_link": "",
                "isbns": [
                    {
                        "isbn10": "1455521213",
                        "isbn13": "9781455521210"
                    },
                    {
                        "isbn10": "1455529478",
                        "isbn13": "9781455529476"
                    },
                    {
                        "isbn10": "1455521280",
                        "isbn13": "9781455521289"
                    },
                    {
                        "isbn10": "1455521175",
                        "isbn13": "9781455521173"
                    },
                    {
                        "isbn10": "1455521302",
                        "isbn13": "9781455521302"
                    }
                ],
                "price": 0,
                "primary_isbn10": "1455521213",
                "primary_isbn13": "9781455521210",
                "publisher": "Grand Central",
                "rank": 1,
                "rank_last_week": 0,
                "sunday_review_link": "",
                "title": "THE HIT",
                "weeks_on_list": 0
            },
            {
                "age_group": "",
                "amazon_product_url": "http://www.amazon.com/Whiskey-Beach-Nora-Roberts/dp/0399159894?tag=thenewyorktim-20",
                "article_chapter_link": "",
                "asterisk": 0,
                "author": "Nora Roberts",
                "book_image": "http://du.ec2.nytimes.com.s3.amazonaws.com/prd/books/9780399159893.jpg",
                "book_review_link": "",
                "contributor": "by Nora Roberts",
                "contributor_note": "",
                "dagger": 0,
                "description": "After being accused of \u2014 but never arrested for \u2014 the murder of his wife, a Boston lawyer retreats to his family's ancestral home in New England.",
                "first_chapter_link": "",
                "isbns": [
                    {
                        "isbn10": "0399159894",
                        "isbn13": "9780399159893"
                    },
                    {
                        "isbn10": "039916460X",
                        "isbn13": "9780399164606"
                    },
                    {
                        "isbn10": "0425269817",
                        "isbn13": "9780425269817"
                    }
                ],
                "price": 0,
                "primary_isbn10": "0399159894",
                "primary_isbn13": "9780399159893",
                "publisher": "Putnam",
                "rank": 2,
                "rank_last_week": 0,
                "sunday_review_link": "",
                "title": "WHISKEY BEACH",
                "weeks_on_list": 0
            },
            {
                "age_group": "",
                "amazon_product_url": "http://www.amazon.com/Fly-Away-Kristin-Hannah/dp/0312577214?tag=thenewyorktim-20",
                "article_chapter_link": "",
                "asterisk": 0,
                "author": "Kristin Hannah",
                "book_image": "http://du.ec2.nytimes.com.s3.amazonaws.com/prd/books/9780312577216.jpg",
                "book_review_link": "",
                "contributor": "by Kristin Hannah",
                "contributor_note": "",
                "dagger": 0,
                "description": "A brash but lonely woman must deal with her personal demons before she can keep her promise to help the family of her deceased friend; a sequel to \"Firefly Lane.\"",
                "first_chapter_link": "",
                "isbns": [
                    {
                        "isbn10": "0312577214",
                        "isbn13": "9780312577216"
                    },
                    {
                        "isbn10": "1250031818",
                        "isbn13": "9781250031815"
                    }
                ],
                "price": 0,
                "primary_isbn10": "0312577214",
                "primary_isbn13": "9780312577216",
                "publisher": "St. Martin's",
                "rank": 3,
                "rank_last_week": 0,
                "sunday_review_link": "",
                "title": "FLY AWAY",
                "weeks_on_list": 0
            },
            {
                "age_group": "",
                "amazon_product_url": "http://www.amazon.com/Paris-The-Novel-Edward-Rutherfurd-ebook/dp/B009Y4I5N2?tag=thenewyorktim-20",
                "article_chapter_link": "",
                "asterisk": 0,
                "author": "Edward Rutherfurd",
                "book_image": "http://du.ec2.nytimes.com.s3.amazonaws.com/prd/books/9780385535304.jpg",
                "book_review_link": "",
                "contributor": "by Edward Rutherfurd",
                "contributor_note": "",
                "dagger": 0,
                "description": "A centuries-spanning historical novel that weaves together the fates of a handful of families who come of age, seek their fortunes and fall in and out of love in the City of Light.",
                "first_chapter_link": "",
                "isbns": [
                    {
                        "isbn10": "0385535309",
                        "isbn13": "9780385535304"
                    },
                    {
                        "isbn10": "0385535317",
                        "isbn13": "9780385535311"
                    },
                    {
                        "isbn10": "0345530764",
                        "isbn13": "9780345530769"
                    }
                ],
                "price": 0,
                "primary_isbn10": "0385535309",
                "primary_isbn13": "9780385535304",
                "publisher": "Doubleday",
                "rank": 4,
                "rank_last_week": 0,
                "sunday_review_link": "",
                "title": "PARIS",
                "weeks_on_list": 0
            },
            {
                "age_group": "",
                "amazon_product_url": "http://www.amazon.com/Life-After-A-Novel-ebook/dp/B008TUQ60G?tag=thenewyorktim-20",
                "article_chapter_link": "",
                "asterisk": 0,
                "author": "Kate Atkinson",
                "book_image": "http://du.ec2.nytimes.com.s3.amazonaws.com/prd/books/9780316176484.jpg",
                "book_review_link": "",
                "contributor": "by Kate Atkinson",
                "contributor_note": "",
                "dagger": 0,
                "description": "Atkinson\u2019s heroine, born in 1910, keeps dying and dying again, as she experiences the alternate courses her destiny might have taken.",
                "first_chapter_link": "",
                "isbns": [
                    {
                        "isbn10": "0316176486",
                        "isbn13": "9780316176484"
                    },
                    {
                        "isbn10": "0316230804",
                        "isbn13": "9780316230803"
                    },
                    {
                        "isbn10": "0316176494",
                        "isbn13": "9780316176491"
                    }
                ],
                "price": 0,
                "primary_isbn10": "0316176486",
                "primary_isbn13": "9780316176484",
                "publisher": "Reagan Arthur Books",
                "rank": 5,
                "rank_last_week": 0,
                "sunday_review_link": "",
                "title": "LIFE AFTER LIFE",
                "weeks_on_list": 0
            },
            {
                "age_group": "",
                "amazon_product_url": "http://www.amazon.com/Beautiful-Ruins-Novel-Jess-Walter/dp/0061928178?tag=thenewyorktim-20",
                "article_chapter_link": "",
                "asterisk": 0,
                "author": "Jess Walter",
                "book_image": "http://du.ec2.nytimes.com.s3.amazonaws.com/prd/books/9780061928123.jpg",
                "book_review_link": "",
                "contributor": "by Jess Walter",
                "contributor_note": "",
                "dagger": 0,
                "description": "Ruins both emotional and architectural, in Italy, Hollywood and elsewhere, figure in this sweeping novel.",
                "first_chapter_link": "",
                "isbns": [
                    {
                        "isbn10": "0061928127",
                        "isbn13": "9780061928123"
                    },
                    {
                        "isbn10": "0061928178",
                        "isbn13": "9780061928178"
                    },
                    {
                        "isbn10": "006209808X",
                        "isbn13": "9780062098085"
                    }
                ],
                "price": 0,
                "primary_isbn10": "0061928178",
                "primary_isbn13": "9780061928178",
                "publisher": "Harper Perennial",
                "rank": 6,
                "rank_last_week": 0,
                "sunday_review_link": "",
                "title": "BEAUTIFUL RUINS",
                "weeks_on_list": 0
            },
            {
                "age_group": "",
                "amazon_product_url": "http://www.amazon.com/Wedding-Night-Novel-Sophie-Kinsella-ebook/dp/B009MYARIK?tag=thenewyorktim-20",
                "article_chapter_link": "",
                "asterisk": 0,
                "author": "Sophie Kinsella",
                "book_image": "http://du.ec2.nytimes.com.s3.amazonaws.com/prd/books/9780812993844.jpg",
                "book_review_link": "",
                "contributor": "by Sophie Kinsella",
                "contributor_note": "",
                "dagger": 0,
                "description": "When her boyfriend fails to propose yet again, Lottie impulsively decides to marry her old flame. Convinced Lottie is making a terrible mistake, her sister, Fliss, will do anything to stop her.",
                "first_chapter_link": "",
                "isbns": [
                    {
                        "isbn10": "0812993845",
                        "isbn13": "9780812993844"
                    },
                    {
                        "isbn10": "0812993853",
                        "isbn13": "9780812993851"
                    },
                    {
                        "isbn10": "0812984277",
                        "isbn13": "9780812984279"
                    }
                ],
                "price": 0,
                "primary_isbn10": "0812993845",
                "primary_isbn13": "9780812993844",
                "publisher": "Dial",
                "rank": 7,
                "rank_last_week": 0,
                "sunday_review_link": "",
                "title": "WEDDING NIGHT",
                "weeks_on_list": 0
            },
            {
                "age_group": "",
                "amazon_product_url": "http://www.amazon.com/Daddys-Gone-Hunting-Higgins-Clark-ebook/dp/B009R659L8?tag=thenewyorktim-20",
                "article_chapter_link": "",
                "asterisk": 0,
                "author": "Mary Higgins Clark",
                "book_image": "http://du.ec2.nytimes.com.s3.amazonaws.com/prd/books/9781451668964.jpg",
                "book_review_link": "",
                "contributor": "by Mary Higgins Clark",
                "contributor_note": "",
                "dagger": 0,
                "description": "An explosion at her family\u2019s antique furniture museum leaves a glamorous C.P.A. in a coma.",
                "first_chapter_link": "",
                "isbns": [
                    {
                        "isbn10": "1451668945",
                        "isbn13": "9781451668940"
                    },
                    {
                        "isbn10": "1451668961",
                        "isbn13": "9781451668964"
                    },
                    {
                        "isbn10": "141045598X",
                        "isbn13": "9781410455987"
                    },
                    {
                        "isbn10": "1451668953",
                        "isbn13": "9781451668957"
                    }
                ],
                "price": 0,
                "primary_isbn10": "1451668945",
                "primary_isbn13": "9781451668940",
                "publisher": "Simon & Schuster",
                "rank": 8,
                "rank_last_week": 0,
                "sunday_review_link": "",
                "title": "DADDY'S GONE A HUNTING",
                "weeks_on_list": 0
            },
            {
                "age_group": "",
                "amazon_product_url": "http://www.amazon.com/Gone-Girl-Novel-Gillian-Flynn-ebook/dp/B006LSZECO?tag=thenewyorktim-20",
                "article_chapter_link": "",
                "asterisk": 0,
                "author": "Gillian Flynn",
                "book_image": "http://du.ec2.nytimes.com.s3.amazonaws.com/prd/books/9780307588388.jpg",
                "book_review_link": "",
                "contributor": "by Gillian Flynn",
                "contributor_note": "",
                "dagger": 0,
                "description": "A woman disappears on the day of her fifth anniversary; is her husband a killer?",
                "first_chapter_link": "",
                "isbns": [
                    {
                        "isbn10": "030758836X",
                        "isbn13": "9780307588364"
                    },
                    {
                        "isbn10": "0307588386",
                        "isbn13": "9780307588388"
                    },
                    {
                        "isbn10": "1410450953",
                        "isbn13": "9781410450951"
                    },
                    {
                        "isbn10": "0297859382",
                        "isbn13": "9780297859383"
                    },
                    {
                        "isbn10": "0307588378",
                        "isbn13": "9780307588371"
                    },
                    {
                        "isbn10": "0297859390",
                        "isbn13": "9780297859390"
                    },
                    {
                        "isbn10": "159413605X",
                        "isbn13": "9781594136054"
                    },
                    {
                        "isbn10": "055341836X",
                        "isbn13": "9780553418361"
                    },
                    {
                        "isbn10": "0553418351",
                        "isbn13": "9780553418354"
                    },
                    {
                        "isbn10": "0606270175",
                        "isbn13": "9780606270175"
                    }
                ],
                "price": 0,
                "primary_isbn10": "030758836X",
                "primary_isbn13": "9780307588364",
                "publisher": "Crown",
                "rank": 9,
                "rank_last_week": 0,
                "sunday_review_link": "",
                "title": "GONE GIRL",
                "weeks_on_list": 0
            },
            {
                "age_group": "",
                "amazon_product_url": "http://www.amazon.com/The-Best-Me-Nicholas-Sparks/dp/0446547646?tag=thenewyorktim-20",
                "article_chapter_link": "",
                "asterisk": 0,
                "author": "Nicholas Sparks",
                "book_image": "http://du.ec2.nytimes.com.s3.amazonaws.com/prd/books/9780446547642.jpg",
                "book_review_link": "",
                "contributor": "by Nicholas Sparks",
                "contributor_note": "",
                "dagger": 0,
                "description": "Twenty-five years after their high school romance ended, a man and woman who have gone their separate ways return to their North Carolina town for the funeral of a friend.",
                "first_chapter_link": "",
                "isbns": [
                    {
                        "isbn10": "0446547654",
                        "isbn13": "9780446547659"
                    },
                    {
                        "isbn10": "0446547646",
                        "isbn13": "9780446547642"
                    },
                    {
                        "isbn10": "1455504106",
                        "isbn13": "9781455504107"
                    },
                    {
                        "isbn10": "0446547638",
                        "isbn13": "9780446547635"
                    },
                    {
                        "isbn10": "1455556556",
                        "isbn13": "9781455556557"
                    },
                    {
                        "isbn10": "1455556564",
                        "isbn13": "9781455556564"
                    }
                ],
                "price": 0,
                "primary_isbn10": "0446547638",
                "primary_isbn13": "9780446547635",
                "publisher": "Grand Central",
                "rank": 10,
                "rank_last_week": 0,
                "sunday_review_link": "",
                "title": "THE BEST OF ME",
                "weeks_on_list": 0
            },
            {
                "age_group": "",
                "amazon_product_url": "http://www.amazon.com/Game-Thrones-Song-Fire-Book-ebook/dp/B000QCS8TW?tag=thenewyorktim-20",
                "article_chapter_link": "http://www.nytimes.com/2011/04/10/arts/television/game-of-thrones-on-hbo-from-george-r-r-martin-novels.html",
                "asterisk": 0,
                "author": "George R R Martin",
                "book_image": "http://du.ec2.nytimes.com.s3.amazonaws.com/prd/books/9780553897845.jpg",
                "book_review_link": "",
                "contributor": "by George R. R. Martin",
                "contributor_note": "",
                "dagger": 0,
                "description": "In the frozen wastes to the north of Winterfell, sinister and supernatural forces are mustering; Book 1 of \"A Song of Ice and Fire.\"",
                "first_chapter_link": "",
                "isbns": [
                    {
                        "isbn10": "0553573403",
                        "isbn13": "9780553573404"
                    },
                    {
                        "isbn10": "0553386794",
                        "isbn13": "9780553386790"
                    },
                    {
                        "isbn10": "0553381687",
                        "isbn13": "9780553381689"
                    },
                    {
                        "isbn10": "0553593714",
                        "isbn13": "9780553593716"
                    },
                    {
                        "isbn10": "0553897845",
                        "isbn13": "9780553897845"
                    },
                    {
                        "isbn10": "0553103547",
                        "isbn13": "9780553103540"
                    },
                    {
                        "isbn10": "044042321X",
                        "isbn13": "9780440423218"
                    },
                    {
                        "isbn10": "0553588486",
                        "isbn13": "9780553588484"
                    }
                ],
                "price": 0,
                "primary_isbn10": "0553573403",
                "primary_isbn13": "9780553573404",
                "publisher": "Bantam",
                "rank": 11,
                "rank_last_week": 0,
                "sunday_review_link": "",
                "title": "A GAME OF THRONES",
                "weeks_on_list": 0
            },
            {
                "age_group": "",
                "amazon_product_url": "http://www.amazon.com/World-Market-Movie-Tie-In-Edition/dp/0770437400?tag=thenewyorktim-20",
                "article_chapter_link": "",
                "asterisk": 0,
                "author": "Max Brooks",
                "book_image": "http://du.ec2.nytimes.com.s3.amazonaws.com/prd/books/9780307351937.jpg",
                "book_review_link": "",
                "contributor": "by Max Brooks",
                "contributor_note": "",
                "dagger": 0,
                "description": "An \"oral history\" of an imagined Zombie War that nearly destroys civilization.",
                "first_chapter_link": "",
                "isbns": [
                    {
                        "isbn10": "0307346617",
                        "isbn13": "9780307346612"
                    },
                    {
                        "isbn10": "0307888681",
                        "isbn13": "9780307888686"
                    },
                    {
                        "isbn10": "0307351939",
                        "isbn13": "9780307351937"
                    },
                    {
                        "isbn10": "0770437419",
                        "isbn13": "9780770437411"
                    },
                    {
                        "isbn10": "0770437400",
                        "isbn13": "9780770437404"
                    }
                ],
                "price": 0,
                "primary_isbn10": "0307346617",
                "primary_isbn13": "9780307346612",
                "publisher": "Broadway",
                "rank": 12,
                "rank_last_week": 0,
                "sunday_review_link": "",
                "title": "WORLD WAR Z",
                "weeks_on_list": 0
            },
            {
                "age_group": "",
                "amazon_product_url": "http://www.amazon.com/Fifty-Shades-Grey-Book-Trilogy/dp/0345803485?tag=thenewyorktim-20",
                "article_chapter_link": "",
                "asterisk": 0,
                "author": "E L James",
                "book_image": "http://du.ec2.nytimes.com.s3.amazonaws.com/prd/books/9780345803481.jpg",
                "book_review_link": "",
                "contributor": "by E. L. James",
                "contributor_note": "",
                "dagger": 0,
                "description": "An inexperienced college student falls in love with a tortured man who has particular sexual tastes; the first book in a trilogy.",
                "first_chapter_link": "",
                "isbns": [
                    {
                        "isbn10": "1612130283",
                        "isbn13": "9781612130286"
                    },
                    {
                        "isbn10": "0345803485",
                        "isbn13": "9780345803481"
                    },
                    {
                        "isbn10": "0099579936",
                        "isbn13": "9780099579939"
                    },
                    {
                        "isbn10": "0385363125",
                        "isbn13": "9780385363129"
                    },
                    {
                        "isbn10": "0385537670",
                        "isbn13": "9780385537674"
                    },
                    {
                        "isbn10": "0345806751",
                        "isbn13": "9780345806758"
                    }
                ],
                "price": 0,
                "primary_isbn10": "0345803485",
                "primary_isbn13": "9780345803481",
                "publisher": "Vintage",
                "rank": 13,
                "rank_last_week": 0,
                "sunday_review_link": "",
                "title": "FIFTY SHADES OF GREY",
                "weeks_on_list": 0
            },
            {
                "age_group": "",
                "amazon_product_url": "http://www.amazon.com/The-Black-Harry-Bosch-Novel-ebook/dp/B0076DELIG?tag=thenewyorktim-20",
                "article_chapter_link": "",
                "asterisk": 0,
                "author": "Michael Connelly",
                "book_image": "http://du.ec2.nytimes.com.s3.amazonaws.com/prd/books/9780316069441.jpg",
                "book_review_link": "",
                "contributor": "by Michael Connelly",
                "contributor_note": "",
                "dagger": 0,
                "description": "In a case that spans 20 years, the Los Angeles detective Harry Bosch links a recent crime to the killing of a photographer amid the 1992 race riots.\u00a0",
                "first_chapter_link": "",
                "isbns": [
                    {
                        "isbn10": "0316069434",
                        "isbn13": "9780316069434"
                    },
                    {
                        "isbn10": "0316069442",
                        "isbn13": "9780316069441"
                    },
                    {
                        "isbn10": "0316069426",
                        "isbn13": "9780316069427"
                    },
                    {
                        "isbn10": "1455526959",
                        "isbn13": "9781455526956"
                    },
                    {
                        "isbn10": "0446556726",
                        "isbn13": "9780446556729"
                    }
                ],
                "price": 0,
                "primary_isbn10": "1455526959",
                "primary_isbn13": "9781455526956",
                "publisher": "Grand Central",
                "rank": 14,
                "rank_last_week": 0,
                "sunday_review_link": "",
                "title": "THE BLACK BOX",
                "weeks_on_list": 0
            },
            {
                "age_group": "",
                "amazon_product_url": "http://www.amazon.com/The-Burgess-Boys-A-Novel-ebook/dp/B009MYAWIA?tag=thenewyorktim-20",
                "article_chapter_link": "",
                "asterisk": 0,
                "author": "Elizabeth Strout",
                "book_image": "http://du.ec2.nytimes.com.s3.amazonaws.com/prd/books/9781400067688.jpg",
                "book_review_link": "",
                "contributor": "by Elizabeth Strout",
                "contributor_note": "",
                "dagger": 0,
                "description": "Two brothers, both lawyers, return to their Maine hometown to defend their troubled teenage nephew.",
                "first_chapter_link": "",
                "isbns": [
                    {
                        "isbn10": "1400067685",
                        "isbn13": "9781400067688"
                    },
                    {
                        "isbn10": "0812984617",
                        "isbn13": "9780812984613"
                    },
                    {
                        "isbn10": "0812979516",
                        "isbn13": "9780812979510"
                    }
                ],
                "price": 0,
                "primary_isbn10": "1400067685",
                "primary_isbn13": "9781400067688",
                "publisher": "Random House",
                "rank": 15,
                "rank_last_week": 0,
                "sunday_review_link": "http://www.nytimes.com/2013/04/28/books/review/the-burgess-boys-by-elizabeth-strout.html",
                "title": "THE BURGESS BOYS",
                "weeks_on_list": 0
            },
            {
                "age_group": "",
                "amazon_product_url": "http://www.amazon.com/Mystery-Woman-Ladies-Lantern-Street/dp/0515154210?tag=thenewyorktim-20",
                "article_chapter_link": "",
                "asterisk": 0,
                "author": "Amanda Quick",
                "book_image": "http://du.ec2.nytimes.com.s3.amazonaws.com/prd/books/9781101621172.jpg",
                "book_review_link": "",
                "contributor": "by Amanda Quick",
                "contributor_note": "",
                "dagger": 0,
                "description": "Joshua Gage, who carries out investigations for the crown, and Beatrice Lockwood are embroiled in a case of blackmail, mesmerism and madness; by Jayne Ann Krentz, writing pseudonymously.",
                "first_chapter_link": "",
                "isbns": [
                    {
                        "isbn10": "0399159096",
                        "isbn13": "9780399159091"
                    },
                    {
                        "isbn10": "0515154210",
                        "isbn13": "9780515154214"
                    }
                ],
                "price": 0,
                "primary_isbn10": "0399159096",
                "primary_isbn13": "9780399159091",
                "publisher": "Putnam",
                "rank": 16,
                "rank_last_week": 0,
                "sunday_review_link": "",
                "title": "THE MYSTERY WOMAN",
                "weeks_on_list": 0
            },
            {
                "age_group": "",
                "amazon_product_url": "http://www.amazon.com/Dont-Go-Lisa-Scottoline-ebook/dp/B008BU6THE?tag=thenewyorktim-20",
                "article_chapter_link": "",
                "asterisk": 0,
                "author": "Lisa Scottoline",
                "book_image": "http://du.ec2.nytimes.com.s3.amazonaws.com/prd/books/9781250025999.jpg",
                "book_review_link": "",
                "contributor": "by Lisa Scottoline",
                "contributor_note": "",
                "dagger": 0,
                "description": "An Army doctor returns home from Afghanistan to find that the life he left behind has fallen apart.",
                "first_chapter_link": "",
                "isbns": [
                    {
                        "isbn10": "1250010071",
                        "isbn13": "9781250010070"
                    },
                    {
                        "isbn10": "125001008X",
                        "isbn13": "9781250010087"
                    }
                ],
                "price": 0,
                "primary_isbn10": "1250010071",
                "primary_isbn13": "9781250010070",
                "publisher": "St. Martin's",
                "rank": 17,
                "rank_last_week": 0,
                "sunday_review_link": "",
                "title": "DON'T GO",
                "weeks_on_list": 0
            },
            {
                "age_group": "",
                "amazon_product_url": "http://www.amazon.com/Calico-Joe-Novel-John-Grisham/dp/0345541332?tag=thenewyorktim-20",
                "article_chapter_link": "",
                "asterisk": 0,
                "author": "John Grisham",
                "book_image": "http://du.ec2.nytimes.com.s3.amazonaws.com/prd/books/9780385536080.jpg",
                "book_review_link": "",
                "contributor": "by John Grisham",
                "contributor_note": "",
                "dagger": 0,
                "description": "In the summer of 1973, a fateful baseball play unites Joe Castle, a dazzling rookie; Warren Tracey, a hard-partying and hard-throwing pitcher, and Tracey\u2019s young son, Paul.",
                "first_chapter_link": "",
                "isbns": [
                    {
                        "isbn10": "0385536070",
                        "isbn13": "9780385536073"
                    },
                    {
                        "isbn10": "0385536089",
                        "isbn13": "9780385536080"
                    },
                    {
                        "isbn10": "0307990745",
                        "isbn13": "9780307990747"
                    },
                    {
                        "isbn10": "0385536097",
                        "isbn13": "9780385536097"
                    },
                    {
                        "isbn10": "0345536649",
                        "isbn13": "9780345536648"
                    },
                    {
                        "isbn10": "0345541332",
                        "isbn13": "9780345541338"
                    }
                ],
                "price": 0,
                "primary_isbn10": "0345541332",
                "primary_isbn13": "9780345541338",
                "publisher": "Dell",
                "rank": 18,
                "rank_last_week": 0,
                "sunday_review_link": "",
                "title": "CALICO JOE",
                "weeks_on_list": 0
            },
            {
                "age_group": "",
                "amazon_product_url": "http://www.amazon.com/The-Forgotten-David-Baldacci/dp/1455523151?tag=thenewyorktim-20",
                "article_chapter_link": "",
                "asterisk": 0,
                "author": "David Baldacci",
                "book_image": "http://du.ec2.nytimes.com.s3.amazonaws.com/prd/books/9781455523153.jpg",
                "book_review_link": "",
                "contributor": "by David Baldacci",
                "contributor_note": "",
                "dagger": 0,
                "description": "A special agent with the United States Army investigates his aunt\u2019s mysterious death in a picture-perfect town on Florida\u2019s Gulf Coast.",
                "first_chapter_link": "",
                "isbns": [
                    {
                        "isbn10": "0446573051",
                        "isbn13": "9780446573054"
                    },
                    {
                        "isbn10": "1455522643",
                        "isbn13": "9781455522644"
                    },
                    {
                        "isbn10": "0446573043",
                        "isbn13": "9780446573047"
                    },
                    {
                        "isbn10": "1455523151",
                        "isbn13": "9781455523153"
                    },
                    {
                        "isbn10": "044657306X",
                        "isbn13": "9780446573061"
                    }
                ],
                "price": 0,
                "primary_isbn10": "1455523151",
                "primary_isbn13": "9781455523153",
                "publisher": "Grand Central",
                "rank": 19,
                "rank_last_week": 0,
                "sunday_review_link": "",
                "title": "THE FORGOTTEN",
                "weeks_on_list": 0
            },
            {
                "age_group": "",
                "amazon_product_url": "http://www.amazon.com/The-Interestings-Novel-Meg-Wolitzer/dp/1594632340?tag=thenewyorktim-20",
                "article_chapter_link": "",
                "asterisk": 0,
                "author": "Meg Wolitzer",
                "book_image": "http://du.ec2.nytimes.com.s3.amazonaws.com/prd/books/9781594488399.jpg",
                "book_review_link": "",
                "contributor": "by Meg Wolitzer",
                "contributor_note": "",
                "dagger": 0,
                "description": "Six friends meet in the 1970s at a summer arts camp, and pursue success, and one another, over succeeding decades.",
                "first_chapter_link": "",
                "isbns": [
                    {
                        "isbn10": "1594488398",
                        "isbn13": "9781594488399"
                    },
                    {
                        "isbn10": "1594632340",
                        "isbn13": "9781594632341"
                    }
                ],
                "price": 0,
                "primary_isbn10": "1594488398",
                "primary_isbn13": "9781594488399",
                "publisher": "Riverhead",
                "rank": 20,
                "rank_last_week": 0,
                "sunday_review_link": "http://www.nytimes.com/2013/04/21/books/review/the-interestings-by-meg-wolitzer.html",
                "title": "THE INTERESTINGS",
                "weeks_on_list": 0
            }
        ],
        "corrections": [],
        "display_name": "Combined Hardcover & Paperback Fiction",
        "list_name": "Combined Print Fiction",
        "normal_list_ends_at": 0,
        "published_date": "2013-05-12",
        "updated": "WEEKLY"
    },
    "status": "OK"
}