{
    "copyright": "Copyright (c) 2014 The New York Times Company.  All Rights Reserved.",
    "last_modified": "2014-08-08T15:14:34-04:00",
    "num_results": 35,
    "results": {
        "bestsellers_date": "2013-04-27",
        "books": [
            {
                "age_group": "",
                "amazon_product_url": "http://www.amazon.com/Lets-Explore-Diabetes-David-Sedaris/dp/0316154709?tag=thenewyorktim-20",
                "article_chapter_link": "",
                "asterisk": 0,
                "author": "David Sedaris",
                "book_image": "http://du.ec2.nytimes.com.s3.amazonaws.com/prd/books/9780316125680.jpg",
                "book_review_link": "",
                "contributor": "by David Sedaris",
                "contributor_note": "",
                "dagger": 0,
                "description": "A humorist returns with more wry takes on contemporary life.",
                "first_chapter_link": "",
                "isbns": [
                    {
                        "isbn10": "0316154695",
                        "isbn13": "9780316154697"
                    },
                    {
                        "isbn10": "0316154709",
                        "isbn13": "9780316154703"
                    },
                    {
                        "isbn10": "1619696991",
                        "isbn13": "9781619696990"
                    }
                ],
                "price": 0,
                "primary_isbn10": "0316154695",
                "primary_isbn13": "9780316154697",
                "publisher": "Little, Brown",
                "rank": 1,
                "rank_last_week": 0,
                "sunday_review_link": "",
                "title": "LET'S EXPLORE DIABETES WITH OWLS",
                "weeks_on_list": 0
            },
            {
                "age_group": "",
                "amazon_product_url": "http://www.amazon.com/Lean-In-Women-Work-Will-ebook/dp/B009LMTDL0?tag=thenewyorktim-20",
                "article_chapter_link": "",
                "asterisk": 0,
                "author": "Sheryl Sandberg with Nell Scovell",
                "book_image": "http://du.ec2.nytimes.com.s3.amazonaws.com/prd/books/9780385349956.jpg",
                "book_review_link": "",
                "contributor": "by Sheryl Sandberg with Nell Scovell",
                "contributor_note": "",
                "dagger": 0,
                "description": "The chief operating officer of Facebook urges women to pursue their careers without ambivalence.",
                "first_chapter_link": "",
                "isbns": [
                    {
                        "isbn10": "0385349947",
                        "isbn13": "9780385349949"
                    },
                    {
                        "isbn10": "0385394233",
                        "isbn13": "9780385394239"
                    },
                    {
                        "isbn10": "0553544470",
                        "isbn13": "9780553544473"
                    }
                ],
                "price": 0,
                "primary_isbn10": "0385349947",
                "primary_isbn13": "9780385349949",
                "publisher": "Knopf",
                "rank": 2,
                "rank_last_week": 0,
                "sunday_review_link": "",
                "title": "LEAN IN",
                "weeks_on_list": 0
            },
            {
                "age_group": "",
                "amazon_product_url": "http://www.amazon.com/Proof-Heaven-Neurosurgeons-Journey-Afterlife/dp/1451695195?tag=thenewyorktim-20",
                "article_chapter_link": "",
                "asterisk": 0,
                "author": "Eben Alexander",
                "book_image": "http://du.ec2.nytimes.com.s3.amazonaws.com/prd/books/9781451695199.jpg",
                "book_review_link": "",
                "contributor": "by Eben Alexander",
                "contributor_note": "",
                "dagger": 0,
                "description": "A neurosurgeon recounts his near death experience during a coma from bacterial meningitis.",
                "first_chapter_link": "",
                "isbns": [
                    {
                        "isbn10": "1451695187",
                        "isbn13": "9781451695182"
                    },
                    {
                        "isbn10": "1451695195",
                        "isbn13": "9781451695199"
                    },
                    {
                        "isbn10": "1451695209",
                        "isbn13": "9781451695205"
                    },
                    {
                        "isbn10": "1476753024",
                        "isbn13": "9781476753027"
                    },
                    {
                        "isbn10": "1442359315",
                        "isbn13": "9781442359314"
                    },
                    {
                        "isbn10": "1410458806",
                        "isbn13": "9781410458803"
                    }
                ],
                "price": 0,
                "primary_isbn10": "1451695195",
                "primary_isbn13": "9781451695199",
                "publisher": "Simon & Schuster",
                "rank": 3,
                "rank_last_week": 0,
                "sunday_review_link": "",
                "title": "PROOF OF HEAVEN",
                "weeks_on_list": 0
            },
            {
                "age_group": "",
                "amazon_product_url": "http://www.amazon.com/Cooked-A-Natural-History-Transformation/dp/1594204217?tag=thenewyorktim-20",
                "article_chapter_link": "",
                "asterisk": 0,
                "author": "Michael Pollan",
                "book_image": "http://du.ec2.nytimes.com.s3.amazonaws.com/prd/books/9781594204210.jpg",
                "book_review_link": "http://www.nytimes.com/2013/04/16/books/cooked-by-michael-pollan-fillets-the-meanings-of-food.html",
                "contributor": "by Michael Pollan",
                "contributor_note": "",
                "dagger": 0,
                "description": "A celebration of braising, baking, grilling and fermenting.",
                "first_chapter_link": "",
                "isbns": [
                    {
                        "isbn10": "1594204217",
                        "isbn13": "9781594204210"
                    },
                    {
                        "isbn10": "0143125338",
                        "isbn13": "9780143125334"
                    }
                ],
                "price": 0,
                "primary_isbn10": "1594204217",
                "primary_isbn13": "9781594204210",
                "publisher": "Penguin Press",
                "rank": 4,
                "rank_last_week": 0,
                "sunday_review_link": "",
                "title": "COOKED",
                "weeks_on_list": 0
            },
            {
                "age_group": "",
                "amazon_product_url": "http://www.amazon.com/Wild-Found-Pacific-Crest-Trail-ebook/dp/B005IQZB14?tag=thenewyorktim-20",
                "article_chapter_link": "",
                "asterisk": 0,
                "author": "Cheryl Strayed",
                "book_image": "http://du.ec2.nytimes.com.s3.amazonaws.com/prd/books/9780307957658.jpg",
                "book_review_link": "",
                "contributor": "by Cheryl Strayed",
                "contributor_note": "",
                "dagger": 0,
                "description": "A woman\u2019s account of the life-changing 1,100-mile solo hike she took along the Pacific Crest Trail in 1995.",
                "first_chapter_link": "",
                "isbns": [
                    {
                        "isbn10": "0307592731",
                        "isbn13": "9780307592736"
                    },
                    {
                        "isbn10": "0307957659",
                        "isbn13": "9780307957658"
                    },
                    {
                        "isbn10": "0307476073",
                        "isbn13": "9780307476074"
                    },
                    {
                        "isbn10": "1594136742",
                        "isbn13": "9781594136740"
                    },
                    {
                        "isbn10": "0307970299",
                        "isbn13": "9780307970299"
                    },
                    {
                        "isbn10": "1101873442",
                        "isbn13": "9781101873441"
                    }
                ],
                "price": 0,
                "primary_isbn10": "0307476073",
                "primary_isbn13": "9780307476074",
                "publisher": "Vintage",
                "rank": 5,
                "rank_last_week": 0,
                "sunday_review_link": "",
                "title": "WILD",
                "weeks_on_list": 0
            },
            {
                "age_group": "",
                "amazon_product_url": "http://www.amazon.com/Trident-K9-Warriors-Training-Battlefield-ebook/dp/B00AAYF8W6?tag=thenewyorktim-20",
                "article_chapter_link": "",
                "asterisk": 0,
                "author": "Michael Ritland with Gary Brozek",
                "book_image": "http://du.ec2.nytimes.com.s3.amazonaws.com/prd/books/9781250024978.jpg",
                "book_review_link": "",
                "contributor": "by Michael Ritland with Gary Brozek",
                "contributor_note": "",
                "dagger": 0,
                "description": "A former member of the Navy SEALs describes his subsequent career finding, training and supplying working dogs to the U.S. military.",
                "first_chapter_link": "",
                "isbns": [
                    {
                        "isbn10": "1250024978",
                        "isbn13": "9781250024978"
                    },
                    {
                        "isbn10": "1250024986",
                        "isbn13": "9781250024985"
                    }
                ],
                "price": 0,
                "primary_isbn10": "1250024978",
                "primary_isbn13": "9781250024978",
                "publisher": "St. Martin's",
                "rank": 6,
                "rank_last_week": 0,
                "sunday_review_link": "",
                "title": "TRIDENT K9 WARRIORS",
                "weeks_on_list": 0
            },
            {
                "age_group": "",
                "amazon_product_url": "http://www.amazon.com/Waking-Up-Heaven-Story-Brokenness-ebook/dp/B00A25FG2A?tag=thenewyorktim-20",
                "article_chapter_link": "",
                "asterisk": 0,
                "author": "Crystal McVea",
                "book_image": "http://du.ec2.nytimes.com.s3.amazonaws.com/prd/books/9781476711881.jpg",
                "book_review_link": "",
                "contributor": "by Crystal McVea",
                "contributor_note": "",
                "dagger": 0,
                "description": "What happened to a teacher from Oklahoma during nine minutes of unconsciousness.",
                "first_chapter_link": "",
                "isbns": [
                    {
                        "isbn10": "1476711879",
                        "isbn13": "9781476711874"
                    },
                    {
                        "isbn10": "1476711887",
                        "isbn13": "9781476711881"
                    },
                    {
                        "isbn10": "1476735859",
                        "isbn13": "9781476735856"
                    },
                    {
                        "isbn10": "1442365552",
                        "isbn13": "9781442365551"
                    },
                    {
                        "isbn10": "1594154724",
                        "isbn13": "9781594154720"
                    }
                ],
                "price": 0,
                "primary_isbn10": "1476711879",
                "primary_isbn13": "9781476711874",
                "publisher": "Howard",
                "rank": 7,
                "rank_last_week": 0,
                "sunday_review_link": "",
                "title": "WAKING UP IN HEAVEN",
                "weeks_on_list": 0
            },
            {
                "age_group": "",
                "amazon_product_url": "http://www.amazon.com/America-Beautiful-Rediscovering-Nation-Great/dp/0310330718?tag=thenewyorktim-20",
                "article_chapter_link": "",
                "asterisk": 0,
                "author": "Ben Carson with Candy Carson",
                "book_image": "http://du.ec2.nytimes.com.s3.amazonaws.com/prd/books/9780310330714.jpg",
                "book_review_link": "",
                "contributor": "by Ben Carson with Candy Carson",
                "contributor_note": "",
                "dagger": 0,
                "description": "A doctor explores what makes America great.",
                "first_chapter_link": "",
                "isbns": [
                    {
                        "isbn10": "0310330718",
                        "isbn13": "9780310330714"
                    },
                    {
                        "isbn10": "0310330912",
                        "isbn13": "9780310330912"
                    },
                    {
                        "isbn10": "0310417341",
                        "isbn13": "9780310417347"
                    }
                ],
                "price": 0,
                "primary_isbn10": "0310330912",
                "primary_isbn13": "9780310330912",
                "publisher": "Zondervan",
                "rank": 8,
                "rank_last_week": 0,
                "sunday_review_link": "",
                "title": "AMERICA THE BEAUTIFUL",
                "weeks_on_list": 0
            },
            {
                "age_group": "",
                "amazon_product_url": "http://www.amazon.com/Dirty-Wars-The-World-Battlefield-ebook/dp/B00B3M3TS4?tag=thenewyorktim-20",
                "article_chapter_link": "",
                "asterisk": 0,
                "author": "Jeremy Scahill",
                "book_image": "http://du.ec2.nytimes.com.s3.amazonaws.com/prd/books/9781568586717.jpg",
                "book_review_link": "",
                "contributor": "by Jeremy Scahill",
                "contributor_note": "",
                "dagger": 0,
                "description": "America\u2019s new covert wars, fought by secret commandos.",
                "first_chapter_link": "",
                "isbns": [
                    {
                        "isbn10": "156858671X",
                        "isbn13": "9781568586717"
                    },
                    {
                        "isbn10": "1568587279",
                        "isbn13": "9781568587271"
                    }
                ],
                "price": 0,
                "primary_isbn10": "156858671X",
                "primary_isbn13": "9781568586717",
                "publisher": "Nation",
                "rank": 9,
                "rank_last_week": 0,
                "sunday_review_link": "",
                "title": "DIRTY WARS",
                "weeks_on_list": 0
            },
            {
                "age_group": "",
                "amazon_product_url": "http://www.amazon.com/Carrie-Me-Mother-Daughter-Love-Story-ebook/dp/B008J4B4VS?tag=thenewyorktim-20",
                "article_chapter_link": "",
                "asterisk": 0,
                "author": "Carol Burnett",
                "book_image": "http://du.ec2.nytimes.com.s3.amazonaws.com/prd/books/9781476706412.jpg",
                "book_review_link": "",
                "contributor": "by Carol Burnett",
                "contributor_note": "",
                "dagger": 0,
                "description": "The comedian recalls her oldest daughter, who died in 2002.\u00a0",
                "first_chapter_link": "",
                "isbns": [
                    {
                        "isbn10": "1476706417",
                        "isbn13": "9781476706412"
                    }
                ],
                "price": 0,
                "primary_isbn10": "1476706417",
                "primary_isbn13": "9781476706412",
                "publisher": "Simon & Schuster",
                "rank": 10,
                "rank_last_week": 0,
                "sunday_review_link": "",
                "title": "CARRIE AND ME",
                "weeks_on_list": 0
            },
            {
                "age_group": "",
                "amazon_product_url": "http://www.amazon.com/American-Sniper-Autobiography-Military-History/dp/0062238868?tag=thenewyorktim-20",
                "article_chapter_link": "",
                "asterisk": 0,
                "author": "Chris Kyle with Scott McEwen and Jim DeFelice",
                "book_image": "http://du.ec2.nytimes.com.s3.amazonaws.com/prd/books/9780062082374.jpg",
                "book_review_link": "",
                "contributor": "by Chris Kyle with Scott McEwen and Jim DeFelice",
                "contributor_note": "",
                "dagger": 0,
                "description": "A member of the Navy Seals who has the most career sniper kills in United States military history discusses his childhood, his marriage and his battlefield experiences during the Iraq war.",
                "first_chapter_link": "",
                "isbns": [
                    {
                        "isbn10": "0062082353",
                        "isbn13": "9780062082350"
                    },
                    {
                        "isbn10": "006208237X",
                        "isbn13": "9780062082374"
                    },
                    {
                        "isbn10": "0062209493",
                        "isbn13": "9780062209498"
                    },
                    {
                        "isbn10": "0062107062",
                        "isbn13": "9780062107060"
                    },
                    {
                        "isbn10": "0062238868",
                        "isbn13": "9780062238863"
                    },
                    {
                        "isbn10": "0062290797",
                        "isbn13": "9780062290793"
                    },
                    {
                        "isbn10": "0062376578",
                        "isbn13": "9780062376572"
                    },
                    {
                        "isbn10": "0062376330",
                        "isbn13": "9780062376336"
                    }
                ],
                "price": 0,
                "primary_isbn10": "0062238868",
                "primary_isbn13": "9780062238863",
                "publisher": "Harper",
                "rank": 11,
                "rank_last_week": 0,
                "sunday_review_link": "",
                "title": "AMERICAN SNIPER",
                "weeks_on_list": 0
            },
            {
                "age_group": "",
                "amazon_product_url": "http://www.amazon.com/My-Next-Step-Extraordinary-Journey/dp/1401943411?tag=thenewyorktim-20",
                "article_chapter_link": "",
                "asterisk": 0,
                "author": "Dave Liniger with Laura Morton",
                "book_image": "http://du.ec2.nytimes.com.s3.amazonaws.com/prd/books/9781401943417.jpg",
                "book_review_link": "",
                "contributor": "by Dave Liniger with Laura Morton",
                "contributor_note": "",
                "dagger": 0,
                "description": "The founder of Re/Max recounts his ordeal with a staph infection that left him paralyzed.",
                "first_chapter_link": "",
                "isbns": [
                    {
                        "isbn10": "1401943411",
                        "isbn13": "9781401943417"
                    }
                ],
                "price": 0,
                "primary_isbn10": "1401943411",
                "primary_isbn13": "9781401943417",
                "publisher": "Hay House",
                "rank": 12,
                "rank_last_week": 0,
                "sunday_review_link": "",
                "title": "MY NEXT STEP",
                "weeks_on_list": 0
            },
            {
                "age_group": "",
                "amazon_product_url": "http://www.amazon.com/Quiet-Power-Introverts-World-Talking-ebook/dp/B004J4WNL2?tag=thenewyorktim-20",
                "article_chapter_link": "",
                "asterisk": 0,
                "author": "Susan Cain",
                "book_image": "http://du.ec2.nytimes.com.s3.amazonaws.com/prd/books/9780307452207.jpg",
                "book_review_link": "",
                "contributor": "by Susan Cain",
                "contributor_note": "",
                "dagger": 0,
                "description": "Introverts -- one-third of the population -- are undervalued in American society.",
                "first_chapter_link": "",
                "isbns": [
                    {
                        "isbn10": "0307352145",
                        "isbn13": "9780307352149"
                    },
                    {
                        "isbn10": "0307452204",
                        "isbn13": "9780307452207"
                    },
                    {
                        "isbn10": "0307352153",
                        "isbn13": "9780307352156"
                    },
                    {
                        "isbn10": "1611734207",
                        "isbn13": "9781611734201"
                    },
                    {
                        "isbn10": "0739341243",
                        "isbn13": "9780739341247"
                    }
                ],
                "price": 0,
                "primary_isbn10": "0307352153",
                "primary_isbn13": "9780307352156",
                "publisher": "Broadway",
                "rank": 13,
                "rank_last_week": 0,
                "sunday_review_link": "",
                "title": "QUIET",
                "weeks_on_list": 0
            },
            {
                "age_group": "",
                "amazon_product_url": "http://www.amazon.com/The-New-Digital-Age-Reshaping/dp/0307957136?tag=thenewyorktim-20",
                "article_chapter_link": "",
                "asterisk": 0,
                "author": "Eric Schmidt and Jared Cohen",
                "book_image": "http://du.ec2.nytimes.com.s3.amazonaws.com/prd/books/9780307961105.jpg",
                "book_review_link": "http://www.nytimes.com/2013/04/26/books/the-new-digital-age-by-eric-schmidt-and-jared-cohen.html",
                "contributor": "by Eric Schmidt and Jared Cohen",
                "contributor_note": "",
                "dagger": 0,
                "description": "The promise and peril of the continuing information and technology revolution for people, nations and business.",
                "first_chapter_link": "",
                "isbns": [
                    {
                        "isbn10": "0307957136",
                        "isbn13": "9780307957139"
                    },
                    {
                        "isbn10": "0307961109",
                        "isbn13": "9780307961105"
                    }
                ],
                "price": 0,
                "primary_isbn10": "0307957136",
                "primary_isbn13": "9780307957139",
                "publisher": "Knopf",
                "rank": 14,
                "rank_last_week": 0,
                "sunday_review_link": "",
                "title": "THE NEW DIGITAL AGE",
                "weeks_on_list": 0
            },
            {
                "age_group": "",
                "amazon_product_url": "http://www.amazon.com/The-Way-Knife-Secret-Earth/dp/1594204802?tag=thenewyorktim-20",
                "article_chapter_link": "",
                "asterisk": 0,
                "author": "Mark Mazzetti",
                "book_image": "http://du.ec2.nytimes.com.s3.amazonaws.com/prd/books/9781594204807.jpg",
                "book_review_link": "http://www.nytimes.com/2013/04/25/books/the-way-of-the-knife-by-mark-mazzetti.html",
                "contributor": "by Mark Mazzetti",
                "contributor_note": "",
                "dagger": 0,
                "description": "The Times\u2019s national security correspondent describes how the lines between the C.I.A. and the American military have been blurred.",
                "first_chapter_link": "",
                "isbns": [
                    {
                        "isbn10": "1594204802",
                        "isbn13": "9781594204807"
                    }
                ],
                "price": 0,
                "primary_isbn10": "1594204802",
                "primary_isbn13": "9781594204807",
                "publisher": "Penguin Press",
                "rank": 15,
                "rank_last_week": 0,
                "sunday_review_link": "",
                "title": "WAY OF THE KNIFE",
                "weeks_on_list": 0
            },
            {
                "age_group": "",
                "amazon_product_url": "http://www.amazon.com/Gulp-Adventures-Alimentary-Mary-Roach-ebook/dp/B00AN86JZ4?tag=thenewyorktim-20",
                "article_chapter_link": "",
                "asterisk": 0,
                "author": "Mary Roach",
                "book_image": "http://du.ec2.nytimes.com.s3.amazonaws.com/prd/books/9780393240306.jpg",
                "book_review_link": "",
                "contributor": "by Mary Roach",
                "contributor_note": "",
                "dagger": 0,
                "description": "A science writer\u2019s pilgrimage down the digestive tract; by the author of \u201cStiff,\u201d \u201cSpook,\u201d \u201cBonk\u201d and \u201cPacking for Mars.\u201d",
                "first_chapter_link": "",
                "isbns": [
                    {
                        "isbn10": "0393081575",
                        "isbn13": "9780393081572"
                    },
                    {
                        "isbn10": "0393348741",
                        "isbn13": "9780393348743"
                    }
                ],
                "price": 0,
                "primary_isbn10": "0393081575",
                "primary_isbn13": "9780393081572",
                "publisher": "Norton",
                "rank": 16,
                "rank_last_week": 0,
                "sunday_review_link": "",
                "title": "GULP",
                "weeks_on_list": 0
            },
            {
                "age_group": "",
                "amazon_product_url": "http://www.amazon.com/The-Duck-Commander-Family-Dynasty/dp/147670354X?tag=thenewyorktim-20",
                "article_chapter_link": "",
                "asterisk": 0,
                "author": "Willie and Korie Robertson with Mark Schlabach",
                "book_image": "http://du.ec2.nytimes.com.s3.amazonaws.com/prd/books/9781476703541.jpg",
                "book_review_link": "",
                "contributor": "by Willie and Korie Robertson with Mark Schlabach",
                "contributor_note": "",
                "dagger": 0,
                "description": "Behind the scenes at the A&E show \u201cDuck Dynasty.\u201d",
                "first_chapter_link": "",
                "isbns": [
                    {
                        "isbn10": "147670354X",
                        "isbn13": "9781476703541"
                    }
                ],
                "price": 0,
                "primary_isbn10": "147670354X",
                "primary_isbn13": "9781476703541",
                "publisher": "Howard",
                "rank": 17,
                "rank_last_week": 0,
                "sunday_review_link": "",
                "title": "DUCK COMMANDERS",
                "weeks_on_list": 0
            },
            {
                "age_group": "",
                "amazon_product_url": "http://www.amazon.com/Thinking-Fast-Slow-Daniel-Kahneman-ebook/dp/B00555X8OA?tag=thenewyorktim-20",
                "article_chapter_link": "",
                "asterisk": 0,
                "author": "Daniel Kahneman",
                "book_image": "http://du.ec2.nytimes.com.s3.amazonaws.com/prd/books/9781429969352.jpg",
                "book_review_link": "",
                "contributor": "by Daniel Kahneman",
                "contributor_note": "",
                "dagger": 0,
                "description": "The winner of a Nobel in economic science discusses how we make choices in business and personal life and when we can and cannot trust our intuitions.",
                "first_chapter_link": "",
                "isbns": [
                    {
                        "isbn10": "0374275637",
                        "isbn13": "9780374275631"
                    },
                    {
                        "isbn10": "0739357980",
                        "isbn13": "9780739357989"
                    },
                    {
                        "isbn10": "0374533555",
                        "isbn13": "9780374533557"
                    }
                ],
                "price": 0,
                "primary_isbn10": "0374533555",
                "primary_isbn13": "9780374533557",
                "publisher": "Farrar, Straus & Giroux",
                "rank": 18,
                "rank_last_week": 0,
                "sunday_review_link": "",
                "title": "THINKING, FAST AND SLOW",
                "weeks_on_list": 0
            },
            {
                "age_group": "",
                "amazon_product_url": "http://www.amazon.com/Ill-See-Again-Jackie-Hance-ebook/dp/B00A6CJUWQ?tag=thenewyorktim-20",
                "article_chapter_link": "",
                "asterisk": 0,
                "author": "Jackie Hance with Janice Kaplan",
                "book_image": "http://du.ec2.nytimes.com.s3.amazonaws.com/prd/books/9781451674774.jpg",
                "book_review_link": "",
                "contributor": "by Jackie Hance with Janice Kaplan",
                "contributor_note": "",
                "dagger": 0,
                "description": "The experience of a mother whose three daughters were killed when her sister-in-law drove the wrong way down the Taconic Parkway.",
                "first_chapter_link": "",
                "isbns": [
                    {
                        "isbn10": "1451674775",
                        "isbn13": "9781451674774"
                    }
                ],
                "price": 0,
                "primary_isbn10": "1451674775",
                "primary_isbn13": "9781451674774",
                "publisher": "Gallery",
                "rank": 19,
                "rank_last_week": 0,
                "sunday_review_link": "",
                "title": "I'LL SEE YOU AGAIN",
                "weeks_on_list": 0
            },
            {
                "age_group": "",
                "amazon_product_url": "http://www.amazon.com/Unbroken-World-Survival-Resilience-Redemption/dp/1400064163?tag=thenewyorktim-20",
                "article_chapter_link": "",
                "asterisk": 0,
                "author": "Laura Hillenbrand",
                "book_image": "http://du.ec2.nytimes.com.s3.amazonaws.com/prd/books/9781400064168.jpg",
                "book_review_link": "",
                "contributor": "by Laura Hillenbrand",
                "contributor_note": "",
                "dagger": 0,
                "description": "An Olympic runner's story of survival as a prisoner of the Japanese in World War II.",
                "first_chapter_link": "",
                "isbns": [
                    {
                        "isbn10": "1400064163",
                        "isbn13": "9781400064168"
                    },
                    {
                        "isbn10": "0679603751",
                        "isbn13": "9780679603757"
                    },
                    {
                        "isbn10": "0375435018",
                        "isbn13": "9780375435010"
                    },
                    {
                        "isbn10": "0739319698",
                        "isbn13": "9780739319697"
                    },
                    {
                        "isbn10": "0007378033",
                        "isbn13": "9780007378036"
                    },
                    {
                        "isbn10": "0812974492",
                        "isbn13": "9780812974492"
                    },
                    {
                        "isbn10": "0606355987",
                        "isbn13": "9780606355988"
                    },
                    {
                        "isbn10": "081298711X",
                        "isbn13": "9780812987119"
                    },
                    {
                        "isbn10": "0553397117",
                        "isbn13": "9780553397116"
                    },
                    {
                        "isbn10": "1101912626",
                        "isbn13": "9781101912621"
                    },
                    {
                        "isbn10": "0375990623",
                        "isbn13": "9780375990625"
                    }
                ],
                "price": 0,
                "primary_isbn10": "1400064163",
                "primary_isbn13": "9781400064168",
                "publisher": "Random House",
                "rank": 20,
                "rank_last_week": 0,
                "sunday_review_link": "",
                "title": "UNBROKEN",
                "weeks_on_list": 0
            }
        ],
        "corrections": [],
        "display_name": "Combined Hardcover & Paperback Nonfiction",
        "list_name": "Combined Print Nonfiction",
        "normal_list_ends_at": 0,
        "published_date": "2013-05-12",
        "updated": "WEEKLY"
    },
    "status": "OK"
}