{
    "copyright": "Copyright (c) 2014 The New York Times Company.  All Rights Reserved.",
    "last_modified": "2014-12-08T17:00:55-05:00",
    "num_results": 15,
    "results": {
        "bestsellers_date": "2014-11-29",
        "books": [
            {
                "age_group": "",
                "amazon_product_url": "http://www.amazon.com/Lying-Wait-Rules-Crime-Vol-17/dp/1451648294?tag=thenewyorktim-20",
                "article_chapter_link": "",
                "asterisk": 0,
                "author": "Ann Rule",
                "book_image": "http://du.ec2.nytimes.com.s3.amazonaws.com/prd/books/9781451648317.jpeg",
                "book_review_link": "",
                "contributor": "by Ann Rule",
                "contributor_note": "",
                "dagger": 0,
                "description": "A collection of true crime stories.",
                "first_chapter_link": "",
                "isbns": [
                    {
                        "isbn10": "1451648294",
                        "isbn13": "9781451648294"
                    }
                ],
                "price": 0,
                "primary_isbn10": "None",
                "primary_isbn13": "9781451648317",
                "publisher": "Pocket",
                "rank": 1,
                "rank_last_week": 0,
                "sunday_review_link": "",
                "title": "LYING IN WAIT",
                "weeks_on_list": 0
            },
            {
                "age_group": "",
                "amazon_product_url": "http://www.amazon.com/Just-Mercy-Story-Justice-Redemption-ebook/dp/B00JYWVYLY?tag=thenewyorktim-20",
                "article_chapter_link": "",
                "asterisk": 0,
                "author": "Bryan Stevenson",
                "book_image": "http://du.ec2.nytimes.com.s3.amazonaws.com/prd/books/9780812994520.jpeg",
                "book_review_link": "",
                "contributor": "by Bryan Stevenson",
                "contributor_note": "",
                "dagger": 0,
                "description": "The executive director of the Equal Justice Initiative in Alabama describes his work in defense of poor people and the unjustly accused.",
                "first_chapter_link": "",
                "isbns": [
                    {
                        "isbn10": "0812994523",
                        "isbn13": "9780812994520"
                    },
                    {
                        "isbn10": "0553550608",
                        "isbn13": "9780553550603"
                    }
                ],
                "price": 0,
                "primary_isbn10": "0812994523",
                "primary_isbn13": "9780812994520",
                "publisher": "Spiegel & Grau",
                "rank": 2,
                "rank_last_week": 0,
                "sunday_review_link": "",
                "title": "JUST MERCY",
                "weeks_on_list": 0
            },
            {
                "age_group": "",
                "amazon_product_url": "http://www.amazon.com/Orange-Is-New-Black-Womens-ebook/dp/B0036S4B6M?tag=thenewyorktim-20",
                "article_chapter_link": "",
                "asterisk": 0,
                "author": "Piper Kerman",
                "book_image": "http://du.ec2.nytimes.com.s3.amazonaws.com/prd/books/9780385530262.jpg",
                "book_review_link": "",
                "contributor": "by Piper Kerman",
                "contributor_note": "",
                "dagger": 0,
                "description": "A memoir by a Brooklyn woman whose relationship with a drug runner gets her sentenced to a year in prison. The basis for the Netflix series, \noriginally published in 2010.",
                "first_chapter_link": "",
                "isbns": [
                    {
                        "isbn10": "0385530269",
                        "isbn13": "9780385530262"
                    },
                    {
                        "isbn10": "0385523394",
                        "isbn13": "9780385523394"
                    },
                    {
                        "isbn10": "0812986180",
                        "isbn13": "9780812986181"
                    }
                ],
                "price": 0,
                "primary_isbn10": "0385523394",
                "primary_isbn13": "9780385523394",
                "publisher": "Spiegel & Grau",
                "rank": 3,
                "rank_last_week": 0,
                "sunday_review_link": "",
                "title": "ORANGE IS THE NEW BLACK",
                "weeks_on_list": 0
            },
            {
                "age_group": "",
                "amazon_product_url": "http://www.amazon.com/Spam-Nation-Organized-Cybercrime-Epidemic/dp/1402295618?tag=thenewyorktim-20",
                "article_chapter_link": "",
                "asterisk": 0,
                "author": "Brian Krebs",
                "book_image": "http://du.ec2.nytimes.com.s3.amazonaws.com/prd/books/9781402295614.jpeg",
                "book_review_link": "",
                "contributor": "by Brian Krebs",
                "contributor_note": "",
                "dagger": 0,
                "description": "The inside story of organized cybercrime on a global scale.",
                "first_chapter_link": "",
                "isbns": [
                    {
                        "isbn10": "1402295618",
                        "isbn13": "9781402295614"
                    },
                    {
                        "isbn10": "1402295626",
                        "isbn13": "9781402295621"
                    }
                ],
                "price": 0,
                "primary_isbn10": "1402295618",
                "primary_isbn13": "9781402295614",
                "publisher": "Sourcebooks",
                "rank": 4,
                "rank_last_week": 0,
                "sunday_review_link": "",
                "title": "SPAM NATION",
                "weeks_on_list": 0
            },
            {
                "age_group": "",
                "amazon_product_url": "http://www.amazon.com/Foxcatcher-Brothers-Murder-Madness-Olympic-ebook/dp/B00KWG5SI6?tag=thenewyorktim-20",
                "article_chapter_link": "",
                "asterisk": 0,
                "author": "Mark Schultz with David Thomas",
                "book_image": "http://du.ec2.nytimes.com.s3.amazonaws.com/prd/books/9780698188709.jpeg",
                "book_review_link": "",
                "contributor": "by Mark Schultz with David Thomas",
                "contributor_note": "",
                "dagger": 0,
                "description": "Olympic wrestling gold medal-winning brothers Mark Schultz and Dave Schultz and what came to be a fatal relationship with John du Pont.",
                "first_chapter_link": "",
                "isbns": [
                    {
                        "isbn10": "0525955038",
                        "isbn13": "9780525955030"
                    }
                ],
                "price": 0,
                "primary_isbn10": "None",
                "primary_isbn13": "9780698188709",
                "publisher": "Dutton/Penguin",
                "rank": 5,
                "rank_last_week": 0,
                "sunday_review_link": "",
                "title": "FOXCATCHER",
                "weeks_on_list": 0
            },
            {
                "age_group": "",
                "amazon_product_url": "http://www.amazon.com/Practice-Deceive-Ann-Rule/dp/1416544623?tag=thenewyorktim-20",
                "article_chapter_link": "",
                "asterisk": 0,
                "author": "Ann Rule",
                "book_image": "http://du.ec2.nytimes.com.s3.amazonaws.com/prd/books/9781451687378.jpg",
                "book_review_link": "",
                "contributor": "by Ann Rule",
                "contributor_note": "",
                "dagger": 0,
                "description": "Sex, greed and scandal motivate a murder on Washington State\u2019s Whidbey Island.",
                "first_chapter_link": "",
                "isbns": [
                    {
                        "isbn10": "1416544623",
                        "isbn13": "9781416544623"
                    },
                    {
                        "isbn10": "1451687370",
                        "isbn13": "9781451687378"
                    },
                    {
                        "isbn10": "1416544631",
                        "isbn13": "9781416544630"
                    }
                ],
                "price": 0,
                "primary_isbn10": "1416544631",
                "primary_isbn13": "9781416544630",
                "publisher": "Simon & Schuster",
                "rank": 6,
                "rank_last_week": 0,
                "sunday_review_link": "",
                "title": "PRACTICE TO DECEIVE",
                "weeks_on_list": 0
            },
            {
                "age_group": "",
                "amazon_product_url": "http://www.amazon.com/Empire-Sin-Murder-Battle-Orleans/dp/0770437060?tag=thenewyorktim-20",
                "article_chapter_link": "",
                "asterisk": 0,
                "author": "Gary Krist",
                "book_image": "http://du.ec2.nytimes.com.s3.amazonaws.com/prd/books/9780770437060.jpeg",
                "book_review_link": "",
                "contributor": "by Gary Krist",
                "contributor_note": "",
                "dagger": 0,
                "description": "The war against long-standing commercialized vice and endemic corruption and crime in Storyville and throughout New Orleans.",
                "first_chapter_link": "",
                "isbns": [
                    {
                        "isbn10": "0770437060",
                        "isbn13": "9780770437060"
                    },
                    {
                        "isbn10": "0770437079",
                        "isbn13": "9780770437077"
                    }
                ],
                "price": 0,
                "primary_isbn10": "0770437060",
                "primary_isbn13": "9780770437060",
                "publisher": "Crown",
                "rank": 7,
                "rank_last_week": 0,
                "sunday_review_link": "",
                "title": "EMPIRE OF SIN",
                "weeks_on_list": 0
            },
            {
                "age_group": "",
                "amazon_product_url": "http://www.amazon.com/The-Art-Robert-E-McGinnis/dp/1781162174?tag=thenewyorktim-20",
                "article_chapter_link": "",
                "asterisk": 0,
                "author": "Robert E McGinnis and Art Scott",
                "book_image": "http://du.ec2.nytimes.com.s3.amazonaws.com/prd/books/9781781162170.jpeg",
                "book_review_link": "",
                "contributor": "by Robert E. McGinnis and Art Scott",
                "contributor_note": "",
                "dagger": 0,
                "description": "A celebration of the work of the artist known for his signature mid-century cover illustrations for True Detective and Master Detective magazines and other crime paperbacks.",
                "first_chapter_link": "",
                "isbns": [
                    {
                        "isbn10": "1781162174",
                        "isbn13": "9781781162170"
                    }
                ],
                "price": 0,
                "primary_isbn10": "1781162174",
                "primary_isbn13": "9781781162170",
                "publisher": "Titan Books",
                "rank": 8,
                "rank_last_week": 0,
                "sunday_review_link": "",
                "title": "THE ART OF ROBERT E McGINNIS",
                "weeks_on_list": 0
            },
            {
                "age_group": "",
                "amazon_product_url": "http://www.amazon.com/The-Murder-Century-Scandalized-Sparked-ebook/dp/B004J4WLLE?tag=thenewyorktim-20",
                "article_chapter_link": "",
                "asterisk": 0,
                "author": "Paul Collins",
                "book_image": "http://du.ec2.nytimes.com.s3.amazonaws.com/prd/books/9780307592224.jpeg",
                "book_review_link": "",
                "contributor": "by Paul Collins",
                "contributor_note": "",
                "dagger": 0,
                "description": "How a baffling and salacious murder case in 1897 New York City launched the tabloid media war of moguls Pulitzer and Hearst.",
                "first_chapter_link": "",
                "isbns": [
                    {
                        "isbn10": "0307592227",
                        "isbn13": "9780307592224"
                    },
                    {
                        "isbn10": "0307592219",
                        "isbn13": "9780307592217"
                    }
                ],
                "price": 0,
                "primary_isbn10": "0307592227",
                "primary_isbn13": "9780307592224",
                "publisher": "Broadway",
                "rank": 9,
                "rank_last_week": 0,
                "sunday_review_link": "",
                "title": "THE MURDER OF THE CENTURY",
                "weeks_on_list": 0
            },
            {
                "age_group": "",
                "amazon_product_url": "http://www.amazon.com/Tinseltown-Murder-Morphine-Madness-Hollywood/dp/0062242164?tag=thenewyorktim-20",
                "article_chapter_link": "",
                "asterisk": 0,
                "author": "William J Mann",
                "book_image": "http://du.ec2.nytimes.com.s3.amazonaws.com/prd/books/9780062242167.jpg",
                "book_review_link": "",
                "contributor": "by William J. Mann",
                "contributor_note": "",
                "dagger": 0,
                "description": "The murder of William Desmond Taylor, the president of the Motion Picture Directors Association has been an unsolved crime since 1922.",
                "first_chapter_link": "",
                "isbns": [
                    {
                        "isbn10": "0062242164",
                        "isbn13": "9780062242167"
                    }
                ],
                "price": 0,
                "primary_isbn10": "0062242164",
                "primary_isbn13": "9780062242167",
                "publisher": "Harper",
                "rank": 10,
                "rank_last_week": 0,
                "sunday_review_link": "",
                "title": "TINSELTOWN",
                "weeks_on_list": 0
            },
            {
                "age_group": "",
                "amazon_product_url": "http://www.amazon.com/My-Beloved-World-Sonia-Sotomayor-ebook/dp/B00957T7CQ?tag=thenewyorktim-20",
                "article_chapter_link": "",
                "asterisk": 0,
                "author": "Sonia Sotomayor",
                "book_image": "http://du.ec2.nytimes.com.s3.amazonaws.com/prd/books/9780307594884.jpg",
                "book_review_link": "",
                "contributor": "by Sonia Sotomayor",
                "contributor_note": "",
                "dagger": 0,
                "description": "The Supreme Court justice recalls growing up in the Bronx, attending Princeton and becoming a federal judge.",
                "first_chapter_link": "",
                "isbns": [
                    {
                        "isbn10": "0307594882",
                        "isbn13": "9780307594884"
                    },
                    {
                        "isbn10": "0307913104",
                        "isbn13": "9780307913104"
                    },
                    {
                        "isbn10": "034580483X",
                        "isbn13": "9780345804839"
                    }
                ],
                "price": 0,
                "primary_isbn10": "034580483X",
                "primary_isbn13": "9780345804839",
                "publisher": "Vintage",
                "rank": 11,
                "rank_last_week": 0,
                "sunday_review_link": "",
                "title": "MY BELOVED WORLD",
                "weeks_on_list": 0
            },
            {
                "age_group": "",
                "amazon_product_url": "http://www.amazon.com/Corruption-America-Benjamin-Franklins-Citizens/dp/0674050401?tag=thenewyorktim-20",
                "article_chapter_link": "",
                "asterisk": 0,
                "author": "Zephyr Teachout",
                "book_image": "http://du.ec2.nytimes.com.s3.amazonaws.com/prd/books/9780674050402.jpeg",
                "book_review_link": "",
                "contributor": "by Zephyr Teachout",
                "contributor_note": "",
                "dagger": 0,
                "description": "From Benjamin Franklin's diamond- encrusted snuff box to today's Citizens United, the history of the understanding of political corruption in America.",
                "first_chapter_link": "",
                "isbns": [
                    {
                        "isbn10": "0674050401",
                        "isbn13": "9780674050402"
                    }
                ],
                "price": 0,
                "primary_isbn10": "0674050401",
                "primary_isbn13": "9780674050402",
                "publisher": "Harvard University Press",
                "rank": 12,
                "rank_last_week": 0,
                "sunday_review_link": "",
                "title": "CORRUPTION IN AMERICA",
                "weeks_on_list": 0
            },
            {
                "age_group": "",
                "amazon_product_url": "http://www.amazon.com/Lost-Girls-Unsolved-American-Mystery-ebook/dp/B009NF6ZJI?tag=thenewyorktim-20",
                "article_chapter_link": "",
                "asterisk": 0,
                "author": "Robert Kolker",
                "book_image": "http://du.ec2.nytimes.com.s3.amazonaws.com/prd/books/9780062183675.jpg",
                "book_review_link": "",
                "contributor": "by Robert Kolker",
                "contributor_note": "",
                "dagger": 0,
                "description": "An account of the troubled young Internet prostitutes whose bodies were found in Suffolk County, Long Island, in 2010; the cases have not been solved.",
                "first_chapter_link": "",
                "isbns": [
                    {
                        "isbn10": "0062183672",
                        "isbn13": "9780062183675"
                    },
                    {
                        "isbn10": "006218363X",
                        "isbn13": "9780062183637"
                    },
                    {
                        "isbn10": "0062183656",
                        "isbn13": "9780062183651"
                    }
                ],
                "price": 0,
                "primary_isbn10": "0062183672",
                "primary_isbn13": "9780062183675",
                "publisher": "HarperCollins",
                "rank": 13,
                "rank_last_week": 0,
                "sunday_review_link": "",
                "title": "LOST GIRLS",
                "weeks_on_list": 0
            },
            {
                "age_group": "",
                "amazon_product_url": "http://www.amazon.com/Other-Survival-Signals-Protect-Violence/dp/0440508835?tag=thenewyorktim-20",
                "article_chapter_link": "",
                "asterisk": 0,
                "author": "Gavin De Becker",
                "book_image": "http://du.ec2.nytimes.com.s3.amazonaws.com/prd/books/9780440508830.jpg",
                "book_review_link": "",
                "contributor": "by Gavin De Becker",
                "contributor_note": "",
                "dagger": 0,
                "description": "Intuitive signals that can protect us from becoming the victims violence.",
                "first_chapter_link": "",
                "isbns": [
                    {
                        "isbn10": "0440508835",
                        "isbn13": "9780440508830"
                    },
                    {
                        "isbn10": "0440226198",
                        "isbn13": "9780440226192"
                    }
                ],
                "price": 0,
                "primary_isbn10": "0440508835",
                "primary_isbn13": "9780440508830",
                "publisher": "Random House",
                "rank": 14,
                "rank_last_week": 0,
                "sunday_review_link": "",
                "title": "THE GIFT OF FEAR",
                "weeks_on_list": 0
            },
            {
                "age_group": "",
                "amazon_product_url": "http://www.amazon.com/Assassins-Eccentrics-Politicians-Persons-Interest/dp/1628461268?tag=thenewyorktim-20",
                "article_chapter_link": "",
                "asterisk": 0,
                "author": "Curtis Wilkie",
                "book_image": "http://du.ec2.nytimes.com.s3.amazonaws.com/prd/books/9781628461268.jpeg",
                "book_review_link": "",
                "contributor": "by Curtis Wilkie",
                "contributor_note": "",
                "dagger": 0,
                "description": "",
                "first_chapter_link": "",
                "isbns": [
                    {
                        "isbn10": "1628461268",
                        "isbn13": "9781628461268"
                    }
                ],
                "price": 0,
                "primary_isbn10": "1628461268",
                "primary_isbn13": "9781628461268",
                "publisher": "University Press of Mississippi",
                "rank": 15,
                "rank_last_week": 0,
                "sunday_review_link": "",
                "title": "ASSASSINS, ECCENTRICS, POLITICIANS, AND OTHER PERSONS OF INTEREST",
                "weeks_on_list": 0
            }
        ],
        "corrections": [],
        "display_name": "Crime and Punishment",
        "list_name": "Crime and Punishment",
        "normal_list_ends_at": 10,
        "published_date": "2014-12-14",
        "updated": "MONTHLY"
    },
    "status": "OK"
}