{
    "copyright": "Copyright (c) 2014 The New York Times Company.  All Rights Reserved.",
    "last_modified": "2014-12-08T19:00:06-05:00",
    "num_results": 15,
    "results": {
        "bestsellers_date": "2014-11-29",
        "books": [
            {
                "age_group": "",
                "amazon_product_url": "http://www.amazon.com/As-You-Wish-Inconceivable-Princess/dp/1476764026?tag=thenewyorktim-20",
                "article_chapter_link": "",
                "asterisk": 0,
                "author": "Cary Elwes with Joe Layden",
                "book_image": "http://du.ec2.nytimes.com.s3.amazonaws.com/prd/books/9781476764030.jpeg",
                "book_review_link": "",
                "contributor": "by Cary Elwes with Joe Layden",
                "contributor_note": "",
                "dagger": 0,
                "description": "The making of the movie \u201cThe Princess Bride,\u201d 25 years ago.",
                "first_chapter_link": "",
                "isbns": [
                    {
                        "isbn10": "1476764026",
                        "isbn13": "9781476764023"
                    },
                    {
                        "isbn10": "1442383453",
                        "isbn13": "9781442383456"
                    }
                ],
                "price": 0,
                "primary_isbn10": "1476764026",
                "primary_isbn13": "9781476764023",
                "publisher": "Touchstone/Simon & Schuster",
                "rank": 1,
                "rank_last_week": 0,
                "sunday_review_link": "",
                "title": "AS YOU WISH",
                "weeks_on_list": 0
            },
            {
                "age_group": "",
                "amazon_product_url": "http://www.amazon.com/Neil-Patrick-Harris-Choose-Autobiography/dp/0385346999?tag=thenewyorktim-20",
                "article_chapter_link": "",
                "asterisk": 0,
                "author": "Neil Patrick Harris with David Javerbaum",
                "book_image": "http://du.ec2.nytimes.com.s3.amazonaws.com/prd/books/9780385347006.jpeg",
                "book_review_link": "",
                "contributor": "by Neil Patrick Harris with David Javerbaum",
                "contributor_note": "",
                "dagger": 0,
                "description": "The actor\u2019s life story is structured as a Choose Your Own Adventure book.",
                "first_chapter_link": "",
                "isbns": [
                    {
                        "isbn10": "0385346999",
                        "isbn13": "9780385346993"
                    },
                    {
                        "isbn10": "0385347006",
                        "isbn13": "9780385347006"
                    }
                ],
                "price": 0,
                "primary_isbn10": "0385346999",
                "primary_isbn13": "9780385346993",
                "publisher": "Crown Archetype",
                "rank": 2,
                "rank_last_week": 0,
                "sunday_review_link": "",
                "title": "NEIL PATRICK HARRIS: CHOOSE YOUR OWN AUTOBIOGRAPHY",
                "weeks_on_list": 0
            },
            {
                "age_group": "",
                "amazon_product_url": "http://www.amazon.com/The-Secret-History-Wonder-Woman/dp/0385354045?tag=thenewyorktim-20",
                "article_chapter_link": "",
                "asterisk": 0,
                "author": "Jill Lepore",
                "book_image": "http://du.ec2.nytimes.com.s3.amazonaws.com/prd/books/9780385354059.jpeg",
                "book_review_link": "",
                "contributor": "by Jill Lepore",
                "contributor_note": "",
                "dagger": 0,
                "description": "The Harvard historian and New Yorker writer argues that Wonder Woman\u2019s creator was influenced by early feminists.",
                "first_chapter_link": "",
                "isbns": [
                    {
                        "isbn10": "0385354045",
                        "isbn13": "9780385354042"
                    }
                ],
                "price": 0,
                "primary_isbn10": "0385354045",
                "primary_isbn13": "9780385354042",
                "publisher": "Knopf",
                "rank": 3,
                "rank_last_week": 0,
                "sunday_review_link": "",
                "title": "THE SECRET HISTORY OF WONDER WOMAN",
                "weeks_on_list": 0
            },
            {
                "age_group": "",
                "amazon_product_url": "http://www.amazon.com/The-Art-Asking-Learned-Worrying/dp/1455581089?tag=thenewyorktim-20",
                "article_chapter_link": "",
                "asterisk": 0,
                "author": "Amanda Palmer",
                "book_image": "http://du.ec2.nytimes.com.s3.amazonaws.com/prd/books/9781455533770.jpg",
                "book_review_link": "",
                "contributor": "by Amanda Palmer",
                "contributor_note": "",
                "dagger": 0,
                "description": "An expansion of a popular TED talk by the singer and blogger about the value of art and of pursuing dreams.",
                "first_chapter_link": "",
                "isbns": [
                    {
                        "isbn10": "1455533777",
                        "isbn13": "9781455533770"
                    },
                    {
                        "isbn10": "1455581089",
                        "isbn13": "9781455581085"
                    },
                    {
                        "isbn10": "1455581070",
                        "isbn13": "9781455581078"
                    },
                    {
                        "isbn10": "1478982888",
                        "isbn13": "9781478982883"
                    }
                ],
                "price": 0,
                "primary_isbn10": "1455581089",
                "primary_isbn13": "9781455581085",
                "publisher": "Grand Central",
                "rank": 4,
                "rank_last_week": 0,
                "sunday_review_link": "",
                "title": "THE ART OF ASKING",
                "weeks_on_list": 0
            },
            {
                "age_group": "",
                "amazon_product_url": "http://www.amazon.com/The-Woman-I-Wanted-Be/dp/1451651546?tag=thenewyorktim-20",
                "article_chapter_link": "",
                "asterisk": 0,
                "author": "Diane Von Furstenberg",
                "book_image": "http://du.ec2.nytimes.com.s3.amazonaws.com/prd/books/9781451651546.jpg",
                "book_review_link": "",
                "contributor": "by Diane Von Furstenberg",
                "contributor_note": "",
                "dagger": 0,
                "description": "The memoir of the princess and fashion designer.",
                "first_chapter_link": "",
                "isbns": [
                    {
                        "isbn10": "1451651546",
                        "isbn13": "9781451651546"
                    }
                ],
                "price": 0,
                "primary_isbn10": "1451651546",
                "primary_isbn13": "9781451651546",
                "publisher": "Simon & Schuster",
                "rank": 5,
                "rank_last_week": 0,
                "sunday_review_link": "",
                "title": "THE WOMAN I WANTED TO BE",
                "weeks_on_list": 0
            },
            {
                "age_group": "",
                "amazon_product_url": "http://www.amazon.com/Jacqueline-Bouvier-Kennedy-Onassis-Untold-ebook/dp/B00JI0RS12?tag=thenewyorktim-20",
                "article_chapter_link": "",
                "asterisk": 0,
                "author": "Barbara Leaming",
                "book_image": "http://du.ec2.nytimes.com.s3.amazonaws.com/prd/books/9781250017635.jpeg",
                "book_review_link": "",
                "contributor": "by Barbara Leaming",
                "contributor_note": "",
                "dagger": 0,
                "description": "The former first lady\u2019s struggles after John Kennedy\u2019s assassination.",
                "first_chapter_link": "",
                "isbns": [
                    {
                        "isbn10": "1250017645",
                        "isbn13": "9781250017642"
                    },
                    {
                        "isbn10": "1250017637",
                        "isbn13": "9781250017635"
                    },
                    {
                        "isbn10": "1427252327",
                        "isbn13": "9781427252326"
                    }
                ],
                "price": 0,
                "primary_isbn10": "1250017645",
                "primary_isbn13": "9781250017642",
                "publisher": "Thomas Dunne/St. Martin's Press",
                "rank": 6,
                "rank_last_week": 0,
                "sunday_review_link": "",
                "title": "JACQUELINE BOUVIER KENNEDY ONASSIS",
                "weeks_on_list": 0
            },
            {
                "age_group": "",
                "amazon_product_url": "http://www.amazon.com/Jerry-Lee-Lewis-His-Story/dp/0062078224?tag=thenewyorktim-20",
                "article_chapter_link": "",
                "asterisk": 0,
                "author": "Rick Bragg",
                "book_image": "http://du.ec2.nytimes.com.s3.amazonaws.com/prd/books/9780062078223.jpg",
                "book_review_link": "",
                "contributor": "by Rick Bragg",
                "contributor_note": "",
                "dagger": 0,
                "description": "A biography of the hard-living rock \u2019n\u2019 roll legend.",
                "first_chapter_link": "",
                "isbns": [
                    {
                        "isbn10": "0062078224",
                        "isbn13": "9780062078223"
                    },
                    {
                        "isbn10": "0062326686",
                        "isbn13": "9780062326683"
                    }
                ],
                "price": 0,
                "primary_isbn10": "0062078224",
                "primary_isbn13": "9780062078223",
                "publisher": "Harper",
                "rank": 7,
                "rank_last_week": 0,
                "sunday_review_link": "",
                "title": "JERRY LEE LEWIS",
                "weeks_on_list": 0
            },
            {
                "age_group": "",
                "amazon_product_url": "http://www.amazon.com/Meaning-Human-Existence-Edward-Wilson/dp/0871401002?tag=thenewyorktim-20",
                "article_chapter_link": "",
                "asterisk": 0,
                "author": "Edward O Wilson",
                "book_image": "http://du.ec2.nytimes.com.s3.amazonaws.com/prd/books/9780871401007.jpg",
                "book_review_link": "",
                "contributor": "by Edward O. Wilson",
                "contributor_note": "",
                "dagger": 0,
                "description": "The Pulitzer Prize-winning biologist grapples with the ultimate philosophical questions: How and why did humanity came to exist on this planet.",
                "first_chapter_link": "",
                "isbns": [
                    {
                        "isbn10": "0871401002",
                        "isbn13": "9780871401007"
                    },
                    {
                        "isbn10": "087140480X",
                        "isbn13": "9780871404800"
                    }
                ],
                "price": 0,
                "primary_isbn10": "0871401002",
                "primary_isbn13": "9780871401007",
                "publisher": "Liveright",
                "rank": 8,
                "rank_last_week": 0,
                "sunday_review_link": "",
                "title": "THE MEANING OF HUMAN EXISTENCE",
                "weeks_on_list": 0
            },
            {
                "age_group": "",
                "amazon_product_url": "http://www.amazon.com/The-Universal-Tone-Bringing-Story/dp/0316244929?tag=thenewyorktim-20",
                "article_chapter_link": "",
                "asterisk": 0,
                "author": "Carlos Santana and Ashley Kahn",
                "book_image": "http://du.ec2.nytimes.com.s3.amazonaws.com/prd/books/9780316244923.jpeg",
                "book_review_link": "",
                "contributor": "by Carlos Santana and Ashley Kahn",
                "contributor_note": "",
                "dagger": 0,
                "description": "A memoir from the Rock and Roll Hall of Fame guitarist.",
                "first_chapter_link": "",
                "isbns": [
                    {
                        "isbn10": "0316244929",
                        "isbn13": "9780316244923"
                    },
                    {
                        "isbn10": "0316244910",
                        "isbn13": "9780316244916"
                    },
                    {
                        "isbn10": "1619698765",
                        "isbn13": "9781619698765"
                    }
                ],
                "price": 0,
                "primary_isbn10": "0316244929",
                "primary_isbn13": "9780316244923",
                "publisher": "Little, Brown",
                "rank": 9,
                "rank_last_week": 0,
                "sunday_review_link": "",
                "title": "UNIVERSAL TONE",
                "weeks_on_list": 0
            },
            {
                "age_group": "",
                "amazon_product_url": "http://www.amazon.com/Bad-Feminist-Essays-Roxane-Gay/dp/0062282719?tag=thenewyorktim-20",
                "article_chapter_link": "",
                "asterisk": 0,
                "author": "Roxane Gay",
                "book_image": "http://du.ec2.nytimes.com.s3.amazonaws.com/prd/books/9780062282712.jpeg",
                "book_review_link": "",
                "contributor": "by Roxane Gay",
                "contributor_note": "",
                "dagger": 0,
                "description": "A collection of essays on race, gender, politics and \"Sweet Valley High.\"",
                "first_chapter_link": "",
                "isbns": [
                    {
                        "isbn10": "0062282719",
                        "isbn13": "9780062282712"
                    }
                ],
                "price": 0,
                "primary_isbn10": "0062282719",
                "primary_isbn13": "9780062282712",
                "publisher": "Harper Perennial/HarperCollins",
                "rank": 10,
                "rank_last_week": 0,
                "sunday_review_link": "",
                "title": "BAD FEMINIST",
                "weeks_on_list": 0
            },
            {
                "age_group": "",
                "amazon_product_url": "http://www.amazon.com/Texts-Jane-Eyre-Conversations-Characters/dp/1627791833?tag=thenewyorktim-20",
                "article_chapter_link": "",
                "asterisk": 0,
                "author": "Mallory Ortberg",
                "book_image": "http://du.ec2.nytimes.com.s3.amazonaws.com/prd/books/9781627791830.jpeg",
                "book_review_link": "",
                "contributor": "by Mallory Ortberg",
                "contributor_note": "",
                "dagger": 0,
                "description": "",
                "first_chapter_link": "",
                "isbns": [
                    {
                        "isbn10": "1627791833",
                        "isbn13": "9781627791830"
                    },
                    {
                        "isbn10": "1627791841",
                        "isbn13": "9781627791847"
                    }
                ],
                "price": 0,
                "primary_isbn10": "1627791833",
                "primary_isbn13": "9781627791830",
                "publisher": "Holt",
                "rank": 11,
                "rank_last_week": 0,
                "sunday_review_link": "",
                "title": "TEXTS FROM JANE EYRE",
                "weeks_on_list": 0
            },
            {
                "age_group": "",
                "amazon_product_url": "http://www.amazon.com/The-Sense-Style-Thinking-Persons-ebook/dp/B00INIYG74?tag=thenewyorktim-20",
                "article_chapter_link": "",
                "asterisk": 0,
                "author": "Steven Pinker",
                "book_image": "http://du.ec2.nytimes.com.s3.amazonaws.com/prd/books/9780670025855.jpeg",
                "book_review_link": "",
                "contributor": "by Steven Pinker",
                "contributor_note": "",
                "dagger": 0,
                "description": "The Harvard psychologist and linguist updates the rules of writing with a more relaxed approach to grammar.",
                "first_chapter_link": "",
                "isbns": [
                    {
                        "isbn10": "0670025852",
                        "isbn13": "9780670025855"
                    },
                    {
                        "isbn10": "069817030X",
                        "isbn13": "9780698170308"
                    }
                ],
                "price": 0,
                "primary_isbn10": "0670025852",
                "primary_isbn13": "9780670025855",
                "publisher": "Viking",
                "rank": 12,
                "rank_last_week": 0,
                "sunday_review_link": "",
                "title": "THE SENSE OF STYLE",
                "weeks_on_list": 0
            },
            {
                "age_group": "",
                "amazon_product_url": "http://www.amazon.com/Provence-1970-M-F-K-Reinvention-American/dp/0307718352?tag=thenewyorktim-20",
                "article_chapter_link": "",
                "asterisk": 0,
                "author": "Luke Barr",
                "book_image": "http://du.ec2.nytimes.com.s3.amazonaws.com/prd/books/9780307718358.jpeg",
                "book_review_link": "",
                "contributor": "by Luke Barr",
                "contributor_note": "",
                "dagger": 0,
                "description": "",
                "first_chapter_link": "",
                "isbns": [
                    {
                        "isbn10": "0307718352",
                        "isbn13": "9780307718358"
                    },
                    {
                        "isbn10": "0307718344",
                        "isbn13": "9780307718341"
                    },
                    {
                        "isbn10": "0770433316",
                        "isbn13": "9780770433314"
                    }
                ],
                "price": 0,
                "primary_isbn10": "0307718352",
                "primary_isbn13": "9780307718358",
                "publisher": "Crown",
                "rank": 13,
                "rank_last_week": 0,
                "sunday_review_link": "",
                "title": "PROVENCE 1970",
                "weeks_on_list": 0
            },
            {
                "age_group": "",
                "amazon_product_url": "http://www.amazon.com/Peter-Paul-Mary-Fifty-Years/dp/1936140322?tag=thenewyorktim-20",
                "article_chapter_link": "",
                "asterisk": 0,
                "author": "Peter Yarrow, Noel Paul Stookey and Mary Travers",
                "book_image": "http://du.ec2.nytimes.com.s3.amazonaws.com/prd/books/9781936140329.jpeg",
                "book_review_link": "",
                "contributor": "by Peter Yarrow, Noel Paul Stookey and Mary Travers",
                "contributor_note": "",
                "dagger": 0,
                "description": "",
                "first_chapter_link": "",
                "isbns": [
                    {
                        "isbn10": "1936140322",
                        "isbn13": "9781936140329"
                    }
                ],
                "price": 0,
                "primary_isbn10": "1936140322",
                "primary_isbn13": "9781936140329",
                "publisher": "Imagine Publishing",
                "rank": 14,
                "rank_last_week": 0,
                "sunday_review_link": "",
                "title": "PETER, PAUL AND MARY",
                "weeks_on_list": 0
            },
            {
                "age_group": "",
                "amazon_product_url": "http://www.amazon.com/Flapper-Madcap-Celebrity-America-Modern-ebook/dp/B000SEH56A?tag=thenewyorktim-20",
                "article_chapter_link": "",
                "asterisk": 0,
                "author": "Joshua Zeitz",
                "book_image": "http://du.ec2.nytimes.com.s3.amazonaws.com/prd/books/9780307523822.jpeg",
                "book_review_link": "",
                "contributor": "by Joshua Zeitz",
                "contributor_note": "",
                "dagger": 0,
                "description": "The women of the 1920s whose rebellions against corseted Victorian style and the flaunting of short hemlines made America modern.",
                "first_chapter_link": "",
                "isbns": [
                    {
                        "isbn10": "1400080541",
                        "isbn13": "9781400080540"
                    },
                    {
                        "isbn10": "0307523829",
                        "isbn13": "9780307523822"
                    }
                ],
                "price": 0,
                "primary_isbn10": "0307523829",
                "primary_isbn13": "9780307523822",
                "publisher": "Crown",
                "rank": 15,
                "rank_last_week": 0,
                "sunday_review_link": "",
                "title": "FLAPPER",
                "weeks_on_list": 0
            }
        ],
        "corrections": [],
        "display_name": "Culture",
        "list_name": "Culture",
        "normal_list_ends_at": 10,
        "published_date": "2014-12-14",
        "updated": "MONTHLY"
    },
    "status": "OK"
}