{
    "copyright": "Copyright (c) 2014 The New York Times Company.  All Rights Reserved.",
    "last_modified": "2014-12-08T17:00:53-05:00",
    "num_results": 20,
    "results": {
        "bestsellers_date": "2014-11-29",
        "books": [
            {
                "age_group": "",
                "amazon_product_url": "http://www.amazon.com/Unbroken-World-Survival-Resilience-Redemption/dp/1400064163?tag=thenewyorktim-20",
                "article_chapter_link": "",
                "asterisk": 0,
                "author": "Laura Hillenbrand",
                "book_image": "http://du.ec2.nytimes.com.s3.amazonaws.com/prd/books/9781400064168.jpg",
                "book_review_link": "",
                "contributor": "by Laura Hillenbrand",
                "contributor_note": "",
                "dagger": 0,
                "description": "An Olympic runner\u2019s story of survival as a prisoner of the Japanese in World War II after his plane went down over the Pacific.",
                "first_chapter_link": "",
                "isbns": [
                    {
                        "isbn10": "1400064163",
                        "isbn13": "9781400064168"
                    },
                    {
                        "isbn10": "0679603751",
                        "isbn13": "9780679603757"
                    },
                    {
                        "isbn10": "0375435018",
                        "isbn13": "9780375435010"
                    },
                    {
                        "isbn10": "0739319698",
                        "isbn13": "9780739319697"
                    },
                    {
                        "isbn10": "0007378033",
                        "isbn13": "9780007378036"
                    },
                    {
                        "isbn10": "0812974492",
                        "isbn13": "9780812974492"
                    },
                    {
                        "isbn10": "0606355987",
                        "isbn13": "9780606355988"
                    },
                    {
                        "isbn10": "081298711X",
                        "isbn13": "9780812987119"
                    },
                    {
                        "isbn10": "0553397117",
                        "isbn13": "9780553397116"
                    },
                    {
                        "isbn10": "1101912626",
                        "isbn13": "9781101912621"
                    },
                    {
                        "isbn10": "0375990623",
                        "isbn13": "9780375990625"
                    }
                ],
                "price": 0,
                "primary_isbn10": "0679603751",
                "primary_isbn13": "9780679603757",
                "publisher": "Random House",
                "rank": 1,
                "rank_last_week": 0,
                "sunday_review_link": "",
                "title": "UNBROKEN",
                "weeks_on_list": 200
            },
            {
                "age_group": "",
                "amazon_product_url": "http://www.amazon.com/Wild-Found-Pacific-Crest-Trail-ebook/dp/B005IQZB14?tag=thenewyorktim-20",
                "article_chapter_link": "",
                "asterisk": 0,
                "author": "Cheryl Strayed",
                "book_image": "http://du.ec2.nytimes.com.s3.amazonaws.com/prd/books/9780307957658.jpg",
                "book_review_link": "",
                "contributor": "by Cheryl Strayed",
                "contributor_note": "",
                "dagger": 0,
                "description": "A woman\u2019s account of the life-changing 1,100-mile solo hike she took along the Pacific Crest Trail in 1995.",
                "first_chapter_link": "",
                "isbns": [
                    {
                        "isbn10": "0307592731",
                        "isbn13": "9780307592736"
                    },
                    {
                        "isbn10": "0307957659",
                        "isbn13": "9780307957658"
                    },
                    {
                        "isbn10": "0307476073",
                        "isbn13": "9780307476074"
                    },
                    {
                        "isbn10": "1594136742",
                        "isbn13": "9781594136740"
                    },
                    {
                        "isbn10": "0307970299",
                        "isbn13": "9780307970299"
                    },
                    {
                        "isbn10": "1101873442",
                        "isbn13": "9781101873441"
                    }
                ],
                "price": 0,
                "primary_isbn10": "0307957659",
                "primary_isbn13": "9780307957658",
                "publisher": "Knopf",
                "rank": 2,
                "rank_last_week": 0,
                "sunday_review_link": "",
                "title": "WILD",
                "weeks_on_list": 120
            },
            {
                "age_group": "",
                "amazon_product_url": "http://www.amazon.com/Killing-Patton-Strange-Audacious-General/dp/080509668X?tag=thenewyorktim-20",
                "article_chapter_link": "",
                "asterisk": 0,
                "author": "Bill O'Reilly and Martin Dugard",
                "book_image": "http://du.ec2.nytimes.com.s3.amazonaws.com/prd/books/9780805096699.jpg",
                "book_review_link": "",
                "contributor": "by Bill O'Reilly and Martin Dugard",
                "contributor_note": "",
                "dagger": 0,
                "description": "The host of \u201cThe O\u2019Reilly Factor\u201d recounts the strange death of Gen. George S. Patton in December 1945.",
                "first_chapter_link": "",
                "isbns": [
                    {
                        "isbn10": "080509668X",
                        "isbn13": "9780805096682"
                    },
                    {
                        "isbn10": "1427244219",
                        "isbn13": "9781427244215"
                    },
                    {
                        "isbn10": "1410473651",
                        "isbn13": "9781410473653"
                    }
                ],
                "price": 0,
                "primary_isbn10": "",
                "primary_isbn13": "9780805096699",
                "publisher": "Holt",
                "rank": 3,
                "rank_last_week": 0,
                "sunday_review_link": "",
                "title": "KILLING PATTON",
                "weeks_on_list": 10
            },
            {
                "age_group": "",
                "amazon_product_url": "http://www.amazon.com/The-Rise-Theodore-Roosevelt-Book-ebook/dp/B004DEPH3E?tag=thenewyorktim-20",
                "article_chapter_link": "",
                "asterisk": 0,
                "author": "Edmund Morris",
                "book_image": "http://du.ec2.nytimes.com.s3.amazonaws.com/prd/books/9780307777829.jpeg",
                "book_review_link": "",
                "contributor": "by Edmund Morris",
                "contributor_note": "",
                "dagger": 0,
                "description": "The first volume of a biography of the 26th president, covering the years 1858 to 1901; a version of a volume first published in 1979.",
                "first_chapter_link": "",
                "isbns": [
                    {
                        "isbn10": "0307777820",
                        "isbn13": "9780307777829"
                    }
                ],
                "price": 0,
                "primary_isbn10": "0307777820",
                "primary_isbn13": "9780307777829",
                "publisher": "Modern Library",
                "rank": 4,
                "rank_last_week": 0,
                "sunday_review_link": "",
                "title": "THE RISE OF THEODORE ROOSEVELT",
                "weeks_on_list": 2
            },
            {
                "age_group": "",
                "amazon_product_url": "http://www.amazon.com/The-Boys-Boat-Americans-Olympics-ebook/dp/B00AEBETU2?tag=thenewyorktim-20",
                "article_chapter_link": "",
                "asterisk": 0,
                "author": "Daniel James Brown",
                "book_image": "http://du.ec2.nytimes.com.s3.amazonaws.com/prd/books/9781101622742.jpg",
                "book_review_link": "",
                "contributor": "by Daniel James Brown",
                "contributor_note": "",
                "dagger": 0,
                "description": "The University of Washington\u2019s eight-oar crew and their quest for gold at the 1936 Berlin Olympics.",
                "first_chapter_link": "",
                "isbns": [
                    {
                        "isbn10": "067002581X",
                        "isbn13": "9780670025817"
                    },
                    {
                        "isbn10": "0143125478",
                        "isbn13": "9780143125471"
                    },
                    {
                        "isbn10": "159413779X",
                        "isbn13": "9781594137792"
                    },
                    {
                        "isbn10": "1611761697",
                        "isbn13": "9781611761696"
                    },
                    {
                        "isbn10": "1410459543",
                        "isbn13": "9781410459541"
                    }
                ],
                "price": 0,
                "primary_isbn10": "None",
                "primary_isbn13": "9781101622742",
                "publisher": "Viking",
                "rank": 5,
                "rank_last_week": 0,
                "sunday_review_link": "",
                "title": "THE BOYS IN THE BOAT",
                "weeks_on_list": 45
            },
            {
                "age_group": "",
                "amazon_product_url": "http://www.amazon.com/Yes-Please-Amy-Poehler/dp/0062268341?tag=thenewyorktim-20",
                "article_chapter_link": "",
                "asterisk": 0,
                "author": "Amy Poehler",
                "book_image": "http://du.ec2.nytimes.com.s3.amazonaws.com/prd/books/9780062268341.jpeg",
                "book_review_link": "",
                "contributor": "by Amy Poehler",
                "contributor_note": "",
                "dagger": 0,
                "description": "A humorous miscellany from the comedian and actress, the \u201cS.N.L.\u201d alumna and star of \u201cParks and Recreation.\u201d",
                "first_chapter_link": "",
                "isbns": [
                    {
                        "isbn10": "0062268341",
                        "isbn13": "9780062268341"
                    },
                    {
                        "isbn10": "0062268376",
                        "isbn13": "9780062268372"
                    },
                    {
                        "isbn10": "0062350889",
                        "isbn13": "9780062350886"
                    }
                ],
                "price": 0,
                "primary_isbn10": "0062268376",
                "primary_isbn13": "9780062268372",
                "publisher": "Dey Street/Morrow",
                "rank": 6,
                "rank_last_week": 0,
                "sunday_review_link": "",
                "title": "YES PLEASE",
                "weeks_on_list": 5
            },
            {
                "age_group": "",
                "amazon_product_url": "http://www.amazon.com/Lying-Wait-Rules-Crime-Vol-17/dp/1451648294?tag=thenewyorktim-20",
                "article_chapter_link": "",
                "asterisk": 0,
                "author": "Ann Rule",
                "book_image": "http://du.ec2.nytimes.com.s3.amazonaws.com/prd/books/9781451648317.jpeg",
                "book_review_link": "",
                "contributor": "by Ann Rule",
                "contributor_note": "",
                "dagger": 0,
                "description": "Volume 17 of the Crime Files true-crime series.",
                "first_chapter_link": "",
                "isbns": [
                    {
                        "isbn10": "1451648294",
                        "isbn13": "9781451648294"
                    }
                ],
                "price": 0,
                "primary_isbn10": "None",
                "primary_isbn13": "9781451648317",
                "publisher": "Pocket Books",
                "rank": 7,
                "rank_last_week": 0,
                "sunday_review_link": "",
                "title": "LYING IN WAIT",
                "weeks_on_list": 1
            },
            {
                "age_group": "",
                "amazon_product_url": "http://www.amazon.com/The-Andy-Cohen-Diaries-Shallow-ebook/dp/B00K9NWRFE?tag=thenewyorktim-20",
                "article_chapter_link": "",
                "asterisk": 0,
                "author": "Andy Cohen",
                "book_image": "http://du.ec2.nytimes.com.s3.amazonaws.com/prd/books/9781627792295.jpeg",
                "book_review_link": "",
                "contributor": "by Andy Cohen",
                "contributor_note": "",
                "dagger": 0,
                "description": "One year in the (social) life of the TV producer and host of \u201cWatch What Happens Live.\u201d",
                "first_chapter_link": "",
                "isbns": [
                    {
                        "isbn10": "1627792287",
                        "isbn13": "9781627792288"
                    },
                    {
                        "isbn10": "1627792295",
                        "isbn13": "9781627792295"
                    },
                    {
                        "isbn10": "1427259313",
                        "isbn13": "9781427259318"
                    }
                ],
                "price": 0,
                "primary_isbn10": "1627792295",
                "primary_isbn13": "9781627792295",
                "publisher": "Holt",
                "rank": 8,
                "rank_last_week": 0,
                "sunday_review_link": "",
                "title": "THE ANDY COHEN DIARIES",
                "weeks_on_list": 3
            },
            {
                "age_group": "",
                "amazon_product_url": "http://www.amazon.com/Spymistress-Story-Greatest-Female-Secret-ebook/dp/B005V2EEL8?tag=thenewyorktim-20",
                "article_chapter_link": "",
                "asterisk": 0,
                "author": "William Stevenson",
                "book_image": "http://du.ec2.nytimes.com.s3.amazonaws.com/prd/books/9781628721867.jpeg",
                "book_review_link": "",
                "contributor": "by William Stevenson",
                "contributor_note": "",
                "dagger": 0,
                "description": "The exploits of Vera Atkins, an extraordinary secret agent for the Allies in World War II.",
                "first_chapter_link": "",
                "isbns": [],
                "price": 0,
                "primary_isbn10": "",
                "primary_isbn13": "9781628721867",
                "publisher": "Arcade",
                "rank": 9,
                "rank_last_week": 0,
                "sunday_review_link": "",
                "title": "SPYMISTRESS",
                "weeks_on_list": 1
            },
            {
                "age_group": "",
                "amazon_product_url": "http://www.amazon.com/Not-That-Kind-Girl-Learned/dp/081299499X?tag=thenewyorktim-20",
                "article_chapter_link": "",
                "asterisk": 0,
                "author": "Lena Dunham",
                "book_image": "http://du.ec2.nytimes.com.s3.amazonaws.com/prd/books/9780812995008.jpeg",
                "book_review_link": "",
                "contributor": "by Lena Dunham",
                "contributor_note": "",
                "dagger": 0,
                "description": "A collection of revealing and often humorous personal essays from the creator and star of \u201cGirls.\u201d",
                "first_chapter_link": "",
                "isbns": [
                    {
                        "isbn10": "081299499X",
                        "isbn13": "9780812994995"
                    },
                    {
                        "isbn10": "080412731X",
                        "isbn13": "9780804127318"
                    }
                ],
                "price": 0,
                "primary_isbn10": "",
                "primary_isbn13": "9780812995008",
                "publisher": "Random House",
                "rank": 10,
                "rank_last_week": 0,
                "sunday_review_link": "",
                "title": "NOT THAT KIND OF GIRL",
                "weeks_on_list": 7
            },
            {
                "age_group": "",
                "amazon_product_url": "http://www.amazon.com/There-Was-Little-Girl-Mother-ebook/dp/B00KWG5W0K?tag=thenewyorktim-20",
                "article_chapter_link": "",
                "asterisk": 0,
                "author": "Brooke Shields",
                "book_image": "http://du.ec2.nytimes.com.s3.amazonaws.com/prd/books/9780698186231.jpeg",
                "book_review_link": "",
                "contributor": "by Brooke Shields",
                "contributor_note": "",
                "dagger": 0,
                "description": "A memoir of the actress\u2019s life and her complicated relationship with her ambitious, difficult mother.",
                "first_chapter_link": "",
                "isbns": [
                    {
                        "isbn10": "0525954848",
                        "isbn13": "9780525954842"
                    },
                    {
                        "isbn10": "1611763851",
                        "isbn13": "9781611763850"
                    }
                ],
                "price": 0,
                "primary_isbn10": "",
                "primary_isbn13": "9780698186231",
                "publisher": "Dutton",
                "rank": 11,
                "rank_last_week": 0,
                "sunday_review_link": "",
                "title": "THERE WAS A LITTLE GIRL",
                "weeks_on_list": 0
            },
            {
                "age_group": "",
                "amazon_product_url": "http://www.amazon.com/41-A-Portrait-My-Father/dp/0553447785?tag=thenewyorktim-20",
                "article_chapter_link": "",
                "asterisk": 0,
                "author": "George W Bush",
                "book_image": "http://du.ec2.nytimes.com.s3.amazonaws.com/prd/books/9780553447798.jpg",
                "book_review_link": "",
                "contributor": "by George W. Bush",
                "contributor_note": "",
                "dagger": 0,
                "description": "The former president\u2019s portrait of his father, George H.W. Bush",
                "first_chapter_link": "",
                "isbns": [
                    {
                        "isbn10": "0553447785",
                        "isbn13": "9780553447781"
                    },
                    {
                        "isbn10": "0804194718",
                        "isbn13": "9780804194716"
                    },
                    {
                        "isbn10": "1101913142",
                        "isbn13": "9781101913147"
                    }
                ],
                "price": 0,
                "primary_isbn10": "None",
                "primary_isbn13": "9780553447798",
                "publisher": "Crown",
                "rank": 12,
                "rank_last_week": 0,
                "sunday_review_link": "",
                "title": "41",
                "weeks_on_list": 0
            },
            {
                "age_group": "",
                "amazon_product_url": "http://www.amazon.com/The-Vow-Events-Inspired-Movie-ebook/dp/B0077T2BHM?tag=thenewyorktim-20",
                "article_chapter_link": "",
                "asterisk": 0,
                "author": "Kim and Krickitt Carpenter with Dana Wilkerson",
                "book_image": "http://du.ec2.nytimes.com.s3.amazonaws.com/prd/books/9781433675942.jpg",
                "book_review_link": "",
                "contributor": "by Kim and Krickitt Carpenter with Dana Wilkerson",
                "contributor_note": "",
                "dagger": 0,
                "description": "After a horrific car crash, a couple embark on a journey to fall in love all over again. The true events that inspired the movie.",
                "first_chapter_link": "",
                "isbns": [
                    {
                        "isbn10": "143367579X",
                        "isbn13": "9781433675799"
                    },
                    {
                        "isbn10": "0805421300",
                        "isbn13": "9780805421309"
                    }
                ],
                "price": 0,
                "primary_isbn10": "None",
                "primary_isbn13": "9781433675942",
                "publisher": "B&H Publishing",
                "rank": 13,
                "rank_last_week": 0,
                "sunday_review_link": "",
                "title": "THE VOW",
                "weeks_on_list": 0
            },
            {
                "age_group": "",
                "amazon_product_url": "http://www.amazon.com/The-Nazi-Officers-Wife-Holocaust-ebook/dp/B006ID6NDQ?tag=thenewyorktim-20",
                "article_chapter_link": "",
                "asterisk": 0,
                "author": "Edith H Beer with Susan Dworkin",
                "book_image": "http://du.ec2.nytimes.com.s3.amazonaws.com/prd/books/9780062190048.jpg",
                "book_review_link": "",
                "contributor": "by Edith H. Beer with Susan Dworkin",
                "contributor_note": "",
                "dagger": 0,
                "description": "The story of a Jewish woman in 1930s Vienna who, with the help of friends, moved to Munich, hid her identity and married a Nazi Party member, thus saving her life.",
                "first_chapter_link": "",
                "isbns": [
                    {
                        "isbn10": "0062190040",
                        "isbn13": "9780062190048"
                    }
                ],
                "price": 0,
                "primary_isbn10": "0062190040",
                "primary_isbn13": "9780062190048",
                "publisher": "HarperCollins",
                "rank": 14,
                "rank_last_week": 0,
                "sunday_review_link": "",
                "title": "THE NAZI OFFICER'S WIFE",
                "weeks_on_list": 0
            },
            {
                "age_group": "",
                "amazon_product_url": "http://www.amazon.com/Quiet-Power-Introverts-World-Talking-ebook/dp/B004J4WNL2?tag=thenewyorktim-20",
                "article_chapter_link": "",
                "asterisk": 0,
                "author": "Susan Cain",
                "book_image": "http://du.ec2.nytimes.com.s3.amazonaws.com/prd/books/9780307452207.jpg",
                "book_review_link": "",
                "contributor": "by Susan Cain",
                "contributor_note": "",
                "dagger": 0,
                "description": "Introverts -- one-third of the population -- are undervalued in American society.",
                "first_chapter_link": "",
                "isbns": [
                    {
                        "isbn10": "0307352145",
                        "isbn13": "9780307352149"
                    },
                    {
                        "isbn10": "0307452204",
                        "isbn13": "9780307452207"
                    },
                    {
                        "isbn10": "0307352153",
                        "isbn13": "9780307352156"
                    },
                    {
                        "isbn10": "1611734207",
                        "isbn13": "9781611734201"
                    },
                    {
                        "isbn10": "0739341243",
                        "isbn13": "9780739341247"
                    }
                ],
                "price": 0,
                "primary_isbn10": "0307452204",
                "primary_isbn13": "9780307452207",
                "publisher": "Crown",
                "rank": 15,
                "rank_last_week": 0,
                "sunday_review_link": "",
                "title": "QUIET",
                "weeks_on_list": 0
            },
            {
                "age_group": "",
                "amazon_product_url": "http://www.amazon.com/American-Sniper-Autobiography-Military-History/dp/0062238868?tag=thenewyorktim-20",
                "article_chapter_link": "",
                "asterisk": 0,
                "author": "Chris Kyle with Scott McEwen and Jim DeFelice",
                "book_image": "http://du.ec2.nytimes.com.s3.amazonaws.com/prd/books/9780062082374.jpg",
                "book_review_link": "",
                "contributor": "by Chris Kyle with Scott McEwen and Jim DeFelice",
                "contributor_note": "",
                "dagger": 0,
                "description": "A member of the Navy Seals who has the most career sniper kills in United States military history discusses his childhood, his marriage and his battlefield experiences during the Iraq war.",
                "first_chapter_link": "",
                "isbns": [
                    {
                        "isbn10": "0062082353",
                        "isbn13": "9780062082350"
                    },
                    {
                        "isbn10": "006208237X",
                        "isbn13": "9780062082374"
                    },
                    {
                        "isbn10": "0062209493",
                        "isbn13": "9780062209498"
                    },
                    {
                        "isbn10": "0062107062",
                        "isbn13": "9780062107060"
                    },
                    {
                        "isbn10": "0062238868",
                        "isbn13": "9780062238863"
                    },
                    {
                        "isbn10": "0062290797",
                        "isbn13": "9780062290793"
                    },
                    {
                        "isbn10": "0062376578",
                        "isbn13": "9780062376572"
                    },
                    {
                        "isbn10": "0062376330",
                        "isbn13": "9780062376336"
                    }
                ],
                "price": 0,
                "primary_isbn10": "006208237X",
                "primary_isbn13": "9780062082374",
                "publisher": "Morrow/HarperCollins",
                "rank": 16,
                "rank_last_week": 0,
                "sunday_review_link": "",
                "title": "AMERICAN SNIPER",
                "weeks_on_list": 0
            },
            {
                "age_group": "",
                "amazon_product_url": "http://www.amazon.com/Being-Mortal-Medicine-What-Matters/dp/0805095152?tag=thenewyorktim-20",
                "article_chapter_link": "",
                "asterisk": 0,
                "author": "Atul Gawande",
                "book_image": "http://du.ec2.nytimes.com.s3.amazonaws.com/prd/books/9781627790550.jpg",
                "book_review_link": "",
                "contributor": "by Atul Gawande",
                "contributor_note": "",
                "dagger": 0,
                "description": "The surgeon and New Yorker writer considers how doctors fail patients at the end of life, and how they can do better.",
                "first_chapter_link": "",
                "isbns": [
                    {
                        "isbn10": "0805095152",
                        "isbn13": "9780805095159"
                    },
                    {
                        "isbn10": "1427244235",
                        "isbn13": "9781427244239"
                    }
                ],
                "price": 0,
                "primary_isbn10": "",
                "primary_isbn13": "9781627790550",
                "publisher": "Metropolitan/Holt",
                "rank": 17,
                "rank_last_week": 0,
                "sunday_review_link": "",
                "title": "BEING MORTAL",
                "weeks_on_list": 0
            },
            {
                "age_group": "",
                "amazon_product_url": "http://www.amazon.com/Duel-Devil-Alexander-Hamilton-Sensational-ebook/dp/B00ALBR7A4?tag=thenewyorktim-20",
                "article_chapter_link": "",
                "asterisk": 0,
                "author": "Paul Collins",
                "book_image": "http://du.ec2.nytimes.com.s3.amazonaws.com/prd/books/9780307956477.jpeg",
                "book_review_link": "",
                "contributor": "by Paul Collins",
                "contributor_note": "",
                "dagger": 0,
                "description": "",
                "first_chapter_link": "",
                "isbns": [
                    {
                        "isbn10": "0307956474",
                        "isbn13": "9780307956477"
                    }
                ],
                "price": 0,
                "primary_isbn10": "0307956474",
                "primary_isbn13": "9780307956477",
                "publisher": "Crown",
                "rank": 18,
                "rank_last_week": 0,
                "sunday_review_link": "",
                "title": "DUEL WITH THE DEVIL",
                "weeks_on_list": 0
            },
            {
                "age_group": "",
                "amazon_product_url": "http://www.amazon.com/You-Cant-Make-This-Television/dp/0062314963?tag=thenewyorktim-20",
                "article_chapter_link": "",
                "asterisk": 0,
                "author": "Al Michaels with L Jon Wertheim",
                "book_image": "http://du.ec2.nytimes.com.s3.amazonaws.com/prd/books/9780062314987.jpg",
                "book_review_link": "",
                "contributor": "by Al Michaels with L. Jon Wertheim",
                "contributor_note": "",
                "dagger": 0,
                "description": "The veteran sportscaster, the voice of \"Sunday Night Football,\" recalls players and games he has observed.",
                "first_chapter_link": "",
                "isbns": [
                    {
                        "isbn10": "0062314963",
                        "isbn13": "9780062314963"
                    }
                ],
                "price": 0,
                "primary_isbn10": "",
                "primary_isbn13": "9780062314987",
                "publisher": "Morrow",
                "rank": 19,
                "rank_last_week": 0,
                "sunday_review_link": "",
                "title": "YOU CAN'T MAKE THIS UP",
                "weeks_on_list": 0
            },
            {
                "age_group": "",
                "amazon_product_url": "http://www.amazon.com/Paper-Love-Searching-Grandfather-Behind-ebook/dp/B00INIXNVY?tag=thenewyorktim-20",
                "article_chapter_link": "",
                "asterisk": 0,
                "author": "Sarah Wildman",
                "book_image": "http://du.ec2.nytimes.com.s3.amazonaws.com/prd/books/9781101616161.jpeg",
                "book_review_link": "",
                "contributor": "by Sarah Wildman",
                "contributor_note": "",
                "dagger": 0,
                "description": "",
                "first_chapter_link": "",
                "isbns": [],
                "price": 0,
                "primary_isbn10": "",
                "primary_isbn13": "9781101616161",
                "publisher": "Riverhead",
                "rank": 20,
                "rank_last_week": 0,
                "sunday_review_link": "",
                "title": "PAPER LOVE",
                "weeks_on_list": 0
            }
        ],
        "corrections": [],
        "display_name": "E-Book Nonfiction",
        "list_name": "E-Book Nonfiction",
        "normal_list_ends_at": 10,
        "published_date": "2014-12-14",
        "updated": "WEEKLY"
    },
    "status": "OK"
}