{
    "copyright": "Copyright (c) 2014 The New York Times Company.  All Rights Reserved.",
    "last_modified": "2014-12-08T17:00:52-05:00",
    "num_results": 20,
    "results": {
        "bestsellers_date": "2014-11-29",
        "books": [
            {
                "age_group": "",
                "amazon_product_url": "http://www.amazon.com/Hope-Alex-Cross-James-Patterson/dp/031621096X?tag=thenewyorktim-20",
                "article_chapter_link": "",
                "asterisk": 0,
                "author": "James Patterson",
                "book_image": "http://du.ec2.nytimes.com.s3.amazonaws.com/prd/books/9780316210942.jpeg",
                "book_review_link": "",
                "contributor": "by  James Patterson",
                "contributor_note": "",
                "dagger": 0,
                "description": "Detective Alex Cross\u2019s family is kidnapped by a madman who wants to turn Cross into a perfect killer.",
                "first_chapter_link": "",
                "isbns": [
                    {
                        "isbn10": "031621096X",
                        "isbn13": "9780316210966"
                    }
                ],
                "price": 0,
                "primary_isbn10": "None",
                "primary_isbn13": "9780316210942",
                "publisher": "Little, Brown",
                "rank": 1,
                "rank_last_week": 0,
                "sunday_review_link": "",
                "title": "HOPE TO DIE",
                "weeks_on_list": 1
            },
            {
                "age_group": "",
                "amazon_product_url": "http://www.amazon.com/The-Escape-John-Puller-Book-ebook/dp/B00IRISI42?tag=thenewyorktim-20",
                "article_chapter_link": "",
                "asterisk": 0,
                "author": "David Baldacci",
                "book_image": "http://du.ec2.nytimes.com.s3.amazonaws.com/prd/books/9781455521197.jpeg",
                "book_review_link": "",
                "contributor": "by David Baldacci",
                "contributor_note": "",
                "dagger": 0,
                "description": "John Puller, a special agent with the Army, hunts for his brother, who was convicted of treason and has escaped from prison.",
                "first_chapter_link": "",
                "isbns": [
                    {
                        "isbn10": "1455521191",
                        "isbn13": "9781455521197"
                    },
                    {
                        "isbn10": "1455521272",
                        "isbn13": "9781455521272"
                    },
                    {
                        "isbn10": "1455530174",
                        "isbn13": "9781455530175"
                    }
                ],
                "price": 0,
                "primary_isbn10": "1455521272",
                "primary_isbn13": "9781455521272",
                "publisher": "Grand Central",
                "rank": 2,
                "rank_last_week": 0,
                "sunday_review_link": "",
                "title": "THE ESCAPE",
                "weeks_on_list": 2
            },
            {
                "age_group": "",
                "amazon_product_url": "http://www.amazon.com/Burning-Room-Harry-Bosch-Novel/dp/0316225932?tag=thenewyorktim-20",
                "article_chapter_link": "",
                "asterisk": 0,
                "author": "Michael Connelly",
                "book_image": "http://du.ec2.nytimes.com.s3.amazonaws.com/prd/books/9780316225939.jpeg",
                "book_review_link": "",
                "contributor": "by Michael Connelly",
                "contributor_note": "",
                "dagger": 0,
                "description": "The Los Angeles detective Harry Bosch and his new partner investigate two long-unsolved cases.",
                "first_chapter_link": "",
                "isbns": [
                    {
                        "isbn10": "0316225932",
                        "isbn13": "9780316225939"
                    },
                    {
                        "isbn10": "0316297070",
                        "isbn13": "9780316297073"
                    },
                    {
                        "isbn10": "0316225924",
                        "isbn13": "9780316225922"
                    },
                    {
                        "isbn10": "0316410705",
                        "isbn13": "9780316410700"
                    }
                ],
                "price": 0,
                "primary_isbn10": "0316225924",
                "primary_isbn13": "9780316225922",
                "publisher": "Little, Brown",
                "rank": 3,
                "rank_last_week": 0,
                "sunday_review_link": "",
                "title": "THE BURNING ROOM",
                "weeks_on_list": 4
            },
            {
                "age_group": "",
                "amazon_product_url": "http://www.amazon.com/Gone-Girl-Novel-Gillian-Flynn-ebook/dp/B006LSZECO?tag=thenewyorktim-20",
                "article_chapter_link": "",
                "asterisk": 0,
                "author": "Gillian Flynn",
                "book_image": "http://du.ec2.nytimes.com.s3.amazonaws.com/prd/books/9780307588388.jpg",
                "book_review_link": "",
                "contributor": "by Gillian Flynn",
                "contributor_note": "",
                "dagger": 0,
                "description": "A woman disappears on the day of her fifth anniversary; is her husband a killer?",
                "first_chapter_link": "",
                "isbns": [
                    {
                        "isbn10": "030758836X",
                        "isbn13": "9780307588364"
                    },
                    {
                        "isbn10": "0307588386",
                        "isbn13": "9780307588388"
                    },
                    {
                        "isbn10": "1410450953",
                        "isbn13": "9781410450951"
                    },
                    {
                        "isbn10": "0297859382",
                        "isbn13": "9780297859383"
                    },
                    {
                        "isbn10": "0307588378",
                        "isbn13": "9780307588371"
                    },
                    {
                        "isbn10": "0297859390",
                        "isbn13": "9780297859390"
                    },
                    {
                        "isbn10": "159413605X",
                        "isbn13": "9781594136054"
                    },
                    {
                        "isbn10": "055341836X",
                        "isbn13": "9780553418361"
                    },
                    {
                        "isbn10": "0553418351",
                        "isbn13": "9780553418354"
                    },
                    {
                        "isbn10": "0606270175",
                        "isbn13": "9780606270175"
                    }
                ],
                "price": 0,
                "primary_isbn10": "0307588386",
                "primary_isbn13": "9780307588388",
                "publisher": "Crown",
                "rank": 4,
                "rank_last_week": 0,
                "sunday_review_link": "",
                "title": "GONE GIRL",
                "weeks_on_list": 116
            },
            {
                "age_group": "",
                "amazon_product_url": "http://www.amazon.com/Gray-Mountain-Novel-John-Grisham/dp/038553714X?tag=thenewyorktim-20",
                "article_chapter_link": "",
                "asterisk": 0,
                "author": "John Grisham",
                "book_image": "http://du.ec2.nytimes.com.s3.amazonaws.com/prd/books/9780385537148.jpeg",
                "book_review_link": "",
                "contributor": "by John Grisham",
                "contributor_note": "",
                "dagger": 0,
                "description": "A lawyer joins a legal clinic in a small Virginia town, and becomes involved in litigation against the coal mining industry.",
                "first_chapter_link": "",
                "isbns": [
                    {
                        "isbn10": "038553714X",
                        "isbn13": "9780385537148"
                    },
                    {
                        "isbn10": "0385539169",
                        "isbn13": "9780385539166"
                    },
                    {
                        "isbn10": "0385539177",
                        "isbn13": "9780385539173"
                    }
                ],
                "price": 0,
                "primary_isbn10": "0385539169",
                "primary_isbn13": "9780385539166",
                "publisher": "Doubleday",
                "rank": 5,
                "rank_last_week": 0,
                "sunday_review_link": "",
                "title": "GRAY MOUNTAIN",
                "weeks_on_list": 6
            },
            {
                "age_group": "",
                "amazon_product_url": "http://www.amazon.com/Captivated-By-You-Crossfire-Novel/dp/0425273865?tag=thenewyorktim-20",
                "article_chapter_link": "",
                "asterisk": 0,
                "author": "Sylvia Day",
                "book_image": "http://du.ec2.nytimes.com.s3.amazonaws.com/prd/books/9780698153462.jpg",
                "book_review_link": "",
                "contributor": "by Sylvia Day",
                "contributor_note": "",
                "dagger": 0,
                "description": "Eva and Gideon's love is threatened by old wounds; a Crossfire novel.",
                "first_chapter_link": "",
                "isbns": [
                    {
                        "isbn10": "0425273865",
                        "isbn13": "9780425273869"
                    }
                ],
                "price": 0,
                "primary_isbn10": "None",
                "primary_isbn13": "9780698153462",
                "publisher": "Berkley",
                "rank": 6,
                "rank_last_week": 0,
                "sunday_review_link": "",
                "title": "CAPTIVATED BY YOU",
                "weeks_on_list": 2
            },
            {
                "age_group": "",
                "amazon_product_url": "http://www.amazon.com/Big-Little-Lies-Liane-Moriarty-ebook/dp/B00HDMMISA?tag=thenewyorktim-20",
                "article_chapter_link": "",
                "asterisk": 0,
                "author": "Liane Moriarty",
                "book_image": "http://du.ec2.nytimes.com.s3.amazonaws.com/prd/books/9780698138636.jpeg",
                "book_review_link": "",
                "contributor": "by Liane Moriarty",
                "contributor_note": "",
                "dagger": 0,
                "description": "Who will end up dead, and how, when three mothers with children in the same school become friends?",
                "first_chapter_link": "",
                "isbns": [
                    {
                        "isbn10": "0399167064",
                        "isbn13": "9780399167065"
                    },
                    {
                        "isbn10": "0698138635",
                        "isbn13": "9780698138636"
                    },
                    {
                        "isbn10": "1410472035",
                        "isbn13": "9781410472038"
                    }
                ],
                "price": 0,
                "primary_isbn10": "0698138635",
                "primary_isbn13": "9780698138636",
                "publisher": "Amy Einhorn/Putnam",
                "rank": 7,
                "rank_last_week": 0,
                "sunday_review_link": "",
                "title": "BIG LITTLE LIES",
                "weeks_on_list": 10
            },
            {
                "age_group": "",
                "amazon_product_url": "http://www.amazon.com/The-Darkest-Touch-Lords-Underworld/dp/0373778910?tag=thenewyorktim-20",
                "article_chapter_link": "",
                "asterisk": 0,
                "author": "Gena Showalter",
                "book_image": "http://du.ec2.nytimes.com.s3.amazonaws.com/prd/books/9781460343401.jpeg",
                "book_review_link": "",
                "contributor": "by Gena Showalter",
                "contributor_note": "",
                "dagger": 0,
                "description": "The immortal warrior Torin, whose touch causes sickness and death, is tempted by a powerful beauty who has escaped a centuries-long imprisonment; a Lords of the Underworld novel.",
                "first_chapter_link": "",
                "isbns": [
                    {
                        "isbn10": "0373778910",
                        "isbn13": "9780373778911"
                    }
                ],
                "price": 0,
                "primary_isbn10": "",
                "primary_isbn13": "9781460343401",
                "publisher": "Harlequin",
                "rank": 8,
                "rank_last_week": 0,
                "sunday_review_link": "",
                "title": "THE DARKEST TOUCH",
                "weeks_on_list": 1
            },
            {
                "age_group": "",
                "amazon_product_url": "http://www.amazon.com/A-Last-Goodbye-Kindle-Single-ebook/dp/B00MK38YL2?tag=thenewyorktim-20",
                "article_chapter_link": "",
                "asterisk": 0,
                "author": "J A Jance",
                "book_image": "http://du.ec2.nytimes.com.s3.amazonaws.com/prd/books/9781501103698.jpeg",
                "book_review_link": "",
                "contributor": "by J. A. Jance",
                "contributor_note": "",
                "dagger": 0,
                "description": "A bride-to-be turns sleuth in the search for a stray dog's owner.",
                "first_chapter_link": "",
                "isbns": [
                    {
                        "isbn10": "1501103695",
                        "isbn13": "9781501103698"
                    }
                ],
                "price": 0,
                "primary_isbn10": "1501103695",
                "primary_isbn13": "9781501103698",
                "publisher": "Pocket Star",
                "rank": 9,
                "rank_last_week": 0,
                "sunday_review_link": "",
                "title": "A LAST GOODBYE",
                "weeks_on_list": 1
            },
            {
                "age_group": "",
                "amazon_product_url": "http://www.amazon.com/All-Light-We-Cannot-See-ebook/dp/B00DPM7TIG?tag=thenewyorktim-20",
                "article_chapter_link": "",
                "asterisk": 0,
                "author": "Anthony Doerr",
                "book_image": "http://du.ec2.nytimes.com.s3.amazonaws.com/prd/books/9781476746609.jpg",
                "book_review_link": "",
                "contributor": "by Anthony Doerr",
                "contributor_note": "",
                "dagger": 0,
                "description": "The lives of a blind French girl and a gadget-obsessed German boy before and during World War II, when their paths eventually cross.\u00a0",
                "first_chapter_link": "",
                "isbns": [
                    {
                        "isbn10": "1476746583",
                        "isbn13": "9781476746586"
                    },
                    {
                        "isbn10": "1410470229",
                        "isbn13": "9781410470225"
                    }
                ],
                "price": 0,
                "primary_isbn10": "",
                "primary_isbn13": "9781476746609",
                "publisher": "Scribner",
                "rank": 10,
                "rank_last_week": 0,
                "sunday_review_link": "",
                "title": "ALL THE LIGHT WE CANNOT SEE",
                "weeks_on_list": 18
            },
            {
                "age_group": "",
                "amazon_product_url": "http://www.amazon.com/Never-Judge-Lady-Her-Cover/dp/0062068512?tag=thenewyorktim-20",
                "article_chapter_link": "",
                "asterisk": 0,
                "author": "Sarah MacLean",
                "book_image": "http://du.ec2.nytimes.com.s3.amazonaws.com/prd/books/9780062068514.jpeg",
                "book_review_link": "",
                "contributor": "by Sarah MacLean",
                "contributor_note": "",
                "dagger": 0,
                "description": "By day, she's Lady Georgiana, ruined sister to a duke. But in London's darkest corners, she's Chase, the owner of a legendary casino.",
                "first_chapter_link": "",
                "isbns": [
                    {
                        "isbn10": "0062068512",
                        "isbn13": "9780062068514"
                    },
                    {
                        "isbn10": "0062065416",
                        "isbn13": "9780062065414"
                    }
                ],
                "price": 0,
                "primary_isbn10": "0062065416",
                "primary_isbn13": "9780062065414",
                "publisher": "Avon",
                "rank": 11,
                "rank_last_week": 0,
                "sunday_review_link": "",
                "title": "NEVER JUDGE A LADY BY HER COVER",
                "weeks_on_list": 0
            },
            {
                "age_group": "",
                "amazon_product_url": "http://www.amazon.com/Personal-Jack-Reacher-Lee-Child/dp/0804178747?tag=thenewyorktim-20",
                "article_chapter_link": "",
                "asterisk": 0,
                "author": "Lee Child",
                "book_image": "http://du.ec2.nytimes.com.s3.amazonaws.com/prd/books/9780804178747.jpeg",
                "book_review_link": "",
                "contributor": "by Lee Child",
                "contributor_note": "",
                "dagger": 0,
                "description": "Jack Reacher, a former military cop, helps stop a sniper at a G8 summit.\u00a0",
                "first_chapter_link": "",
                "isbns": [
                    {
                        "isbn10": "0804178747",
                        "isbn13": "9780804178747"
                    },
                    {
                        "isbn10": "0804178763",
                        "isbn13": "9780804178761"
                    },
                    {
                        "isbn10": "1473508770",
                        "isbn13": "9781473508774"
                    }
                ],
                "price": 0,
                "primary_isbn10": "0804178763",
                "primary_isbn13": "9780804178761",
                "publisher": "Delacorte",
                "rank": 12,
                "rank_last_week": 0,
                "sunday_review_link": "",
                "title": "PERSONAL",
                "weeks_on_list": 0
            },
            {
                "age_group": "",
                "amazon_product_url": null,
                "article_chapter_link": "",
                "asterisk": 0,
                "author": "Milly Taiden",
                "book_image": null,
                "book_review_link": "",
                "contributor": "by Milly Taiden",
                "contributor_note": "",
                "dagger": 0,
                "description": "",
                "first_chapter_link": "",
                "isbns": [],
                "price": 0,
                "primary_isbn10": "None",
                "primary_isbn13": "A00B00OVJKMTU",
                "publisher": "Latin Goddess Press",
                "rank": 13,
                "rank_last_week": 0,
                "sunday_review_link": "",
                "title": "CURVES 'EM RIGHT",
                "weeks_on_list": 0
            },
            {
                "age_group": "",
                "amazon_product_url": "http://www.amazon.com/The-Last-Anniversary-Liane-Moriarty-ebook/dp/B003F1WMCK?tag=thenewyorktim-20",
                "article_chapter_link": "",
                "asterisk": 0,
                "author": "Liane Moriarty",
                "book_image": "http://du.ec2.nytimes.com.s3.amazonaws.com/prd/books/9780062008671.jpeg",
                "book_review_link": "",
                "contributor": "by Liane Moriarty",
                "contributor_note": "",
                "dagger": 0,
                "description": "",
                "first_chapter_link": "",
                "isbns": [
                    {
                        "isbn10": "0062008676",
                        "isbn13": "9780062008671"
                    }
                ],
                "price": 0,
                "primary_isbn10": "0062008676",
                "primary_isbn13": "9780062008671",
                "publisher": "Harper Perennial",
                "rank": 14,
                "rank_last_week": 0,
                "sunday_review_link": "",
                "title": "THE LAST ANNIVERSARY",
                "weeks_on_list": 0
            },
            {
                "age_group": "",
                "amazon_product_url": "http://www.amazon.com/Revival-A-Novel-Stephen-King-ebook/dp/B00ILHW6AG?tag=thenewyorktim-20",
                "article_chapter_link": "",
                "asterisk": 0,
                "author": "Stephen King",
                "book_image": "http://du.ec2.nytimes.com.s3.amazonaws.com/prd/books/9781476770406.jpeg",
                "book_review_link": "",
                "contributor": "by Stephen King",
                "contributor_note": "",
                "dagger": 0,
                "description": "The continuing relationship over five decades between a disgraced clergyman and a drug-addicted musician whom he mentored as a boy.",
                "first_chapter_link": "",
                "isbns": [
                    {
                        "isbn10": "1476770387",
                        "isbn13": "9781476770383"
                    },
                    {
                        "isbn10": "1476770409",
                        "isbn13": "9781476770406"
                    }
                ],
                "price": 0,
                "primary_isbn10": "1476770409",
                "primary_isbn13": "9781476770406",
                "publisher": "Scribner",
                "rank": 15,
                "rank_last_week": 0,
                "sunday_review_link": "",
                "title": "REVIVAL",
                "weeks_on_list": 0
            },
            {
                "age_group": "",
                "amazon_product_url": "http://www.amazon.com/Betrayed-Rosato-Associates-Novel-DiNunzio/dp/1250027705?tag=thenewyorktim-20",
                "article_chapter_link": "",
                "asterisk": 0,
                "author": "Lisa Scottoline",
                "book_image": "http://du.ec2.nytimes.com.s3.amazonaws.com/prd/books/9781250027702.jpeg",
                "book_review_link": "",
                "contributor": "by Lisa Scottoline",
                "contributor_note": "",
                "dagger": 0,
                "description": "Judy Carrier, a lawyer at Rosato & Associates, investigates the death of her aunt\u2019s housekeeper while dealing with her own emotional upheavals.",
                "first_chapter_link": "",
                "isbns": [
                    {
                        "isbn10": "1250027705",
                        "isbn13": "9781250027702"
                    },
                    {
                        "isbn10": "1250027683",
                        "isbn13": "9781250027689"
                    }
                ],
                "price": 0,
                "primary_isbn10": "1250027683",
                "primary_isbn13": "9781250027689",
                "publisher": "St. Martin's Press",
                "rank": 16,
                "rank_last_week": 0,
                "sunday_review_link": "",
                "title": "BETRAYED",
                "weeks_on_list": 0
            },
            {
                "age_group": "",
                "amazon_product_url": "http://www.amazon.com/Dark-Places-Novel-Gillian-Flynn/dp/0307341577?tag=thenewyorktim-20",
                "article_chapter_link": "",
                "asterisk": 0,
                "author": "Gillian Flynn",
                "book_image": "http://du.ec2.nytimes.com.s3.amazonaws.com/prd/books/9780307341570.jpg",
                "book_review_link": "",
                "contributor": "by Gillian Flynn",
                "contributor_note": "",
                "dagger": 0,
                "description": "A woman who was spared when her mother and sisters were murdered begins to reinvestigate the case against her imprisoned brother.",
                "first_chapter_link": "",
                "isbns": [
                    {
                        "isbn10": "0307459926",
                        "isbn13": "9780307459923"
                    },
                    {
                        "isbn10": "0307341577",
                        "isbn13": "9780307341570"
                    },
                    {
                        "isbn10": "1101902884",
                        "isbn13": "9781101902882"
                    }
                ],
                "price": 0,
                "primary_isbn10": "0307459926",
                "primary_isbn13": "9780307459923",
                "publisher": "Broadway",
                "rank": 17,
                "rank_last_week": 0,
                "sunday_review_link": "",
                "title": "DARK PLACES",
                "weeks_on_list": 0
            },
            {
                "age_group": "",
                "amazon_product_url": "http://www.amazon.com/Blood-Magick-Cousins-ODwyer-Trilogy-ebook/dp/B00INIXJ36?tag=thenewyorktim-20",
                "article_chapter_link": "",
                "asterisk": 0,
                "author": "Nora Roberts",
                "book_image": "http://du.ec2.nytimes.com.s3.amazonaws.com/prd/books/9780425259870.jpeg",
                "book_review_link": "",
                "contributor": "by Nora Roberts",
                "contributor_note": "",
                "dagger": 0,
                "description": "In County Mayo, Ireland, Branna and Fin\u2019s relationship offers them both comfort and torment; Book 3 of the Cousins O'Dwyer trilogy.",
                "first_chapter_link": "",
                "isbns": [
                    {
                        "isbn10": "0425259870",
                        "isbn13": "9780425259870"
                    },
                    {
                        "isbn10": "0698144546",
                        "isbn13": "9780698144545"
                    }
                ],
                "price": 0,
                "primary_isbn10": "0698144546",
                "primary_isbn13": "9780698144545",
                "publisher": "Berkley",
                "rank": 18,
                "rank_last_week": 0,
                "sunday_review_link": "",
                "title": "BLOOD MAGICK",
                "weeks_on_list": 0
            },
            {
                "age_group": "",
                "amazon_product_url": "http://www.amazon.com/Maybe-Not-Novella-Colleen-Hoover-ebook/dp/B00PT5R7FM?tag=thenewyorktim-20",
                "article_chapter_link": "",
                "asterisk": 0,
                "author": "Colleen Hoover",
                "book_image": "http://du.ec2.nytimes.com.s3.amazonaws.com/prd/books/9781476799841.jpeg",
                "book_review_link": "",
                "contributor": "by Colleen Hoover",
                "contributor_note": "",
                "dagger": 0,
                "description": "",
                "first_chapter_link": "",
                "isbns": [],
                "price": 0,
                "primary_isbn10": "None",
                "primary_isbn13": "9781476799841",
                "publisher": "Atria",
                "rank": 19,
                "rank_last_week": 0,
                "sunday_review_link": "",
                "title": "MAYBE NOT",
                "weeks_on_list": 0
            },
            {
                "age_group": "",
                "amazon_product_url": null,
                "article_chapter_link": "",
                "asterisk": 0,
                "author": "Melanie Marchande",
                "book_image": null,
                "book_review_link": "",
                "contributor": "by Melanie Marchande",
                "contributor_note": "",
                "dagger": 0,
                "description": "Megan's difficult boss is also the author of the romance novels she reads in private.",
                "first_chapter_link": "",
                "isbns": [],
                "price": 0,
                "primary_isbn10": "None",
                "primary_isbn13": "A00B00OQABJBO",
                "publisher": "Roses & Thorns Publishing",
                "rank": 20,
                "rank_last_week": 0,
                "sunday_review_link": "",
                "title": "HIS SECRETARY",
                "weeks_on_list": 0
            }
        ],
        "corrections": [],
        "display_name": "E-Book Fiction",
        "list_name": "E-Book Fiction",
        "normal_list_ends_at": 10,
        "published_date": "2014-12-14",
        "updated": "WEEKLY"
    },
    "status": "OK"
}