{
    "copyright": "Copyright (c) 2014 The New York Times Company.  All Rights Reserved.",
    "last_modified": "2014-12-08T17:01:02-05:00",
    "num_results": 15,
    "results": {
        "bestsellers_date": "2014-11-29",
        "books": [
            {
                "age_group": "",
                "amazon_product_url": "http://www.amazon.com/Am-Malala-Stood-Education-Taliban/dp/0316322407?tag=thenewyorktim-20",
                "article_chapter_link": "",
                "asterisk": 0,
                "author": "Malala Yousafzai with Christina Lamb",
                "book_image": "http://du.ec2.nytimes.com.s3.amazonaws.com/prd/books/9780316322409.jpg",
                "book_review_link": "",
                "contributor": "by Malala Yousafzai with Christina Lamb",
                "contributor_note": "",
                "dagger": 0,
                "description": "The experience of the young Pakistani advocate for women\u2019s education who was shot by the Taliban and won the Nobel Peace Prize.\n",
                "first_chapter_link": "",
                "isbns": [
                    {
                        "isbn10": "0316322407",
                        "isbn13": "9780316322409"
                    },
                    {
                        "isbn10": "147897978X",
                        "isbn13": "9781478979784"
                    },
                    {
                        "isbn10": "031628663X",
                        "isbn13": "9780316286633"
                    },
                    {
                        "isbn10": "0316322423",
                        "isbn13": "9780316322423"
                    },
                    {
                        "isbn10": "1478902337",
                        "isbn13": "9781478902331"
                    }
                ],
                "price": 0,
                "primary_isbn10": "0316322407",
                "primary_isbn13": "9780316322409",
                "publisher": "Little, Brown",
                "rank": 1,
                "rank_last_week": 0,
                "sunday_review_link": "",
                "title": "I AM MALALA",
                "weeks_on_list": 0
            },
            {
                "age_group": "",
                "amazon_product_url": "http://www.amazon.com/Fully-Alive-Discovering-What-Matters/dp/0374280916?tag=thenewyorktim-20",
                "article_chapter_link": "",
                "asterisk": 0,
                "author": "Timothy P Shriver",
                "book_image": "http://du.ec2.nytimes.com.s3.amazonaws.com/prd/books/9780374280918.jpeg",
                "book_review_link": "",
                "contributor": "by Timothy P. Shriver",
                "contributor_note": "",
                "dagger": 0,
                "description": "The head of the Special Olympics shares insights gained through experiences with and advocating for athletes with special needs.",
                "first_chapter_link": "",
                "isbns": [
                    {
                        "isbn10": "0374280916",
                        "isbn13": "9780374280918"
                    }
                ],
                "price": 0,
                "primary_isbn10": "0374280916",
                "primary_isbn13": "9780374280918",
                "publisher": "Sarah Crichton/Farrar, Straus & Giroux",
                "rank": 2,
                "rank_last_week": 0,
                "sunday_review_link": "",
                "title": "FULLY ALIVE",
                "weeks_on_list": 0
            },
            {
                "age_group": "",
                "amazon_product_url": "http://www.amazon.com/The-Smartest-Kids-World-They/dp/1451654421?tag=thenewyorktim-20",
                "article_chapter_link": "",
                "asterisk": 0,
                "author": "Amanda Ripley",
                "book_image": "http://du.ec2.nytimes.com.s3.amazonaws.com/prd/books/9781451654448.jpg",
                "book_review_link": "",
                "contributor": "by Amanda Ripley",
                "contributor_note": "",
                "dagger": 0,
                "description": "High-performing schools in Finland, South Korea and Poland.",
                "first_chapter_link": "",
                "isbns": [
                    {
                        "isbn10": "1451654421",
                        "isbn13": "9781451654424"
                    },
                    {
                        "isbn10": "145165443X",
                        "isbn13": "9781451654431"
                    }
                ],
                "price": 0,
                "primary_isbn10": "145165443X",
                "primary_isbn13": "9781451654431",
                "publisher": "Simon & Schuster",
                "rank": 3,
                "rank_last_week": 0,
                "sunday_review_link": "",
                "title": "THE SMARTEST KIDS IN THE WORLD",
                "weeks_on_list": 0
            },
            {
                "age_group": "",
                "amazon_product_url": "http://www.amazon.com/The-Last-Lecture-Randy-Pausch/dp/1401323251?tag=thenewyorktim-20",
                "article_chapter_link": "",
                "asterisk": 0,
                "author": "Randy Pausch with Jeffrey Zaslow",
                "book_image": "http://du.ec2.nytimes.com.s3.amazonaws.com/prd/books/9781401323257.jpg",
                "book_review_link": "",
                "contributor": "by Randy Pausch with Jeffrey Zaslow",
                "contributor_note": "",
                "dagger": 0,
                "description": "Thoughts on \u201cseizing every moment,\u201d from a professor who died of cancer at 47.",
                "first_chapter_link": "",
                "isbns": [
                    {
                        "isbn10": "1401323251",
                        "isbn13": "9781401323257"
                    },
                    {
                        "isbn10": "0316335614",
                        "isbn13": "9780316335614"
                    }
                ],
                "price": 0,
                "primary_isbn10": "None",
                "primary_isbn13": "9780761152682",
                "publisher": "Hyperion",
                "rank": 4,
                "rank_last_week": 0,
                "sunday_review_link": "",
                "title": "THE LAST LECTURE",
                "weeks_on_list": 0
            },
            {
                "age_group": "",
                "amazon_product_url": "http://www.amazon.com/The-Best-American-Infographics-2014/dp/0547974515?tag=thenewyorktim-20",
                "article_chapter_link": "",
                "asterisk": 0,
                "author": "Gareth Cook",
                "book_image": "http://du.ec2.nytimes.com.s3.amazonaws.com/prd/books/9780547974514.jpeg",
                "book_review_link": "",
                "contributor": "by Gareth Cook",
                "contributor_note": "",
                "dagger": 0,
                "description": "Bursts of art and knowledge in graphic form lend to seeing and understanding the world.",
                "first_chapter_link": "",
                "isbns": [
                    {
                        "isbn10": "0547974515",
                        "isbn13": "9780547974514"
                    }
                ],
                "price": 0,
                "primary_isbn10": "0547974515",
                "primary_isbn13": "9780547974514",
                "publisher": "Houghton Mifflin Harcourt",
                "rank": 5,
                "rank_last_week": 0,
                "sunday_review_link": "",
                "title": "THE BEST AMERICAN INFOGRAPHICS 2014",
                "weeks_on_list": 0
            },
            {
                "age_group": "",
                "amazon_product_url": "http://www.amazon.com/How-Children-Succeed-Curiosity-Character/dp/0544104404?tag=thenewyorktim-20",
                "article_chapter_link": "",
                "asterisk": 0,
                "author": "Paul Tough",
                "book_image": "http://du.ec2.nytimes.com.s3.amazonaws.com/prd/books/9780544104402.jpg",
                "book_review_link": "",
                "contributor": "by Paul Tough",
                "contributor_note": "",
                "dagger": 0,
                "description": "An argument that character matters more than intelligence.",
                "first_chapter_link": "",
                "isbns": [
                    {
                        "isbn10": "0547564651",
                        "isbn13": "9780547564654"
                    },
                    {
                        "isbn10": "054756466X",
                        "isbn13": "9780547564661"
                    },
                    {
                        "isbn10": "0544104404",
                        "isbn13": "9780544104402"
                    }
                ],
                "price": 0,
                "primary_isbn10": "0544104404",
                "primary_isbn13": "9780544104402",
                "publisher": "Mariner/Houghton Mifflin Harcourt",
                "rank": 6,
                "rank_last_week": 0,
                "sunday_review_link": "",
                "title": "HOW CHILDREN SUCCEED",
                "weeks_on_list": 0
            },
            {
                "age_group": "",
                "amazon_product_url": "http://www.amazon.com/The-Organized-Mind-Thinking-Information-ebook/dp/B00G3L6KOA?tag=thenewyorktim-20",
                "article_chapter_link": "",
                "asterisk": 0,
                "author": "Daniel J Levitin",
                "book_image": "http://du.ec2.nytimes.com.s3.amazonaws.com/prd/books/9780698157224.jpeg",
                "book_review_link": "",
                "contributor": "by Daniel J. Levitin",
                "contributor_note": "",
                "dagger": 0,
                "description": "A professor draws on research in neuroscience to explain how organization can help us manage the overwhelming flood of information in our lives.\n",
                "first_chapter_link": "",
                "isbns": [
                    {
                        "isbn10": "052595418X",
                        "isbn13": "9780525954187"
                    }
                ],
                "price": 0,
                "primary_isbn10": "052595418X",
                "primary_isbn13": "9780525954187",
                "publisher": "Dutton",
                "rank": 7,
                "rank_last_week": 0,
                "sunday_review_link": "",
                "title": "THE ORGANIZED MIND",
                "weeks_on_list": 0
            },
            {
                "age_group": "",
                "amazon_product_url": "http://www.amazon.com/On-Writing-Anniversary-Edition-Memoir/dp/1439156816?tag=thenewyorktim-20",
                "article_chapter_link": "",
                "asterisk": 0,
                "author": "Stephen King",
                "book_image": "http://du.ec2.nytimes.com.s3.amazonaws.com/prd/books/9781439156810.jpeg",
                "book_review_link": "",
                "contributor": "by Stephen King",
                "contributor_note": "",
                "dagger": 0,
                "description": "A memoir that is a master class on the writer's craft.",
                "first_chapter_link": "",
                "isbns": [
                    {
                        "isbn10": "1439156816",
                        "isbn13": "9781439156810"
                    },
                    {
                        "isbn10": "0743211537",
                        "isbn13": "9780743211536"
                    },
                    {
                        "isbn10": "0684853523",
                        "isbn13": "9780684853529"
                    },
                    {
                        "isbn10": "1439193630",
                        "isbn13": "9781439193631"
                    }
                ],
                "price": 0,
                "primary_isbn10": "1439156816",
                "primary_isbn13": "9781439156810",
                "publisher": "Scribner",
                "rank": 8,
                "rank_last_week": 0,
                "sunday_review_link": "",
                "title": "ON WRITING",
                "weeks_on_list": 0
            },
            {
                "age_group": "",
                "amazon_product_url": "http://www.amazon.com/What-When-Read-Vintage-Original/dp/0804171637?tag=thenewyorktim-20",
                "article_chapter_link": "",
                "asterisk": 0,
                "author": "Peter Mendelsund",
                "book_image": "http://du.ec2.nytimes.com.s3.amazonaws.com/prd/books/9780804171632.jpeg",
                "book_review_link": "",
                "contributor": "by Peter Mendelsund",
                "contributor_note": "",
                "dagger": 0,
                "description": "How readers visualize fictional worlds.",
                "first_chapter_link": "",
                "isbns": [
                    {
                        "isbn10": "0804171637",
                        "isbn13": "9780804171632"
                    }
                ],
                "price": 0,
                "primary_isbn10": "0804171637",
                "primary_isbn13": "9780804171632",
                "publisher": "Doubleday",
                "rank": 9,
                "rank_last_week": 0,
                "sunday_review_link": "",
                "title": "WHAT WE SEE WHEN WE READ",
                "weeks_on_list": 0
            },
            {
                "age_group": "",
                "amazon_product_url": "http://www.amazon.com/Letters-Note-Collection-Correspondence-Deserving/dp/1452134251?tag=thenewyorktim-20",
                "article_chapter_link": "",
                "asterisk": 0,
                "author": "compiled  Shaun Usher",
                "book_image": "http://du.ec2.nytimes.com.s3.amazonaws.com/prd/books/9781452134253.jpeg",
                "book_review_link": "",
                "contributor": "compiled by Shaun Usher",
                "contributor_note": "",
                "dagger": 0,
                "description": "An eclectic collection of correspondence from diverse historical figures, from scientists and world leaders to authors and villains.",
                "first_chapter_link": "",
                "isbns": [
                    {
                        "isbn10": "1452134251",
                        "isbn13": "9781452134253"
                    }
                ],
                "price": 0,
                "primary_isbn10": "1452134251",
                "primary_isbn13": "9781452134253",
                "publisher": "Chronicle",
                "rank": 10,
                "rank_last_week": 0,
                "sunday_review_link": "",
                "title": "LETTERS OF NOTE",
                "weeks_on_list": 0
            },
            {
                "age_group": "",
                "amazon_product_url": "http://www.amazon.com/Exams-Very-Totally-Wrong-Answers/dp/0811878317?tag=thenewyorktim-20",
                "article_chapter_link": "",
                "asterisk": 0,
                "author": "Richard Benson",
                "book_image": "http://du.ec2.nytimes.com.s3.amazonaws.com/prd/books/9780811878319.jpg",
                "book_review_link": "",
                "contributor": "by Richard Benson",
                "contributor_note": "",
                "dagger": 0,
                "description": "Students\u2019 creative responses to exam questions.",
                "first_chapter_link": "",
                "isbns": [
                    {
                        "isbn10": "0811878317",
                        "isbn13": "9780811878319"
                    }
                ],
                "price": 0,
                "primary_isbn10": "0811878317",
                "primary_isbn13": "9780811878319",
                "publisher": "Chronicle",
                "rank": 11,
                "rank_last_week": 0,
                "sunday_review_link": "",
                "title": "F IN EXAMS",
                "weeks_on_list": 0
            },
            {
                "age_group": "",
                "amazon_product_url": "http://www.amazon.com/Lessons-Hope-How-Fix-Schools/dp/0062268643?tag=thenewyorktim-20",
                "article_chapter_link": "",
                "asterisk": 0,
                "author": "Joel Klein",
                "book_image": "http://du.ec2.nytimes.com.s3.amazonaws.com/prd/books/9780062268648.jpeg",
                "book_review_link": "",
                "contributor": "by Joel Klein",
                "contributor_note": "",
                "dagger": 0,
                "description": "",
                "first_chapter_link": "",
                "isbns": [
                    {
                        "isbn10": "0062268643",
                        "isbn13": "9780062268648"
                    }
                ],
                "price": 0,
                "primary_isbn10": "0062268643",
                "primary_isbn13": "9780062268648",
                "publisher": "Harper",
                "rank": 12,
                "rank_last_week": 0,
                "sunday_review_link": "",
                "title": "LESSONS OF HOPE",
                "weeks_on_list": 0
            },
            {
                "age_group": "",
                "amazon_product_url": "http://www.amazon.com/Dataclysm-When-Think-Ones-Looking/dp/0385347375?tag=thenewyorktim-20",
                "article_chapter_link": "",
                "asterisk": 0,
                "author": "Christian Rudder",
                "book_image": "http://du.ec2.nytimes.com.s3.amazonaws.com/prd/books/9780385347389.jpeg",
                "book_review_link": "",
                "contributor": "by Christian Rudder",
                "contributor_note": "",
                "dagger": 0,
                "description": "What data from social media reveal about human nature.",
                "first_chapter_link": "",
                "isbns": [
                    {
                        "isbn10": "0385347375",
                        "isbn13": "9780385347372"
                    },
                    {
                        "isbn10": "0385347383",
                        "isbn13": "9780385347389"
                    },
                    {
                        "isbn10": "0553397494",
                        "isbn13": "9780553397499"
                    }
                ],
                "price": 0,
                "primary_isbn10": "0385347375",
                "primary_isbn13": "9780385347372",
                "publisher": "Crown",
                "rank": 13,
                "rank_last_week": 0,
                "sunday_review_link": "",
                "title": "DATACLYSM",
                "weeks_on_list": 0
            },
            {
                "age_group": "",
                "amazon_product_url": "http://www.amazon.com/How-Not-Be-Wrong-Mathematical/dp/1594205221?tag=thenewyorktim-20",
                "article_chapter_link": "",
                "asterisk": 0,
                "author": "Jordan Ellenberg",
                "book_image": "http://du.ec2.nytimes.com.s3.amazonaws.com/prd/books/9781594205224.jpg",
                "book_review_link": "",
                "contributor": "by Jordan Ellenberg",
                "contributor_note": "",
                "dagger": 0,
                "description": "A mathematician shows how his discipline helps us think about problems of politics, medicine and commerce.",
                "first_chapter_link": "",
                "isbns": [
                    {
                        "isbn10": "1594205221",
                        "isbn13": "9781594205224"
                    }
                ],
                "price": 0,
                "primary_isbn10": "1594205221",
                "primary_isbn13": "9781594205224",
                "publisher": "Penguin Press",
                "rank": 14,
                "rank_last_week": 0,
                "sunday_review_link": "",
                "title": "HOW NOT TO BE WRONG",
                "weeks_on_list": 0
            },
            {
                "age_group": "",
                "amazon_product_url": "http://www.amazon.com/Show-Your-Work-Creativity-Discovered/dp/076117897X?tag=thenewyorktim-20",
                "article_chapter_link": "",
                "asterisk": 0,
                "author": "Austin Kleon",
                "book_image": "http://du.ec2.nytimes.com.s3.amazonaws.com/prd/books/9780761178972.jpeg",
                "book_review_link": "",
                "contributor": "by Austin Kleon",
                "contributor_note": "",
                "dagger": 0,
                "description": "Ten strategies for sharing your creativity in the digital age.",
                "first_chapter_link": "",
                "isbns": [
                    {
                        "isbn10": "076117897X",
                        "isbn13": "9780761178972"
                    }
                ],
                "price": 0,
                "primary_isbn10": "076117897X",
                "primary_isbn13": "9780761178972",
                "publisher": "Workman",
                "rank": 15,
                "rank_last_week": 0,
                "sunday_review_link": "",
                "title": "SHOW YOUR WORK!",
                "weeks_on_list": 0
            }
        ],
        "corrections": [],
        "display_name": "Education",
        "list_name": "Education",
        "normal_list_ends_at": 10,
        "published_date": "2014-12-14",
        "updated": "MONTHLY"
    },
    "status": "OK"
}