{
    "copyright": "Copyright (c) 2014 The New York Times Company.  All Rights Reserved.",
    "last_modified": "2014-12-08T17:00:59-05:00",
    "num_results": 15,
    "results": {
        "bestsellers_date": "2014-11-29",
        "books": [
            {
                "age_group": "",
                "amazon_product_url": "http://www.amazon.com/There-Was-Little-Girl-Mother-ebook/dp/B00KWG5W0K?tag=thenewyorktim-20",
                "article_chapter_link": "",
                "asterisk": 0,
                "author": "Brooke Shields",
                "book_image": "http://du.ec2.nytimes.com.s3.amazonaws.com/prd/books/9780698186231.jpeg",
                "book_review_link": "",
                "contributor": "by Brooke Shields",
                "contributor_note": "",
                "dagger": 0,
                "description": "A memoir of the actress\u2019s life and her complicated relationship with her ambitious, difficult mother.",
                "first_chapter_link": "",
                "isbns": [
                    {
                        "isbn10": "0525954848",
                        "isbn13": "9780525954842"
                    },
                    {
                        "isbn10": "1611763851",
                        "isbn13": "9781611763850"
                    }
                ],
                "price": 0,
                "primary_isbn10": "",
                "primary_isbn13": "9780698186231",
                "publisher": "Dutton",
                "rank": 1,
                "rank_last_week": 0,
                "sunday_review_link": "",
                "title": "THERE WAS A LITTLE GIRL",
                "weeks_on_list": 0
            },
            {
                "age_group": "",
                "amazon_product_url": "http://www.amazon.com/What-Expect-Youre-Expecting-Edition/dp/0761148574?tag=thenewyorktim-20",
                "article_chapter_link": "",
                "asterisk": 0,
                "author": "Heidi Murkoff and Sharon Mazel",
                "book_image": "http://du.ec2.nytimes.com.s3.amazonaws.com/prd/books/9780761148579.jpg",
                "book_review_link": "",
                "contributor": "by Heidi Murkoff and Sharon Mazel",
                "contributor_note": "",
                "dagger": 0,
                "description": "Advice for parents-to-be.",
                "first_chapter_link": "",
                "isbns": [
                    {
                        "isbn10": "0761148574",
                        "isbn13": "9780761148579"
                    },
                    {
                        "isbn10": "0761121323",
                        "isbn13": "9780761121329"
                    },
                    {
                        "isbn10": "076115079X",
                        "isbn13": "9780761150794"
                    }
                ],
                "price": 0,
                "primary_isbn10": "0761148574",
                "primary_isbn13": "9780761148579",
                "publisher": "Workman",
                "rank": 2,
                "rank_last_week": 0,
                "sunday_review_link": "",
                "title": "WHAT TO EXPECT WHEN YOU'RE EXPECTING",
                "weeks_on_list": 0
            },
            {
                "age_group": "",
                "amazon_product_url": "http://www.amazon.com/The-Wild-Truth-Carine-McCandless/dp/0062325140?tag=thenewyorktim-20",
                "article_chapter_link": "",
                "asterisk": 0,
                "author": "Carine McCandless",
                "book_image": "http://du.ec2.nytimes.com.s3.amazonaws.com/prd/books/9780062325167.jpeg",
                "book_review_link": "",
                "contributor": "by Carine McCandless",
                "contributor_note": "",
                "dagger": 0,
                "description": "The sister of Chris McCandless reveals the dysfunctional family dynamics that led her brother to sever all ties and to live and ultimately die in the wilds of Alaska.",
                "first_chapter_link": "",
                "isbns": [
                    {
                        "isbn10": "0062325167",
                        "isbn13": "9780062325167"
                    },
                    {
                        "isbn10": "0062325140",
                        "isbn13": "9780062325143"
                    }
                ],
                "price": 0,
                "primary_isbn10": "0062325140",
                "primary_isbn13": "9780062325143",
                "publisher": "HarperOne",
                "rank": 3,
                "rank_last_week": 0,
                "sunday_review_link": "",
                "title": "THE WILD TRUTH",
                "weeks_on_list": 0
            },
            {
                "age_group": "",
                "amazon_product_url": "http://www.amazon.com/Go-F-Sleep-Adam-Mansbach/dp/1617750255?tag=thenewyorktim-20",
                "article_chapter_link": "",
                "asterisk": 0,
                "author": "Adam Mansbach",
                "book_image": "http://du.ec2.nytimes.com.s3.amazonaws.com/prd/books/9781617750250.jpg",
                "book_review_link": "",
                "contributor": "by Adam Mansbach. Illustrated by Ricardo Cort\u00e9s",
                "contributor_note": "Illustrated by Ricardo Cort\u00e9s  ",
                "dagger": 0,
                "description": "A children's book parody for tired parents.",
                "first_chapter_link": "",
                "isbns": [
                    {
                        "isbn10": "1617750255",
                        "isbn13": "9781617750250"
                    }
                ],
                "price": 0,
                "primary_isbn10": "1617750255",
                "primary_isbn13": "9781617750250",
                "publisher": "Akashic Books",
                "rank": 4,
                "rank_last_week": 0,
                "sunday_review_link": "",
                "title": "GO THE F**K TO SLEEP",
                "weeks_on_list": 0
            },
            {
                "age_group": "",
                "amazon_product_url": "http://www.amazon.com/You-Have-F-g-Eat/dp/1617753785?tag=thenewyorktim-20",
                "article_chapter_link": "",
                "asterisk": 0,
                "author": "Adam Mansbach",
                "book_image": "http://du.ec2.nytimes.com.s3.amazonaws.com/prd/books/9781617753787.jpg",
                "book_review_link": "",
                "contributor": "by Adam Mansbach. Illustrated by Owen Brozman",
                "contributor_note": "Illustrated by Owen Brozman",
                "dagger": 0,
                "description": "A children's book parody for parents of squeamish and reluctant eaters.",
                "first_chapter_link": "",
                "isbns": [
                    {
                        "isbn10": "1617753785",
                        "isbn13": "9781617753787"
                    }
                ],
                "price": 0,
                "primary_isbn10": "1617753785",
                "primary_isbn13": "9781617753787",
                "publisher": "Akashic Books",
                "rank": 5,
                "rank_last_week": 0,
                "sunday_review_link": "",
                "title": "YOU HAVE TO F*****G EAT",
                "weeks_on_list": 0
            },
            {
                "age_group": "",
                "amazon_product_url": "http://www.amazon.com/This-Is-Story-Happy-Marriage-ebook/dp/B00BATKV2M?tag=thenewyorktim-20",
                "article_chapter_link": "",
                "asterisk": 0,
                "author": "Ann Patchett",
                "book_image": "http://du.ec2.nytimes.com.s3.amazonaws.com/prd/books/9780062236692.jpg",
                "book_review_link": "",
                "contributor": "by Ann Patchett",
                "contributor_note": "",
                "dagger": 0,
                "description": "A collection of personal essays, by the author of \u201cBel Canto\u201d and \u201cState of Wonder.\u201d",
                "first_chapter_link": "",
                "isbns": [
                    {
                        "isbn10": "0062236679",
                        "isbn13": "9780062236678"
                    },
                    {
                        "isbn10": "0062236695",
                        "isbn13": "9780062236692"
                    },
                    {
                        "isbn10": "0062236687",
                        "isbn13": "9780062236685"
                    },
                    {
                        "isbn10": "0062282867",
                        "isbn13": "9780062282866"
                    }
                ],
                "price": 0,
                "primary_isbn10": "0062236687",
                "primary_isbn13": "9780062236685",
                "publisher": "Harper Perennial",
                "rank": 6,
                "rank_last_week": 0,
                "sunday_review_link": "",
                "title": "THIS IS THE STORY OF A HAPPY MARRIAGE",
                "weeks_on_list": 0
            },
            {
                "age_group": "",
                "amazon_product_url": "http://www.amazon.com/How-Talk-Kids-Will-Listen/dp/1451663889?tag=thenewyorktim-20",
                "article_chapter_link": "",
                "asterisk": 0,
                "author": "Adele Faber and Elaine Mazlish",
                "book_image": "http://du.ec2.nytimes.com.s3.amazonaws.com/prd/books/9781451663884.jpeg",
                "book_review_link": "",
                "contributor": "by Adele Faber and Elaine Mazlish",
                "contributor_note": "",
                "dagger": 0,
                "description": "A communication tool kit for parents that emphasizes cooperation and mutual problem-solving; updated.",
                "first_chapter_link": "",
                "isbns": [
                    {
                        "isbn10": "1451663889",
                        "isbn13": "9781451663884"
                    }
                ],
                "price": 0,
                "primary_isbn10": "1451663889",
                "primary_isbn13": "9781451663884",
                "publisher": "Scribner",
                "rank": 7,
                "rank_last_week": 0,
                "sunday_review_link": "",
                "title": "HOW TO TALK SO KIDS WILL LISTEN AND LISTEN SO KIDS WILL TALK",
                "weeks_on_list": 0
            },
            {
                "age_group": "",
                "amazon_product_url": "http://www.amazon.com/The-Whole-Brain-Child-Revolutionary-Strategies/dp/0553386697?tag=thenewyorktim-20",
                "article_chapter_link": "",
                "asterisk": 0,
                "author": "Daniel J Siegel and Tina Payne Bryson",
                "book_image": "http://du.ec2.nytimes.com.s3.amazonaws.com/prd/books/9780553386691.jpeg",
                "book_review_link": "",
                "contributor": "by Daniel J. Siegel and Tina Payne Bryson",
                "contributor_note": "",
                "dagger": 0,
                "description": "A dozen strategies to nurture the developing mind.",
                "first_chapter_link": "",
                "isbns": [
                    {
                        "isbn10": "0553386697",
                        "isbn13": "9780553386691"
                    },
                    {
                        "isbn10": "0553807919",
                        "isbn13": "9780553807912"
                    }
                ],
                "price": 0,
                "primary_isbn10": "0553386697",
                "primary_isbn13": "9780553386691",
                "publisher": "Delacorte",
                "rank": 8,
                "rank_last_week": 0,
                "sunday_review_link": "",
                "title": "THE WHOLE-BRAIN CHILD",
                "weeks_on_list": 0
            },
            {
                "age_group": "",
                "amazon_product_url": "http://www.amazon.com/Girl-Named-Zippy-Growing-Mooreland-ebook/dp/B000FC1I9U?tag=thenewyorktim-20",
                "article_chapter_link": "",
                "asterisk": 0,
                "author": "Haven Kimmel",
                "book_image": "http://du.ec2.nytimes.com.s3.amazonaws.com/prd/books/9780767913102.jpeg",
                "book_review_link": "",
                "contributor": "by Haven Kimmel",
                "contributor_note": "",
                "dagger": 0,
                "description": "A memoir of idyllic childhood in small town America.",
                "first_chapter_link": "",
                "isbns": [
                    {
                        "isbn10": "0767913108",
                        "isbn13": "9780767913102"
                    },
                    {
                        "isbn10": "0767915054",
                        "isbn13": "9780767915052"
                    }
                ],
                "price": 0,
                "primary_isbn10": "0767913108",
                "primary_isbn13": "9780767913102",
                "publisher": "Broadway",
                "rank": 9,
                "rank_last_week": 0,
                "sunday_review_link": "",
                "title": "A GIRL NAMED ZIPPY",
                "weeks_on_list": 0
            },
            {
                "age_group": "",
                "amazon_product_url": "http://www.amazon.com/The-Conscious-Parent-Transforming-Empowering/dp/1897238452?tag=thenewyorktim-20",
                "article_chapter_link": "",
                "asterisk": 0,
                "author": "Shefali Tsabary",
                "book_image": "http://du.ec2.nytimes.com.s3.amazonaws.com/prd/books/9781897238455.jpg",
                "book_review_link": "",
                "contributor": "by Shefali Tsabary",
                "contributor_note": "",
                "dagger": 0,
                "description": "How to learn from the emotional and spiritual lessons of parenting.",
                "first_chapter_link": "",
                "isbns": [
                    {
                        "isbn10": "1897238452",
                        "isbn13": "9781897238455"
                    }
                ],
                "price": 0,
                "primary_isbn10": "1897238452",
                "primary_isbn13": "9781897238455",
                "publisher": "Namaste",
                "rank": 10,
                "rank_last_week": 0,
                "sunday_review_link": "",
                "title": "THE CONSCIOUS PARENT",
                "weeks_on_list": 0
            },
            {
                "age_group": "",
                "amazon_product_url": "http://www.amazon.com/Cant-Talk-about-Something-Pleasant/dp/1608198065?tag=thenewyorktim-20",
                "article_chapter_link": "",
                "asterisk": 0,
                "author": "Roz Chast",
                "book_image": "http://du.ec2.nytimes.com.s3.amazonaws.com/prd/books/9781608198061.jpg",
                "book_review_link": "",
                "contributor": "by Roz Chast",
                "contributor_note": "",
                "dagger": 0,
                "description": "In this memoir, the cartoonist examines her parents from their early days as mother and father to their later years facing old age and poor health.",
                "first_chapter_link": "",
                "isbns": [
                    {
                        "isbn10": "1608198065",
                        "isbn13": "9781608198061"
                    }
                ],
                "price": 0,
                "primary_isbn10": "1608198065",
                "primary_isbn13": "9781608198061",
                "publisher": "Bloomsbury USA",
                "rank": 11,
                "rank_last_week": 0,
                "sunday_review_link": "",
                "title": "CAN'T WE TALK ABOUT SOMETHING MORE PLEASANT?",
                "weeks_on_list": 0
            },
            {
                "age_group": "",
                "amazon_product_url": "http://www.amazon.com/The-5-Love-Languages-Children/dp/0802403476?tag=thenewyorktim-20",
                "article_chapter_link": "",
                "asterisk": 0,
                "author": "Gary D Chapman and Ross Campbell",
                "book_image": "http://du.ec2.nytimes.com.s3.amazonaws.com/prd/books/9780802403476.jpeg",
                "book_review_link": "",
                "contributor": "by Gary D. Chapman and Ross Campbell",
                "contributor_note": "",
                "dagger": 0,
                "description": "",
                "first_chapter_link": "",
                "isbns": [
                    {
                        "isbn10": "0802403476",
                        "isbn13": "9780802403476"
                    }
                ],
                "price": 0,
                "primary_isbn10": "0802403476",
                "primary_isbn13": "9780802403476",
                "publisher": "Moody",
                "rank": 12,
                "rank_last_week": 0,
                "sunday_review_link": "",
                "title": "THE FIVE LOVE LANGUAGES OF CHILDREN",
                "weeks_on_list": 0
            },
            {
                "age_group": "",
                "amazon_product_url": "http://www.amazon.com/No-Drama-Discipline-Whole-Brain-Nurture-Developing-ebook/dp/B00JCS4NMC?tag=thenewyorktim-20",
                "article_chapter_link": "",
                "asterisk": 0,
                "author": "Daniel J Siegel and Tina Payne Bryson",
                "book_image": "http://du.ec2.nytimes.com.s3.amazonaws.com/prd/books/9780345548054.jpeg",
                "book_review_link": "",
                "contributor": "by Daniel J. Siegel and Tina Payne Bryson",
                "contributor_note": "",
                "dagger": 0,
                "description": "How to appropriately guide behavior of children using insights that are based upon the child's developing mind.",
                "first_chapter_link": "",
                "isbns": [
                    {
                        "isbn10": "0345548051",
                        "isbn13": "9780345548054"
                    },
                    {
                        "isbn10": "0345548043",
                        "isbn13": "9780345548047"
                    }
                ],
                "price": 0,
                "primary_isbn10": "0345548043",
                "primary_isbn13": "9780345548047",
                "publisher": "Bantam",
                "rank": 13,
                "rank_last_week": 0,
                "sunday_review_link": "",
                "title": "NO-DRAMA DISCIPLINE",
                "weeks_on_list": 0
            },
            {
                "age_group": "",
                "amazon_product_url": "http://www.amazon.com/Little-Failure-Memoir-Gary-Shteyngart/dp/0679643753?tag=thenewyorktim-20",
                "article_chapter_link": "",
                "asterisk": 0,
                "author": "Gary Shteyngart",
                "book_image": "http://du.ec2.nytimes.com.s3.amazonaws.com/prd/books/9780812995336.jpeg",
                "book_review_link": "",
                "contributor": "by Gary Shteyngart",
                "contributor_note": "",
                "dagger": 0,
                "description": "A memoir of growing up in a family that immigrated from Leningrad to Queens.",
                "first_chapter_link": "",
                "isbns": [
                    {
                        "isbn10": "0679643753",
                        "isbn13": "9780679643753"
                    },
                    {
                        "isbn10": "0812982495",
                        "isbn13": "9780812982497"
                    }
                ],
                "price": 0,
                "primary_isbn10": "0812982495",
                "primary_isbn13": "9780812982497",
                "publisher": "Random House",
                "rank": 14,
                "rank_last_week": 0,
                "sunday_review_link": "",
                "title": "LITTLE FAILURE",
                "weeks_on_list": 0
            },
            {
                "age_group": "",
                "amazon_product_url": "http://www.amazon.com/Darth-Vader-Son-Jeffrey-Brown/dp/145210655X?tag=thenewyorktim-20",
                "article_chapter_link": "",
                "asterisk": 0,
                "author": "Jeffrey Brown",
                "book_image": "http://du.ec2.nytimes.com.s3.amazonaws.com/prd/books/9781452106557.jpeg",
                "book_review_link": "",
                "contributor": "by Jeffrey Brown",
                "contributor_note": "",
                "dagger": 0,
                "description": "The father-son dynamic in a galaxy far, far away.\u00a0",
                "first_chapter_link": "",
                "isbns": [
                    {
                        "isbn10": "145210655X",
                        "isbn13": "9781452106557"
                    }
                ],
                "price": 0,
                "primary_isbn10": "145210655X",
                "primary_isbn13": "9781452106557",
                "publisher": "Chronicle Books",
                "rank": 15,
                "rank_last_week": 0,
                "sunday_review_link": "",
                "title": "DARTH VADER AND SON",
                "weeks_on_list": 0
            }
        ],
        "corrections": [],
        "display_name": "Family",
        "list_name": "Family",
        "normal_list_ends_at": 10,
        "published_date": "2014-12-14",
        "updated": "MONTHLY"
    },
    "status": "OK"
}