{
    "copyright": "Copyright (c) 2014 The New York Times Company.  All Rights Reserved.",
    "last_modified": "2014-12-08T17:00:56-05:00",
    "num_results": 15,
    "results": {
        "bestsellers_date": "2014-11-29",
        "books": [
            {
                "age_group": "",
                "amazon_product_url": "http://www.amazon.com/The-Woman-I-Wanted-Be/dp/1451651546?tag=thenewyorktim-20",
                "article_chapter_link": "",
                "asterisk": 0,
                "author": "Diane Von Furstenberg",
                "book_image": "http://du.ec2.nytimes.com.s3.amazonaws.com/prd/books/9781451651546.jpg",
                "book_review_link": "",
                "contributor": "by Diane Von Furstenberg",
                "contributor_note": "",
                "dagger": 0,
                "description": "The memoir of the princess and fashion designer.",
                "first_chapter_link": "",
                "isbns": [
                    {
                        "isbn10": "1451651546",
                        "isbn13": "9781451651546"
                    }
                ],
                "price": 0,
                "primary_isbn10": "1451651546",
                "primary_isbn13": "9781451651546",
                "publisher": "Simon & Schuster",
                "rank": 1,
                "rank_last_week": 0,
                "sunday_review_link": "",
                "title": "THE WOMAN I WANTED TO BE",
                "weeks_on_list": 0
            },
            {
                "age_group": "",
                "amazon_product_url": "http://www.amazon.com/Make-Up-Guide-Beauty-Success-Online/dp/080413734X?tag=thenewyorktim-20",
                "article_chapter_link": "",
                "asterisk": 0,
                "author": "Michelle Phan",
                "book_image": "http://du.ec2.nytimes.com.s3.amazonaws.com/prd/books/9780804137348.jpg",
                "book_review_link": "",
                "contributor": "by Michelle Phan",
                "contributor_note": "",
                "dagger": 0,
                "description": "Mastering the art of beauty transformation, through the deft use of cosmetics.",
                "first_chapter_link": "",
                "isbns": [
                    {
                        "isbn10": "080413734X",
                        "isbn13": "9780804137348"
                    }
                ],
                "price": 0,
                "primary_isbn10": "080413734X",
                "primary_isbn13": "9780804137348",
                "publisher": "Harmony",
                "rank": 2,
                "rank_last_week": 0,
                "sunday_review_link": "",
                "title": "MAKE UP",
                "weeks_on_list": 0
            },
            {
                "age_group": "",
                "amazon_product_url": "http://www.amazon.com/Measure-Man-Auschwitz-Survivor-Presidents/dp/1621572668?tag=thenewyorktim-20",
                "article_chapter_link": "",
                "asterisk": 0,
                "author": "Martin Greenfield with Wynton Hall",
                "book_image": "http://du.ec2.nytimes.com.s3.amazonaws.com/prd/books/9781621572664.jpeg",
                "book_review_link": "",
                "contributor": "by Martin Greenfield with Wynton Hall",
                "contributor_note": "",
                "dagger": 0,
                "description": "The memoir of the 86-year-old Auschwitz survivor who became the custom tailor for Presidents  Eisenhower, Clinton Obama and Hollywood celebrities.",
                "first_chapter_link": "",
                "isbns": [
                    {
                        "isbn10": "1621572668",
                        "isbn13": "9781621572664"
                    }
                ],
                "price": 0,
                "primary_isbn10": "1621572668",
                "primary_isbn13": "9781621572664",
                "publisher": "Regnery",
                "rank": 3,
                "rank_last_week": 0,
                "sunday_review_link": "",
                "title": "MEASURE OF A MAN",
                "weeks_on_list": 0
            },
            {
                "age_group": "",
                "amazon_product_url": "http://www.amazon.com/Flapper-Madcap-Celebrity-America-Modern-ebook/dp/B000SEH56A?tag=thenewyorktim-20",
                "article_chapter_link": "",
                "asterisk": 0,
                "author": "Joshua Zeitz",
                "book_image": "http://du.ec2.nytimes.com.s3.amazonaws.com/prd/books/9780307523822.jpeg",
                "book_review_link": "",
                "contributor": "by Joshua Zeitz",
                "contributor_note": "",
                "dagger": 0,
                "description": "The women of the 1920s whose rebellions against corseted Victorian style and the flaunting of short hemlines made America modern.",
                "first_chapter_link": "",
                "isbns": [
                    {
                        "isbn10": "1400080541",
                        "isbn13": "9781400080540"
                    },
                    {
                        "isbn10": "0307523829",
                        "isbn13": "9780307523822"
                    }
                ],
                "price": 0,
                "primary_isbn10": "0307523829",
                "primary_isbn13": "9780307523822",
                "publisher": "Crown",
                "rank": 4,
                "rank_last_week": 0,
                "sunday_review_link": "",
                "title": "FLAPPER",
                "weeks_on_list": 0
            },
            {
                "age_group": "",
                "amazon_product_url": "http://www.amazon.com/Year-Life-Downton-Abbey-Celebrations/dp/1250065380?tag=thenewyorktim-20",
                "article_chapter_link": "",
                "asterisk": 0,
                "author": "Jessica Fellowes",
                "book_image": "http://du.ec2.nytimes.com.s3.amazonaws.com/prd/books/9781250065384.jpeg",
                "book_review_link": "",
                "contributor": "by Jessica Fellowes",
                "contributor_note": "",
                "dagger": 0,
                "description": "How to entertain in the grand style of the fictional English estate: from the \"sporting season\" to debutante and holiday balls and continental travel.",
                "first_chapter_link": "",
                "isbns": [
                    {
                        "isbn10": "1250065380",
                        "isbn13": "9781250065384"
                    }
                ],
                "price": 0,
                "primary_isbn10": "1250065380",
                "primary_isbn13": "9781250065384",
                "publisher": "St. Martin's Press",
                "rank": 5,
                "rank_last_week": 0,
                "sunday_review_link": "",
                "title": "A YEAR IN THE LIFE OF DOWNTON ABBEY",
                "weeks_on_list": 0
            },
            {
                "age_group": "",
                "amazon_product_url": "http://www.amazon.com/How-Parisian-Wherever-You-Are/dp/0385538650?tag=thenewyorktim-20",
                "article_chapter_link": "",
                "asterisk": 0,
                "author": "Anne Berest, Audrey Diwan, Caroline de Maigret and Sophie Mas",
                "book_image": "http://du.ec2.nytimes.com.s3.amazonaws.com/prd/books/9780385538657.jpeg",
                "book_review_link": "",
                "contributor": "by Anne Berest, Audrey Diwan, Caroline de Maigret and Sophie Mas",
                "contributor_note": "",
                "dagger": 0,
                "description": "Four Frenchwomen proffer insights on style, culture and romance.",
                "first_chapter_link": "",
                "isbns": [
                    {
                        "isbn10": "0385538650",
                        "isbn13": "9780385538657"
                    },
                    {
                        "isbn10": "0385538669",
                        "isbn13": "9780385538664"
                    }
                ],
                "price": 0,
                "primary_isbn10": "0385538650",
                "primary_isbn13": "9780385538657",
                "publisher": "Doubleday",
                "rank": 6,
                "rank_last_week": 0,
                "sunday_review_link": "",
                "title": "HOW TO BE PARISIAN WHEREVER YOU ARE",
                "weeks_on_list": 0
            },
            {
                "age_group": "",
                "amazon_product_url": "http://www.amazon.com/Valentino-At-Emperors-Table-Garavani/dp/1614282935?tag=thenewyorktim-20",
                "article_chapter_link": "",
                "asterisk": 0,
                "author": "Valentino Garavani Photographs  Oberto Gili",
                "book_image": "http://du.ec2.nytimes.com.s3.amazonaws.com/prd/books/9781614282938.jpeg",
                "book_review_link": "",
                "contributor": "by Valentino Garavani. Photographs by Oberto Gili",
                "contributor_note": "",
                "dagger": 0,
                "description": "A pictorial invitation to the designer's five international residences and his \"art of lifestyle.\"",
                "first_chapter_link": "",
                "isbns": [
                    {
                        "isbn10": "1614282935",
                        "isbn13": "9781614282938"
                    }
                ],
                "price": 0,
                "primary_isbn10": "1614282935",
                "primary_isbn13": "9781614282938",
                "publisher": "Assouline",
                "rank": 7,
                "rank_last_week": 0,
                "sunday_review_link": "",
                "title": "VALENTINO",
                "weeks_on_list": 0
            },
            {
                "age_group": "",
                "amazon_product_url": "http://www.amazon.com/Study-Pose-Poses-Coco-Rocha/dp/006232814X?tag=thenewyorktim-20",
                "article_chapter_link": "",
                "asterisk": 0,
                "author": "Coco Rocha Photography  Steven Sebring",
                "book_image": "http://du.ec2.nytimes.com.s3.amazonaws.com/prd/books/9780062328144.jpeg",
                "book_review_link": "",
                "contributor": "by Coco Rocha. Photography by Steven Sebring",
                "contributor_note": "",
                "dagger": 0,
                "description": "One thousand camera-ready poses demonstrated in simple white leotard by the international supermodel known for her imagination, flexibility and alacrity.",
                "first_chapter_link": "",
                "isbns": [
                    {
                        "isbn10": "006232814X",
                        "isbn13": "9780062328144"
                    }
                ],
                "price": 0,
                "primary_isbn10": "006232814X",
                "primary_isbn13": "9780062328144",
                "publisher": "HarperDesign",
                "rank": 8,
                "rank_last_week": 0,
                "sunday_review_link": "",
                "title": "STUDY OF POSE",
                "weeks_on_list": 0
            },
            {
                "age_group": "",
                "amazon_product_url": "http://www.amazon.com/Refinery29-Style-Stalking-Piera-Gelardi/dp/0804185530?tag=thenewyorktim-20",
                "article_chapter_link": "",
                "asterisk": 0,
                "author": "Christine Barberich and Piera Gelardi",
                "book_image": "http://du.ec2.nytimes.com.s3.amazonaws.com/prd/books/9780804185530.jpeg",
                "book_review_link": "",
                "contributor": "by Christine Barberich and Piera Gelardi",
                "contributor_note": "",
                "dagger": 0,
                "description": "Wardrobe strategies, ranging from how to wear brights and layers to black and mixed prints.",
                "first_chapter_link": "",
                "isbns": [
                    {
                        "isbn10": "0804185530",
                        "isbn13": "9780804185530"
                    }
                ],
                "price": 0,
                "primary_isbn10": "0804185530",
                "primary_isbn13": "9780804185530",
                "publisher": "Potter Style",
                "rank": 9,
                "rank_last_week": 0,
                "sunday_review_link": "",
                "title": "REFINERY29: STYLE STALKING",
                "weeks_on_list": 0
            },
            {
                "age_group": "",
                "amazon_product_url": "http://www.amazon.com/How-Tie-Scarf-33-Styles/dp/0385344988?tag=thenewyorktim-20",
                "article_chapter_link": "",
                "asterisk": 0,
                "author": "Potter Style",
                "book_image": "http://du.ec2.nytimes.com.s3.amazonaws.com/prd/books/9780385344982.jpeg",
                "book_review_link": "",
                "contributor": "by Potter Style",
                "contributor_note": "",
                "dagger": 0,
                "description": "Thirty-three ways to fold silk squares, homemade knits and assorted shapes and seasonal fabrics.",
                "first_chapter_link": "",
                "isbns": [
                    {
                        "isbn10": "0385344988",
                        "isbn13": "9780385344982"
                    }
                ],
                "price": 0,
                "primary_isbn10": "0385344988",
                "primary_isbn13": "9780385344982",
                "publisher": "Crown",
                "rank": 10,
                "rank_last_week": 0,
                "sunday_review_link": "",
                "title": "HOW TO TIE A SCARF",
                "weeks_on_list": 0
            },
            {
                "age_group": "",
                "amazon_product_url": "http://www.amazon.com/Women-Clothes-Sheila-Heti/dp/0399166564?tag=thenewyorktim-20",
                "article_chapter_link": "",
                "asterisk": 0,
                "author": "Sheila Heti, Heidi Julavits, Leanne Shapton & 639 Others",
                "book_image": "http://du.ec2.nytimes.com.s3.amazonaws.com/prd/books/9780399166563.jpeg",
                "book_review_link": "",
                "contributor": "by Sheila Heti, Heidi Julavits, Leanne Shapton & 639 Others",
                "contributor_note": "",
                "dagger": 0,
                "description": "Women of all nationalities speak about their personal style.",
                "first_chapter_link": "",
                "isbns": [
                    {
                        "isbn10": "0399166564",
                        "isbn13": "9780399166563"
                    }
                ],
                "price": 0,
                "primary_isbn10": "0399166564",
                "primary_isbn13": "9780399166563",
                "publisher": "Blue Rider",
                "rank": 11,
                "rank_last_week": 0,
                "sunday_review_link": "",
                "title": "WOMEN IN CLOTHES",
                "weeks_on_list": 0
            },
            {
                "age_group": "",
                "amazon_product_url": "http://www.amazon.com/Tory-Burch-In-Color/dp/1419707477?tag=thenewyorktim-20",
                "article_chapter_link": "",
                "asterisk": 0,
                "author": "Tory Burch and Nandini Wolfe",
                "book_image": "http://du.ec2.nytimes.com.s3.amazonaws.com/prd/books/9781419707476.jpeg",
                "book_review_link": "",
                "contributor": "by Tory Burch and Nandini Wolfe",
                "contributor_note": "",
                "dagger": 0,
                "description": "The memoir and manifesto of the fashion designer, told in the language of color.",
                "first_chapter_link": "",
                "isbns": [
                    {
                        "isbn10": "1419707477",
                        "isbn13": "9781419707476"
                    }
                ],
                "price": 0,
                "primary_isbn10": "1419707477",
                "primary_isbn13": "9781419707476",
                "publisher": "Abrams",
                "rank": 12,
                "rank_last_week": 0,
                "sunday_review_link": "",
                "title": "TORY BURCH",
                "weeks_on_list": 0
            },
            {
                "age_group": "",
                "amazon_product_url": "http://www.amazon.com/Elements-Style-Designing-Home-Life/dp/1476744874?tag=thenewyorktim-20",
                "article_chapter_link": "",
                "asterisk": 0,
                "author": "Erin Gates",
                "book_image": "http://du.ec2.nytimes.com.s3.amazonaws.com/prd/books/9781476744872.jpg",
                "book_review_link": "",
                "contributor": "by Erin Gates",
                "contributor_note": "",
                "dagger": 0,
                "description": "How to design a home interior that reflects your personal style.",
                "first_chapter_link": "",
                "isbns": [
                    {
                        "isbn10": "1476744874",
                        "isbn13": "9781476744872"
                    }
                ],
                "price": 0,
                "primary_isbn10": "1476744874",
                "primary_isbn13": "9781476744872",
                "publisher": "Simon & Schuster,",
                "rank": 13,
                "rank_last_week": 0,
                "sunday_review_link": "",
                "title": "ELEMENTS OF STYLE",
                "weeks_on_list": 0
            },
            {
                "age_group": "",
                "amazon_product_url": "http://www.amazon.com/Fifth-Avenue-A-M-Breakfast-Tiffanys/dp/0061774154?tag=thenewyorktim-20",
                "article_chapter_link": "",
                "asterisk": 0,
                "author": "Sam Wasson",
                "book_image": "http://du.ec2.nytimes.com.s3.amazonaws.com/prd/books/9780061774157.jpg",
                "book_review_link": "",
                "contributor": "by Sam Wasson",
                "contributor_note": "",
                "dagger": 0,
                "description": "The making of the movie \u201cBreakfast at Tiffany's\" and its cultural influence.",
                "first_chapter_link": "",
                "isbns": [
                    {
                        "isbn10": "0061774154",
                        "isbn13": "9780061774157"
                    },
                    {
                        "isbn10": "0061774162",
                        "isbn13": "9780061774164"
                    },
                    {
                        "isbn10": "0062000136",
                        "isbn13": "9780062000132"
                    }
                ],
                "price": 0,
                "primary_isbn10": "0061774162",
                "primary_isbn13": "9780061774164",
                "publisher": "Harper/HarperCollins",
                "rank": 14,
                "rank_last_week": 0,
                "sunday_review_link": "",
                "title": "FIFTH AVENUE, 5 A.M",
                "weeks_on_list": 0
            },
            {
                "age_group": "",
                "amazon_product_url": "http://www.amazon.com/Elsa-Schiaparelli-Biography-Meryle-Secrest/dp/030770159X?tag=thenewyorktim-20",
                "article_chapter_link": "",
                "asterisk": 0,
                "author": "Meryle Secrest",
                "book_image": "http://du.ec2.nytimes.com.s3.amazonaws.com/prd/books/9780307701596.jpeg",
                "book_review_link": "",
                "contributor": "by Meryle Secrest",
                "contributor_note": "",
                "dagger": 0,
                "description": "",
                "first_chapter_link": "",
                "isbns": [
                    {
                        "isbn10": "030770159X",
                        "isbn13": "9780307701596"
                    }
                ],
                "price": 0,
                "primary_isbn10": "030770159X",
                "primary_isbn13": "9780307701596",
                "publisher": "Knopf",
                "rank": 15,
                "rank_last_week": 0,
                "sunday_review_link": "",
                "title": "ELSA SCHIAPARELLI",
                "weeks_on_list": 0
            }
        ],
        "corrections": [],
        "display_name": "Fashion, Manners and Customs",
        "list_name": "Fashion Manners and Customs",
        "normal_list_ends_at": 10,
        "published_date": "2014-12-14",
        "updated": "MONTHLY"
    },
    "status": "OK"
}