{
    "copyright": "Copyright (c) 2014 The New York Times Company.  All Rights Reserved.",
    "last_modified": "2014-12-08T17:01:03-05:00",
    "num_results": 20,
    "results": {
        "bestsellers_date": "2014-11-29",
        "books": [
            {
                "age_group": "",
                "amazon_product_url": "http://www.amazon.com/Make-It-Ahead-Barefoot-Contessa/dp/0307464881?tag=thenewyorktim-20",
                "article_chapter_link": "",
                "asterisk": 0,
                "author": "Ina Garten",
                "book_image": "http://du.ec2.nytimes.com.s3.amazonaws.com/prd/books/9780307464880.jpeg",
                "book_review_link": "",
                "contributor": "by Ina Garten",
                "contributor_note": "",
                "dagger": 0,
                "description": "\u201cBarefoot Contessa\u201d recipes with instructions on preparing, assembling or cooking meals ahead of time.",
                "first_chapter_link": "",
                "isbns": [
                    {
                        "isbn10": "0307464881",
                        "isbn13": "9780307464880"
                    }
                ],
                "price": 0,
                "primary_isbn10": "0307464881",
                "primary_isbn13": "9780307464880",
                "publisher": "Clarkson Potter",
                "rank": 1,
                "rank_last_week": 0,
                "sunday_review_link": "",
                "title": "MAKE IT AHEAD!",
                "weeks_on_list": 0
            },
            {
                "age_group": "",
                "amazon_product_url": "http://www.amazon.com/Thug-Kitchen-Official-Cookbook-Like/dp/1623363586?tag=thenewyorktim-20",
                "article_chapter_link": "",
                "asterisk": 0,
                "author": "Thug Kitchen",
                "book_image": "http://du.ec2.nytimes.com.s3.amazonaws.com/prd/books/9781623363581.jpeg",
                "book_review_link": "",
                "contributor": "by Thug Kitchen",
                "contributor_note": "",
                "dagger": 0,
                "description": "Healthy recipes from the creators of the popular website.",
                "first_chapter_link": "",
                "isbns": [
                    {
                        "isbn10": "1623363586",
                        "isbn13": "9781623363581"
                    }
                ],
                "price": 0,
                "primary_isbn10": "1623363586",
                "primary_isbn13": "9781623363581",
                "publisher": "Rodale",
                "rank": 2,
                "rank_last_week": 0,
                "sunday_review_link": "",
                "title": "THUG KITCHEN",
                "weeks_on_list": 0
            },
            {
                "age_group": "",
                "amazon_product_url": "http://www.amazon.com/10-Day-Green-Smoothie-Cleanse-Pounds/dp/0982301820?tag=thenewyorktim-20",
                "article_chapter_link": "",
                "asterisk": 0,
                "author": "J J Smith",
                "book_image": "http://du.ec2.nytimes.com.s3.amazonaws.com/prd/books/9780982301821.jpg",
                "book_review_link": "",
                "contributor": "by J J Smith",
                "contributor_note": "",
                "dagger": 0,
                "description": "Beverages of combined leafy greens and fruits are the basis for a weight loss and health plan.",
                "first_chapter_link": "",
                "isbns": [
                    {
                        "isbn10": "0982301820",
                        "isbn13": "9780982301821"
                    },
                    {
                        "isbn10": "1501100114",
                        "isbn13": "9781501100116"
                    },
                    {
                        "isbn10": "1501100106",
                        "isbn13": "9781501100109"
                    }
                ],
                "price": 0,
                "primary_isbn10": "1501100106",
                "primary_isbn13": "9781501100109",
                "publisher": "Atria",
                "rank": 3,
                "rank_last_week": 0,
                "sunday_review_link": "",
                "title": "10-DAY GREEN SMOOTHIE CLEANSE",
                "weeks_on_list": 0
            },
            {
                "age_group": "",
                "amazon_product_url": "http://www.amazon.com/Food-Love-Story-Jim-Gaffigan/dp/0804140413?tag=thenewyorktim-20",
                "article_chapter_link": "",
                "asterisk": 0,
                "author": "Jim Gaffigan",
                "book_image": "http://du.ec2.nytimes.com.s3.amazonaws.com/prd/books/9780804140423.jpeg",
                "book_review_link": "",
                "contributor": "by Jim Gaffigan",
                "contributor_note": "",
                "dagger": 0,
                "description": "The comedian, author of \u201cDad Is Fat,\u201d describes his relationship with food.",
                "first_chapter_link": "",
                "isbns": [
                    {
                        "isbn10": "0804140413",
                        "isbn13": "9780804140416"
                    },
                    {
                        "isbn10": "0804192219",
                        "isbn13": "9780804192217"
                    }
                ],
                "price": 0,
                "primary_isbn10": "0804140413",
                "primary_isbn13": "9780804140416",
                "publisher": "Crown Archetype",
                "rank": 4,
                "rank_last_week": 0,
                "sunday_review_link": "",
                "title": "FOOD",
                "weeks_on_list": 0
            },
            {
                "age_group": "",
                "amazon_product_url": "http://www.amazon.com/The-Skinnytaste-Cookbook-Calories-Flavor/dp/0385345623?tag=thenewyorktim-20",
                "article_chapter_link": "",
                "asterisk": 0,
                "author": "Gina Homolka with Heather K Jones",
                "book_image": "http://du.ec2.nytimes.com.s3.amazonaws.com/prd/books/9780385345620.jpeg",
                "book_review_link": "",
                "contributor": "by Gina Homolka with Heather K. Jones",
                "contributor_note": "",
                "dagger": 0,
                "description": "Easy, low-calorie recipes made with readily available ingredients.",
                "first_chapter_link": "",
                "isbns": [
                    {
                        "isbn10": "0385345623",
                        "isbn13": "9780385345620"
                    }
                ],
                "price": 0,
                "primary_isbn10": "0385345623",
                "primary_isbn13": "9780385345620",
                "publisher": "Clarkson Potter",
                "rank": 5,
                "rank_last_week": 0,
                "sunday_review_link": "",
                "title": "THE SKINNYTASTE COOKBOOK",
                "weeks_on_list": 0
            },
            {
                "age_group": "",
                "amazon_product_url": "http://www.amazon.com/Plenty-More-Vibrant-Vegetable-Ottolenghi/dp/1607746212?tag=thenewyorktim-20",
                "article_chapter_link": "",
                "asterisk": 0,
                "author": "Yotam Ottolenghi",
                "book_image": "http://du.ec2.nytimes.com.s3.amazonaws.com/prd/books/9781607746218.jpeg",
                "book_review_link": "",
                "contributor": "by Yotam Ottolenghi",
                "contributor_note": "",
                "dagger": 0,
                "description": "Inventive ways to mix unexpected flavors and turn vegetables into the main course.",
                "first_chapter_link": "",
                "isbns": [
                    {
                        "isbn10": "1607746212",
                        "isbn13": "9781607746218"
                    },
                    {
                        "isbn10": "009195715X",
                        "isbn13": "9780091957155"
                    }
                ],
                "price": 0,
                "primary_isbn10": "1607746212",
                "primary_isbn13": "9781607746218",
                "publisher": "Ten Speed",
                "rank": 6,
                "rank_last_week": 0,
                "sunday_review_link": "",
                "title": "PLENTY MORE",
                "weeks_on_list": 0
            },
            {
                "age_group": "",
                "amazon_product_url": "http://www.amazon.com/JJ-Virgins-Sugar-Impact-Diet/dp/1455577847?tag=thenewyorktim-20",
                "article_chapter_link": "",
                "asterisk": 0,
                "author": "J J Virgin",
                "book_image": "http://du.ec2.nytimes.com.s3.amazonaws.com/prd/books/9781455577842.jpeg",
                "book_review_link": "",
                "contributor": "by J. J. Virgin",
                "contributor_note": "",
                "dagger": 0,
                "description": "How to lose weight by decreasing the sugar in your diet.",
                "first_chapter_link": "",
                "isbns": [
                    {
                        "isbn10": "1455577847",
                        "isbn13": "9781455577842"
                    }
                ],
                "price": 0,
                "primary_isbn10": "1455577847",
                "primary_isbn13": "9781455577842",
                "publisher": "Grand Central",
                "rank": 7,
                "rank_last_week": 0,
                "sunday_review_link": "",
                "title": "J J VIRGIN'S SUGAR IMPACT DIET",
                "weeks_on_list": 0
            },
            {
                "age_group": "",
                "amazon_product_url": "http://www.amazon.com/It-Starts-Food-Discover-Unexpected/dp/1936608898?tag=thenewyorktim-20",
                "article_chapter_link": "",
                "asterisk": 0,
                "author": "Dallas and Melissa Hartwig",
                "book_image": "http://du.ec2.nytimes.com.s3.amazonaws.com/prd/books/9781936608898.jpg",
                "book_review_link": "",
                "contributor": "by Dallas and Melissa Hartwig",
                "contributor_note": "",
                "dagger": 0,
                "description": "A 30-day plan for sustaining wellness and balance.",
                "first_chapter_link": "",
                "isbns": [
                    {
                        "isbn10": "1936608898",
                        "isbn13": "9781936608898"
                    },
                    {
                        "isbn10": "1628600543",
                        "isbn13": "9781628600544"
                    }
                ],
                "price": 0,
                "primary_isbn10": "1628600543",
                "primary_isbn13": "9781628600544",
                "publisher": "Victory Belt",
                "rank": 8,
                "rank_last_week": 0,
                "sunday_review_link": "",
                "title": "IT STARTS WITH FOOD",
                "weeks_on_list": 0
            },
            {
                "age_group": "",
                "amazon_product_url": "http://www.amazon.com/Prune-Gabrielle-Hamilton/dp/0812994094?tag=thenewyorktim-20",
                "article_chapter_link": "",
                "asterisk": 0,
                "author": "Gabrielle Hamilton",
                "book_image": "http://du.ec2.nytimes.com.s3.amazonaws.com/prd/books/9780812994094.jpeg",
                "book_review_link": "",
                "contributor": "by Gabrielle Hamilton",
                "contributor_note": "",
                "dagger": 0,
                "description": "Recipes from Manhattan's Lower East Side restaurant of the same name.",
                "first_chapter_link": "",
                "isbns": [
                    {
                        "isbn10": "0812994094",
                        "isbn13": "9780812994094"
                    }
                ],
                "price": 0,
                "primary_isbn10": "0812994094",
                "primary_isbn13": "9780812994094",
                "publisher": "Random House",
                "rank": 9,
                "rank_last_week": 0,
                "sunday_review_link": "",
                "title": "PRUNE",
                "weeks_on_list": 0
            },
            {
                "age_group": "",
                "amazon_product_url": "http://www.amazon.com/How-Cook-Everything-Fast-Better/dp/0470936304?tag=thenewyorktim-20",
                "article_chapter_link": "",
                "asterisk": 0,
                "author": "Mark Bittman",
                "book_image": "http://du.ec2.nytimes.com.s3.amazonaws.com/prd/books/9780470936306.jpeg",
                "book_review_link": "",
                "contributor": "by Mark Bittman",
                "contributor_note": "",
                "dagger": 0,
                "description": "Preparation of classic dishes is streamlined through new techniques and novel use of standard equipment and downtime.",
                "first_chapter_link": "",
                "isbns": [
                    {
                        "isbn10": "0470936304",
                        "isbn13": "9780470936306"
                    },
                    {
                        "isbn10": "0544333403",
                        "isbn13": "9780544333406"
                    }
                ],
                "price": 0,
                "primary_isbn10": "0470936304",
                "primary_isbn13": "9780470936306",
                "publisher": "Houghton Mifflin Harcourt",
                "rank": 10,
                "rank_last_week": 0,
                "sunday_review_link": "",
                "title": "HOW TO COOK EVERYTHING FAST",
                "weeks_on_list": 0
            },
            {
                "age_group": "",
                "amazon_product_url": "http://www.amazon.com/Grain-Brain-Surprising-Sugar-Your-Killers/dp/031623480X?tag=thenewyorktim-20",
                "article_chapter_link": "",
                "asterisk": 0,
                "author": "David Perlmutter with Kristin Loberg",
                "book_image": "http://du.ec2.nytimes.com.s3.amazonaws.com/prd/books/9780316234801.jpg",
                "book_review_link": "",
                "contributor": "by David Perlmutter with Kristin Loberg",
                "contributor_note": "",
                "dagger": 0,
                "description": "The effect of carbohydrates on the brain, and how to reverse it.",
                "first_chapter_link": "",
                "isbns": [
                    {
                        "isbn10": "031623480X",
                        "isbn13": "9780316234801"
                    },
                    {
                        "isbn10": "0316234826",
                        "isbn13": "9780316234825"
                    },
                    {
                        "isbn10": "1619698463",
                        "isbn13": "9781619698468"
                    },
                    {
                        "isbn10": "0316239836",
                        "isbn13": "9780316239837"
                    }
                ],
                "price": 0,
                "primary_isbn10": "031623480X",
                "primary_isbn13": "9780316234801",
                "publisher": "Little, Brown",
                "rank": 11,
                "rank_last_week": 0,
                "sunday_review_link": "",
                "title": "GRAIN BRAIN",
                "weeks_on_list": 0
            },
            {
                "age_group": "",
                "amazon_product_url": "http://www.amazon.com/Heritage-Sean-Brock/dp/1579654630?tag=thenewyorktim-20",
                "article_chapter_link": "",
                "asterisk": 0,
                "author": "Sean Brock",
                "book_image": "http://du.ec2.nytimes.com.s3.amazonaws.com/prd/books/9781579654634.jpeg",
                "book_review_link": "",
                "contributor": "by Sean Brock",
                "contributor_note": "",
                "dagger": 0,
                "description": "A cookbook exploring a chef's Southern roots that includes recipes of his childhood and the more sophisticated foods of his restaurants.",
                "first_chapter_link": "",
                "isbns": [
                    {
                        "isbn10": "1579654630",
                        "isbn13": "9781579654634"
                    }
                ],
                "price": 0,
                "primary_isbn10": "1579654630",
                "primary_isbn13": "9781579654634",
                "publisher": "Artisan",
                "rank": 12,
                "rank_last_week": 0,
                "sunday_review_link": "",
                "title": "HERITAGE",
                "weeks_on_list": 0
            },
            {
                "age_group": "",
                "amazon_product_url": "http://www.amazon.com/One-Pot-Skillet-Cooker-Stockpot/dp/0307954412?tag=thenewyorktim-20",
                "article_chapter_link": "",
                "asterisk": 0,
                "author": "the editors of Martha Stewart Living",
                "book_image": "http://du.ec2.nytimes.com.s3.amazonaws.com/prd/books/9780307954411.jpeg",
                "book_review_link": "",
                "contributor": "by the editors of Martha Stewart Living",
                "contributor_note": "",
                "dagger": 0,
                "description": "More than 120 easy meals from your skillet, slow cooker, stockpot and more.",
                "first_chapter_link": "",
                "isbns": [
                    {
                        "isbn10": "0307954412",
                        "isbn13": "9780307954411"
                    },
                    {
                        "isbn10": "0307954420",
                        "isbn13": "9780307954428"
                    }
                ],
                "price": 0,
                "primary_isbn10": "0307954412",
                "primary_isbn13": "9780307954411",
                "publisher": "Clarkson Potter",
                "rank": 13,
                "rank_last_week": 0,
                "sunday_review_link": "",
                "title": "ONE POT",
                "weeks_on_list": 0
            },
            {
                "age_group": "",
                "amazon_product_url": "http://www.amazon.com/You-Have-F-g-Eat/dp/1617753785?tag=thenewyorktim-20",
                "article_chapter_link": "",
                "asterisk": 0,
                "author": "Adam Mansbach",
                "book_image": "http://du.ec2.nytimes.com.s3.amazonaws.com/prd/books/9781617753787.jpg",
                "book_review_link": "",
                "contributor": "by Adam Mansbach. Illustrated by Owen Brozman",
                "contributor_note": "Illustrated by Owen Brozman",
                "dagger": 0,
                "description": "A children's book parody for parents of squeamish and reluctant eaters.",
                "first_chapter_link": "",
                "isbns": [
                    {
                        "isbn10": "1617753785",
                        "isbn13": "9781617753787"
                    }
                ],
                "price": 0,
                "primary_isbn10": "1617753785",
                "primary_isbn13": "9781617753787",
                "publisher": "Akashic Books",
                "rank": 14,
                "rank_last_week": 0,
                "sunday_review_link": "",
                "title": "YOU HAVE TO F*****G EAT",
                "weeks_on_list": 0
            },
            {
                "age_group": "",
                "amazon_product_url": "http://www.amazon.com/Cooks-Illustrated-Meat-Book-Game-Changing/dp/1936493861?tag=thenewyorktim-20",
                "article_chapter_link": "",
                "asterisk": 0,
                "author": "Editors at Cook's",
                "book_image": "http://du.ec2.nytimes.com.s3.amazonaws.com/prd/books/9781936493869.jpeg",
                "book_review_link": "",
                "contributor": "by Editors at Cook's Illustrated",
                "contributor_note": "Illustrated",
                "dagger": 0,
                "description": "",
                "first_chapter_link": "",
                "isbns": [
                    {
                        "isbn10": "1936493861",
                        "isbn13": "9781936493869"
                    }
                ],
                "price": 0,
                "primary_isbn10": "1936493861",
                "primary_isbn13": "9781936493869",
                "publisher": "America's Test Kitchen",
                "rank": 15,
                "rank_last_week": 0,
                "sunday_review_link": "",
                "title": "THE COOK'S ILLUSTRATED MEAT BOOK",
                "weeks_on_list": 0
            },
            {
                "age_group": "",
                "amazon_product_url": "http://www.amazon.com/Pioneer-Woman-Cooks-Step-Step/dp/0062225227?tag=thenewyorktim-20",
                "article_chapter_link": "",
                "asterisk": 0,
                "author": "Ree Drummond",
                "book_image": "http://du.ec2.nytimes.com.s3.amazonaws.com/prd/books/9780062225221.jpg",
                "book_review_link": "",
                "contributor": "by Ree Drummond",
                "contributor_note": "",
                "dagger": 0,
                "description": "Recipes for holidays and celebrations.",
                "first_chapter_link": "",
                "isbns": [
                    {
                        "isbn10": "0062225227",
                        "isbn13": "9780062225221"
                    }
                ],
                "price": 0,
                "primary_isbn10": "0062225227",
                "primary_isbn13": "9780062225221",
                "publisher": "Morrow",
                "rank": 16,
                "rank_last_week": 0,
                "sunday_review_link": "",
                "title": "THE PIONEER WOMAN COOKS: A YEAR OF HOLIDAYS",
                "weeks_on_list": 0
            },
            {
                "age_group": "",
                "amazon_product_url": "http://www.amazon.com/The-Pioneer-Woman-Cooks-Frontier/dp/0061997188?tag=thenewyorktim-20",
                "article_chapter_link": "",
                "asterisk": 0,
                "author": "Ree Drummond",
                "book_image": "http://du.ec2.nytimes.com.s3.amazonaws.com/prd/books/9780061997181.jpg",
                "book_review_link": "",
                "contributor": "by Ree Drummond",
                "contributor_note": "",
                "dagger": 0,
                "description": "More cowboy-approved comfort food.",
                "first_chapter_link": "",
                "isbns": [
                    {
                        "isbn10": "0061997188",
                        "isbn13": "9780061997181"
                    }
                ],
                "price": 0,
                "primary_isbn10": "0061997188",
                "primary_isbn13": "9780061997181",
                "publisher": "Morrow",
                "rank": 17,
                "rank_last_week": 0,
                "sunday_review_link": "",
                "title": "THE PIONEER WOMAN COOKS: FOOD FROM MY FRONTIER",
                "weeks_on_list": 0
            },
            {
                "age_group": "",
                "amazon_product_url": "http://www.amazon.com/Jerusalem-A-Cookbook-Yotam-Ottolenghi/dp/1607743949?tag=thenewyorktim-20",
                "article_chapter_link": "",
                "asterisk": 0,
                "author": "Yotam Ottolenghi and Sami Tamimi",
                "book_image": "http://du.ec2.nytimes.com.s3.amazonaws.com/prd/books/9781607743941.jpg",
                "book_review_link": "",
                "contributor": "by Yotam Ottolenghi and Sami Tamimi",
                "contributor_note": "",
                "dagger": 0,
                "description": "Recipes inspired by the diverse city's varied, flavorful cuisine.",
                "first_chapter_link": "",
                "isbns": [
                    {
                        "isbn10": "1607743949",
                        "isbn13": "9781607743941"
                    },
                    {
                        "isbn10": "0091943744",
                        "isbn13": "9780091943745"
                    }
                ],
                "price": 0,
                "primary_isbn10": "1607743949",
                "primary_isbn13": "9781607743941",
                "publisher": "Ten Speed",
                "rank": 18,
                "rank_last_week": 0,
                "sunday_review_link": "",
                "title": "JERUSALEM",
                "weeks_on_list": 0
            },
            {
                "age_group": "",
                "amazon_product_url": "http://www.amazon.com/Danielle-Walkers-Against-All-Grain/dp/162860042X?tag=thenewyorktim-20",
                "article_chapter_link": "",
                "asterisk": 0,
                "author": "Danielle Walker",
                "book_image": "http://du.ec2.nytimes.com.s3.amazonaws.com/prd/books/9781628600421.jpg",
                "book_review_link": "",
                "contributor": "by Danielle Walker",
                "contributor_note": "",
                "dagger": 0,
                "description": "One hundred new recipes for weeknight meals that omit grain, gluten and dairy ingredients.",
                "first_chapter_link": "",
                "isbns": [
                    {
                        "isbn10": "162860042X",
                        "isbn13": "9781628600421"
                    }
                ],
                "price": 0,
                "primary_isbn10": "162860042X",
                "primary_isbn13": "9781628600421",
                "publisher": "Victory Belt",
                "rank": 19,
                "rank_last_week": 0,
                "sunday_review_link": "",
                "title": "DANIELLE WALKER'S AGAINST ALL GRAIN: MEALS MADE SIMPLE",
                "weeks_on_list": 0
            },
            {
                "age_group": "",
                "amazon_product_url": "http://www.amazon.com/Plenty-Vibrant-Vegetable-Recipes-Ottolenghi/dp/1452101248?tag=thenewyorktim-20",
                "article_chapter_link": "",
                "asterisk": 0,
                "author": "Yotam Ottolenghi",
                "book_image": "http://du.ec2.nytimes.com.s3.amazonaws.com/prd/books/9781452101248.jpg",
                "book_review_link": "",
                "contributor": "by Yotam Ottolenghi",
                "contributor_note": "",
                "dagger": 0,
                "description": "Vegetable recipes that draw on a wide variety of ingredients and culinary heritages.",
                "first_chapter_link": "",
                "isbns": [
                    {
                        "isbn10": "1452101248",
                        "isbn13": "9781452101248"
                    },
                    {
                        "isbn10": "0091933684",
                        "isbn13": "9780091933685"
                    }
                ],
                "price": 0,
                "primary_isbn10": "1452101248",
                "primary_isbn13": "9781452101248",
                "publisher": "Chronicle",
                "rank": 20,
                "rank_last_week": 0,
                "sunday_review_link": "",
                "title": "PLENTY",
                "weeks_on_list": 0
            }
        ],
        "corrections": [],
        "display_name": "Food and Fitness",
        "list_name": "Food and Fitness",
        "normal_list_ends_at": 10,
        "published_date": "2014-12-14",
        "updated": "MONTHLY"
    },
    "status": "OK"
}