{
    "copyright": "Copyright (c) 2014 The New York Times Company.  All Rights Reserved.",
    "last_modified": "2014-12-08T17:01:02-05:00",
    "num_results": 20,
    "results": {
        "bestsellers_date": "2014-11-29",
        "books": [
            {
                "age_group": "",
                "amazon_product_url": "http://www.amazon.com/Minecraft-Construction-Handbook-Official-Mojang/dp/0545685176?tag=thenewyorktim-20",
                "article_chapter_link": "",
                "asterisk": 0,
                "author": "Matthew Needler and Phil Southam",
                "book_image": "http://du.ec2.nytimes.com.s3.amazonaws.com/prd/books/9780545685177.jpeg",
                "book_review_link": "",
                "contributor": "by Matthew Needler and Phil Southam",
                "contributor_note": "",
                "dagger": 0,
                "description": "\"An Official Mojang Book.\"",
                "first_chapter_link": "",
                "isbns": [
                    {
                        "isbn10": "0545685176",
                        "isbn13": "9780545685177"
                    }
                ],
                "price": 0,
                "primary_isbn10": "0545685176",
                "primary_isbn13": "9780545685177",
                "publisher": "Scholastic",
                "rank": 1,
                "rank_last_week": 0,
                "sunday_review_link": "",
                "title": "MINECRAFT CONSTRUCTION HANDBOOK",
                "weeks_on_list": 0
            },
            {
                "age_group": "",
                "amazon_product_url": "http://www.amazon.com/Minecraft-Combat-Handbook-Official-Mojang/dp/0545685168?tag=thenewyorktim-20",
                "article_chapter_link": "",
                "asterisk": 0,
                "author": "Stephanie Milton with Paul Soares, Jr",
                "book_image": "http://du.ec2.nytimes.com.s3.amazonaws.com/prd/books/9780545685160.jpeg",
                "book_review_link": "",
                "contributor": "by Stephanie Milton with Paul Soares, Jr.",
                "contributor_note": "",
                "dagger": 0,
                "description": "\"An Official Mojang Book.\"",
                "first_chapter_link": "",
                "isbns": [
                    {
                        "isbn10": "0545685168",
                        "isbn13": "9780545685160"
                    }
                ],
                "price": 0,
                "primary_isbn10": "0545685168",
                "primary_isbn13": "9780545685160",
                "publisher": "Scholastic",
                "rank": 2,
                "rank_last_week": 0,
                "sunday_review_link": "",
                "title": "MINECRAFT COMBAT HANDBOOK,",
                "weeks_on_list": 0
            },
            {
                "age_group": "",
                "amazon_product_url": "http://www.amazon.com/Minecraft-Redstone-Handbook-Official-Mojang/dp/054568515X?tag=thenewyorktim-20",
                "article_chapter_link": "",
                "asterisk": 0,
                "author": "Nick Farwell,",
                "book_image": "http://du.ec2.nytimes.com.s3.amazonaws.com/prd/books/9780545685153.jpeg",
                "book_review_link": "",
                "contributor": "by Nick Farwell, edited by Jane Riordan and Stephanie Milton",
                "contributor_note": "edited by Jane Riordan and Stephanie Milton",
                "dagger": 0,
                "description": "\"An Official Mojang Book.\"",
                "first_chapter_link": "",
                "isbns": [
                    {
                        "isbn10": "054568515X",
                        "isbn13": "9780545685153"
                    }
                ],
                "price": 0,
                "primary_isbn10": "054568515X",
                "primary_isbn13": "9780545685153",
                "publisher": "Scholastic",
                "rank": 3,
                "rank_last_week": 0,
                "sunday_review_link": "",
                "title": "MINECRAFT: REDSTONE HANDBOOK",
                "weeks_on_list": 0
            },
            {
                "age_group": "",
                "amazon_product_url": "http://www.amazon.com/Minecraft-Essential-Handbook-Official-Mojang/dp/0545669936?tag=thenewyorktim-20",
                "article_chapter_link": "",
                "asterisk": 0,
                "author": "Stephanie Milton with Paul Soares, Jr and Jordan Maron",
                "book_image": "http://du.ec2.nytimes.com.s3.amazonaws.com/prd/books/9780545669931.jpeg",
                "book_review_link": "",
                "contributor": "Stephanie Milton with Paul Soares, Jr. and Jordan Maron",
                "contributor_note": "",
                "dagger": 0,
                "description": "\"An Official Mojang Book.\"",
                "first_chapter_link": "",
                "isbns": [
                    {
                        "isbn10": "0545669936",
                        "isbn13": "9780545669931"
                    }
                ],
                "price": 0,
                "primary_isbn10": "0545669936",
                "primary_isbn13": "9780545669931",
                "publisher": "Scholastic",
                "rank": 4,
                "rank_last_week": 0,
                "sunday_review_link": "",
                "title": "MINECRAFT ESSENTIAL HANDBOOK",
                "weeks_on_list": 0
            },
            {
                "age_group": "",
                "amazon_product_url": "http://www.amazon.com/LEGO-Ideas-Book-Daniel-Lipkowitz/dp/0756686067?tag=thenewyorktim-20",
                "article_chapter_link": "",
                "asterisk": 0,
                "author": "Daniel Lipkowitz",
                "book_image": "http://du.ec2.nytimes.com.s3.amazonaws.com/prd/books/9780756686062.jpg",
                "book_review_link": "",
                "contributor": "by Daniel Lipkowitz",
                "contributor_note": "",
                "dagger": 0,
                "description": "Over 500 ideas for imaginative construction with Lego blocks.",
                "first_chapter_link": "",
                "isbns": [
                    {
                        "isbn10": "0756686067",
                        "isbn13": "9780756686062"
                    }
                ],
                "price": 0,
                "primary_isbn10": "0756686067",
                "primary_isbn13": "9780756686062",
                "publisher": "Dorling Kindersley",
                "rank": 5,
                "rank_last_week": 0,
                "sunday_review_link": "",
                "title": "THE LEGO IDEAS BOOK",
                "weeks_on_list": 0
            },
            {
                "age_group": "",
                "amazon_product_url": "http://www.amazon.com/Pokemon-Essential-Handbook-Scholastic/dp/0545427711?tag=thenewyorktim-20",
                "article_chapter_link": "",
                "asterisk": 0,
                "author": "Chris Silvestri and the staff of Scholastic",
                "book_image": "http://du.ec2.nytimes.com.s3.amazonaws.com/prd/books/9780545427715.jpeg",
                "book_review_link": "",
                "contributor": "by Chris Silvestri and the staff of Scholastic",
                "contributor_note": "",
                "dagger": 0,
                "description": "Statistics and facts on 640 characters.",
                "first_chapter_link": "",
                "isbns": [
                    {
                        "isbn10": "0545427711",
                        "isbn13": "9780545427715"
                    }
                ],
                "price": 0,
                "primary_isbn10": "0545427711",
                "primary_isbn13": "9780545427715",
                "publisher": "Scholastic",
                "rank": 6,
                "rank_last_week": 0,
                "sunday_review_link": "",
                "title": "POKEMON: ESSENTIAL HANDBOOK",
                "weeks_on_list": 0
            },
            {
                "age_group": "",
                "amazon_product_url": "http://www.amazon.com/Monster-Manual-Core-Rulebook-Wizards/dp/0786965614?tag=thenewyorktim-20",
                "article_chapter_link": "",
                "asterisk": 0,
                "author": "Wizards RPG Team",
                "book_image": "http://du.ec2.nytimes.com.s3.amazonaws.com/prd/books/9780786965618.jpeg",
                "book_review_link": "",
                "contributor": "by Wizards RPG Team",
                "contributor_note": "",
                "dagger": 0,
                "description": "Dungeons and Dragons Core Rulebook.",
                "first_chapter_link": "",
                "isbns": [
                    {
                        "isbn10": "0786965614",
                        "isbn13": "9780786965618"
                    }
                ],
                "price": 0,
                "primary_isbn10": "0786965614",
                "primary_isbn13": "9780786965618",
                "publisher": "Wizards of the Coast",
                "rank": 7,
                "rank_last_week": 0,
                "sunday_review_link": "",
                "title": "MONSTER MANUAL (D&D)",
                "weeks_on_list": 0
            },
            {
                "age_group": "",
                "amazon_product_url": "http://www.amazon.com/Players-Handbook-Dungeons-Dragons-Wizards/dp/0786965606?tag=thenewyorktim-20",
                "article_chapter_link": "",
                "asterisk": 0,
                "author": "Wizards RPG Team",
                "book_image": "http://du.ec2.nytimes.com.s3.amazonaws.com/prd/books/9780786965601.jpeg",
                "book_review_link": "",
                "contributor": "by Wizards RPG Team",
                "contributor_note": "",
                "dagger": 0,
                "description": "A reference for Dungeons & Dragons role players.",
                "first_chapter_link": "",
                "isbns": [
                    {
                        "isbn10": "0786965606",
                        "isbn13": "9780786965601"
                    }
                ],
                "price": 0,
                "primary_isbn10": "0786965606",
                "primary_isbn13": "9780786965601",
                "publisher": "Wizards of the Coast",
                "rank": 8,
                "rank_last_week": 0,
                "sunday_review_link": "",
                "title": "PLAYER'S HANDBOOK",
                "weeks_on_list": 0
            },
            {
                "age_group": "",
                "amazon_product_url": "http://www.amazon.com/Minecraft-Hacks-Unofficial-Tricks-Guides/dp/1632204401?tag=thenewyorktim-20",
                "article_chapter_link": "",
                "asterisk": 0,
                "author": "Megan Miller",
                "book_image": "http://du.ec2.nytimes.com.s3.amazonaws.com/prd/books/9781632204400.jpeg",
                "book_review_link": "",
                "contributor": "by Megan Miller",
                "contributor_note": "",
                "dagger": 0,
                "description": "The unofficial guide to tips and tricks that other guides \"won't teach you.\"",
                "first_chapter_link": "",
                "isbns": [
                    {
                        "isbn10": "1632204401",
                        "isbn13": "9781632204400"
                    },
                    {
                        "isbn10": "1634501012",
                        "isbn13": "9781634501019"
                    }
                ],
                "price": 0,
                "primary_isbn10": "1632204401",
                "primary_isbn13": "9781632204400",
                "publisher": "Skyhorse",
                "rank": 9,
                "rank_last_week": 0,
                "sunday_review_link": "",
                "title": "MINECRAFT HACKS",
                "weeks_on_list": 0
            },
            {
                "age_group": "",
                "amazon_product_url": "http://www.amazon.com/1000-Dot-Dot-Thomas-Pavitte/dp/1626860661?tag=thenewyorktim-20",
                "article_chapter_link": "",
                "asterisk": 0,
                "author": "Thomas Pavitte",
                "book_image": "http://du.ec2.nytimes.com.s3.amazonaws.com/prd/books/9781626860667.jpeg",
                "book_review_link": "",
                "contributor": "by Thomas Pavitte",
                "contributor_note": "",
                "dagger": 0,
                "description": "A graphic designer known for his 6,239 dot version of the Mona Lisa offers twenty exotic locations for adults to complete as line art.",
                "first_chapter_link": "",
                "isbns": [
                    {
                        "isbn10": "1626860661",
                        "isbn13": "9781626860667"
                    },
                    {
                        "isbn10": "1626860858",
                        "isbn13": "9781626860858"
                    },
                    {
                        "isbn10": "1626860653",
                        "isbn13": "9781626860650"
                    }
                ],
                "price": 0,
                "primary_isbn10": "1626860661",
                "primary_isbn13": "9781626860667",
                "publisher": "Thunder Bay",
                "rank": 10,
                "rank_last_week": 0,
                "sunday_review_link": "",
                "title": "1000 DOT-TO-DOT: CITIES",
                "weeks_on_list": 0
            },
            {
                "age_group": "",
                "amazon_product_url": "http://www.amazon.com/Guinness-World-Records-Gamers-Edition/dp/1908843667?tag=thenewyorktim-20",
                "article_chapter_link": "",
                "asterisk": 0,
                "author": "Guinness World Records Editors",
                "book_image": "http://du.ec2.nytimes.com.s3.amazonaws.com/prd/books/9781908843661.jpeg",
                "book_review_link": "",
                "contributor": "by Guinness World Records Editors",
                "contributor_note": "",
                "dagger": 0,
                "description": "A comprehensive guide to videogames, from Minecraft to Grand Theft Auto V; eighth edition.",
                "first_chapter_link": "",
                "isbns": [
                    {
                        "isbn10": "1908843667",
                        "isbn13": "9781908843661"
                    }
                ],
                "price": 0,
                "primary_isbn10": "1908843667",
                "primary_isbn13": "9781908843661",
                "publisher": "Guinness World Records",
                "rank": 11,
                "rank_last_week": 0,
                "sunday_review_link": "",
                "title": "GUINNESS WORLD RECORDS 2015 GAMER'S EDITION",
                "weeks_on_list": 0
            },
            {
                "age_group": "",
                "amazon_product_url": "http://www.amazon.com/Dangerous-Book-Boys-Conn-Iggulden/dp/0061243582?tag=thenewyorktim-20",
                "article_chapter_link": "",
                "asterisk": 0,
                "author": "Conn Iggulden and Hal Iggulden",
                "book_image": "http://du.ec2.nytimes.com.s3.amazonaws.com/prd/books/9780061243585.jpg",
                "book_review_link": "",
                "contributor": "by Conn Iggulden and Hal Iggulden",
                "contributor_note": "",
                "dagger": 0,
                "description": "Skipping stones, tying knots and other essential activities \u2014 video games not included.",
                "first_chapter_link": "",
                "isbns": [
                    {
                        "isbn10": "0062208977",
                        "isbn13": "9780062208972"
                    },
                    {
                        "isbn10": "0061243582",
                        "isbn13": "9780061243585"
                    },
                    {
                        "isbn10": "0061649937",
                        "isbn13": "9780061649936"
                    }
                ],
                "price": 0,
                "primary_isbn10": "0062208977",
                "primary_isbn13": "9780062208972",
                "publisher": "Collins",
                "rank": 12,
                "rank_last_week": 0,
                "sunday_review_link": "",
                "title": "DANGEROUS BOOK FOR BOYS",
                "weeks_on_list": 0
            },
            {
                "age_group": "",
                "amazon_product_url": "http://www.amazon.com/101-Two-Letter-Words-Stephin-Merritt/dp/0393240193?tag=thenewyorktim-20",
                "article_chapter_link": "",
                "asterisk": 0,
                "author": "Stephin Merritt;",
                "book_image": "http://du.ec2.nytimes.com.s3.amazonaws.com/prd/books/9780393240191.jpg",
                "book_review_link": "",
                "contributor": "by Stephin Merritt; illustrated by Roz Chast",
                "contributor_note": "illustrated by Roz Chast",
                "dagger": 0,
                "description": "A celebration of the 101 two-letter words allowed in Scrabble.",
                "first_chapter_link": "",
                "isbns": [
                    {
                        "isbn10": "0393240193",
                        "isbn13": "9780393240191"
                    }
                ],
                "price": 0,
                "primary_isbn10": "0393240193",
                "primary_isbn13": "9780393240191",
                "publisher": "Norton",
                "rank": 13,
                "rank_last_week": 0,
                "sunday_review_link": "",
                "title": "101 TWO-LETTER WORDS",
                "weeks_on_list": 0
            },
            {
                "age_group": "",
                "amazon_product_url": "http://www.amazon.com/The-Pointless-Book-Started-Finished/dp/0762457511?tag=thenewyorktim-20",
                "article_chapter_link": "",
                "asterisk": 0,
                "author": "Alfie Deyes",
                "book_image": "http://du.ec2.nytimes.com.s3.amazonaws.com/prd/books/9780762457519.jpg",
                "book_review_link": "",
                "contributor": "by Alfie Deyes",
                "contributor_note": "",
                "dagger": 0,
                "description": "An interactive activity book with pranks and even how to bake cake in a mug and turn a book page with your ear.",
                "first_chapter_link": "",
                "isbns": [
                    {
                        "isbn10": "0762457511",
                        "isbn13": "9780762457519"
                    }
                ],
                "price": 0,
                "primary_isbn10": "0762457511",
                "primary_isbn13": "9780762457519",
                "publisher": "Running Press",
                "rank": 14,
                "rank_last_week": 0,
                "sunday_review_link": "",
                "title": "THE POINTLESS BOOK",
                "weeks_on_list": 0
            },
            {
                "age_group": "",
                "amazon_product_url": "http://www.amazon.com/Find-Momo-A-Photography-Book/dp/1594746788?tag=thenewyorktim-20",
                "article_chapter_link": "",
                "asterisk": 0,
                "author": "Andrew Knapp",
                "book_image": "http://du.ec2.nytimes.com.s3.amazonaws.com/prd/books/9781594746789.jpeg",
                "book_review_link": "",
                "contributor": "by Andrew Knapp",
                "contributor_note": "",
                "dagger": 0,
                "description": "The author invites readers of all ages to play hide and seek with him and his border collie.",
                "first_chapter_link": "",
                "isbns": [
                    {
                        "isbn10": "1594746788",
                        "isbn13": "9781594746789"
                    }
                ],
                "price": 0,
                "primary_isbn10": "1594746788",
                "primary_isbn13": "9781594746789",
                "publisher": "Quirk Books",
                "rank": 15,
                "rank_last_week": 0,
                "sunday_review_link": "",
                "title": "FIND MOMO",
                "weeks_on_list": 0
            },
            {
                "age_group": "",
                "amazon_product_url": null,
                "article_chapter_link": "",
                "asterisk": 0,
                "author": "Triumph Books",
                "book_image": "http://du.ec2.nytimes.com.s3.amazonaws.com/prd/books/9781629370422.jpeg",
                "book_review_link": "",
                "contributor": "by Triumph Books",
                "contributor_note": "",
                "dagger": 0,
                "description": "",
                "first_chapter_link": "",
                "isbns": [
                    {
                        "isbn10": "1629370428",
                        "isbn13": "9781629370422"
                    }
                ],
                "price": 0,
                "primary_isbn10": "1629370428",
                "primary_isbn13": "9781629370422",
                "publisher": "Triumph Books",
                "rank": 16,
                "rank_last_week": 0,
                "sunday_review_link": "",
                "title": "THE ULTIMATE MINECRAFT CREATOR",
                "weeks_on_list": 0
            },
            {
                "age_group": "",
                "amazon_product_url": null,
                "article_chapter_link": "",
                "asterisk": 0,
                "author": "Triumph Books",
                "book_image": "http://du.ec2.nytimes.com.s3.amazonaws.com/prd/books/9781600789984.jpeg",
                "book_review_link": "",
                "contributor": "by Triumph Books",
                "contributor_note": "",
                "dagger": 0,
                "description": "",
                "first_chapter_link": "",
                "isbns": [
                    {
                        "isbn10": "1600789986",
                        "isbn13": "9781600789984"
                    }
                ],
                "price": 0,
                "primary_isbn10": "1600789986",
                "primary_isbn13": "9781600789984",
                "publisher": "Triumph Books",
                "rank": 17,
                "rank_last_week": 0,
                "sunday_review_link": "",
                "title": "MINECRAFTER 2. 0 ADVANCED",
                "weeks_on_list": 0
            },
            {
                "age_group": "",
                "amazon_product_url": "http://www.amazon.com/Wreck-This-Journal-Everywhere-Smith/dp/0399171916?tag=thenewyorktim-20",
                "article_chapter_link": "",
                "asterisk": 0,
                "author": "Keri Smith",
                "book_image": "http://du.ec2.nytimes.com.s3.amazonaws.com/prd/books/9780399171918.jpeg",
                "book_review_link": "",
                "contributor": "by Keri Smith",
                "contributor_note": "",
                "dagger": 0,
                "description": "",
                "first_chapter_link": "",
                "isbns": [
                    {
                        "isbn10": "0399171916",
                        "isbn13": "9780399171918"
                    }
                ],
                "price": 0,
                "primary_isbn10": "0399171916",
                "primary_isbn13": "9780399171918",
                "publisher": "Perigree",
                "rank": 18,
                "rank_last_week": 0,
                "sunday_review_link": "",
                "title": "WRECK THIS JOURNAL EVERYWHERE",
                "weeks_on_list": 0
            },
            {
                "age_group": "",
                "amazon_product_url": "http://www.amazon.com/LEGO-Legends-Chima-Character-Encyclopedia/dp/1465416668?tag=thenewyorktim-20",
                "article_chapter_link": "",
                "asterisk": 0,
                "author": "DK",
                "book_image": "http://du.ec2.nytimes.com.s3.amazonaws.com/prd/books/9781465416667.jpeg",
                "book_review_link": "",
                "contributor": "by DK",
                "contributor_note": "",
                "dagger": 0,
                "description": "",
                "first_chapter_link": "",
                "isbns": [
                    {
                        "isbn10": "1465416668",
                        "isbn13": "9781465416667"
                    }
                ],
                "price": 0,
                "primary_isbn10": "1465416668",
                "primary_isbn13": "9781465416667",
                "publisher": "Dorling Kindersley",
                "rank": 19,
                "rank_last_week": 0,
                "sunday_review_link": "",
                "title": "CHIMA CHARACTER ENCYCLOPEDIA",
                "weeks_on_list": 0
            },
            {
                "age_group": "",
                "amazon_product_url": "http://www.amazon.com/Marvel-Encyclopedia-Matt-Forbeck/dp/1465415939?tag=thenewyorktim-20",
                "article_chapter_link": "",
                "asterisk": 0,
                "author": "Matt Forbeck",
                "book_image": "http://du.ec2.nytimes.com.s3.amazonaws.com/prd/books/9781465415936.jpeg",
                "book_review_link": "",
                "contributor": "Matt Forbeck",
                "contributor_note": "",
                "dagger": 0,
                "description": "",
                "first_chapter_link": "",
                "isbns": [
                    {
                        "isbn10": "1465415939",
                        "isbn13": "9781465415936"
                    }
                ],
                "price": 0,
                "primary_isbn10": "1465415939",
                "primary_isbn13": "9781465415936",
                "publisher": "Dorling Kindersley",
                "rank": 20,
                "rank_last_week": 0,
                "sunday_review_link": "",
                "title": "MARVEL ENCYCLOPEDIA",
                "weeks_on_list": 0
            }
        ],
        "corrections": [],
        "display_name": "Games and Activities",
        "list_name": "Games and Activities",
        "normal_list_ends_at": 15,
        "published_date": "2014-12-14",
        "updated": "MONTHLY"
    },
    "status": "OK"
}