{
    "copyright": "Copyright (c) 2014 The New York Times Company.  All Rights Reserved.",
    "last_modified": "2014-12-08T17:00:46-05:00",
    "num_results": 20,
    "results": {
        "bestsellers_date": "2014-11-29",
        "books": [
            {
                "age_group": "",
                "amazon_product_url": "http://www.amazon.com/41-A-Portrait-My-Father/dp/0553447785?tag=thenewyorktim-20",
                "article_chapter_link": "",
                "asterisk": 0,
                "author": "George W Bush",
                "book_image": "http://du.ec2.nytimes.com.s3.amazonaws.com/prd/books/9780553447798.jpg",
                "book_review_link": "",
                "contributor": "by George W. Bush",
                "contributor_note": "",
                "dagger": 0,
                "description": "The former president\u2019s portrait of his father, George H.\u2009W. Bush.",
                "first_chapter_link": "",
                "isbns": [
                    {
                        "isbn10": "0553447785",
                        "isbn13": "9780553447781"
                    },
                    {
                        "isbn10": "0804194718",
                        "isbn13": "9780804194716"
                    },
                    {
                        "isbn10": "1101913142",
                        "isbn13": "9781101913147"
                    }
                ],
                "price": 0,
                "primary_isbn10": "0553447785",
                "primary_isbn13": "9780553447781",
                "publisher": "Crown",
                "rank": 1,
                "rank_last_week": 1,
                "sunday_review_link": "",
                "title": "41",
                "weeks_on_list": 3
            },
            {
                "age_group": "",
                "amazon_product_url": "http://www.amazon.com/Killing-Patton-Strange-Audacious-General/dp/080509668X?tag=thenewyorktim-20",
                "article_chapter_link": "",
                "asterisk": 0,
                "author": "Bill O'Reilly and Martin Dugard",
                "book_image": "http://du.ec2.nytimes.com.s3.amazonaws.com/prd/books/9780805096699.jpg",
                "book_review_link": "",
                "contributor": "by Bill O'Reilly and Martin Dugard",
                "contributor_note": "",
                "dagger": 0,
                "description": "The host of \u201cThe O\u2019Reilly Factor\u201d recounts the death of Gen. George S. Patton in December 1945.",
                "first_chapter_link": "",
                "isbns": [
                    {
                        "isbn10": "080509668X",
                        "isbn13": "9780805096682"
                    },
                    {
                        "isbn10": "1427244219",
                        "isbn13": "9781427244215"
                    },
                    {
                        "isbn10": "1410473651",
                        "isbn13": "9781410473653"
                    }
                ],
                "price": 0,
                "primary_isbn10": "080509668X",
                "primary_isbn13": "9780805096682",
                "publisher": "Holt",
                "rank": 2,
                "rank_last_week": 2,
                "sunday_review_link": "",
                "title": "KILLING PATTON",
                "weeks_on_list": 10
            },
            {
                "age_group": "",
                "amazon_product_url": "http://www.amazon.com/Yes-Please-Amy-Poehler/dp/0062268341?tag=thenewyorktim-20",
                "article_chapter_link": "",
                "asterisk": 0,
                "author": "Amy Poehler",
                "book_image": "http://du.ec2.nytimes.com.s3.amazonaws.com/prd/books/9780062268341.jpeg",
                "book_review_link": "",
                "contributor": "by Amy Poehler",
                "contributor_note": "",
                "dagger": 0,
                "description": "A humorous miscellany from the comedian and actress, an \u201cS.N.L.\u201d alumna and the star of \u201cParks and Recreation.\u201d",
                "first_chapter_link": "",
                "isbns": [
                    {
                        "isbn10": "0062268341",
                        "isbn13": "9780062268341"
                    },
                    {
                        "isbn10": "0062268376",
                        "isbn13": "9780062268372"
                    },
                    {
                        "isbn10": "0062350889",
                        "isbn13": "9780062350886"
                    }
                ],
                "price": 0,
                "primary_isbn10": "0062268341",
                "primary_isbn13": "9780062268341",
                "publisher": "Dey St./Morrow",
                "rank": 3,
                "rank_last_week": 3,
                "sunday_review_link": "",
                "title": "YES PLEASE",
                "weeks_on_list": 5
            },
            {
                "age_group": "",
                "amazon_product_url": "http://www.amazon.com/What-If-Scientific-Hypothetical-Questions-ebook/dp/B00IYUYF4A?tag=thenewyorktim-20",
                "article_chapter_link": "",
                "asterisk": 0,
                "author": "Randall Munroe",
                "book_image": "http://du.ec2.nytimes.com.s3.amazonaws.com/prd/books/9780544272644.jpeg",
                "book_review_link": "",
                "contributor": "by Randall Munroe",
                "contributor_note": "",
                "dagger": 0,
                "description": "Scientific (but often humorous) answers to hypothetical questions, based in part on the author\u2019s website, xkcd.com.",
                "first_chapter_link": "",
                "isbns": [
                    {
                        "isbn10": "0544272994",
                        "isbn13": "9780544272996"
                    }
                ],
                "price": 0,
                "primary_isbn10": "0544272994",
                "primary_isbn13": "9780544272996",
                "publisher": "Houghton Mifflin Harcourt",
                "rank": 4,
                "rank_last_week": 6,
                "sunday_review_link": "",
                "title": "WHAT IF?",
                "weeks_on_list": 13
            },
            {
                "age_group": "",
                "amazon_product_url": "http://www.amazon.com/The-Andy-Cohen-Diaries-Shallow-ebook/dp/B00K9NWRFE?tag=thenewyorktim-20",
                "article_chapter_link": "",
                "asterisk": 0,
                "author": "Andy Cohen",
                "book_image": "http://du.ec2.nytimes.com.s3.amazonaws.com/prd/books/9781627792295.jpeg",
                "book_review_link": "",
                "contributor": "by Andy Cohen",
                "contributor_note": "",
                "dagger": 0,
                "description": "One year in the (social) life of the TV producer and host of \u201cWatch What Happens Live.\u201d",
                "first_chapter_link": "",
                "isbns": [
                    {
                        "isbn10": "1627792287",
                        "isbn13": "9781627792288"
                    },
                    {
                        "isbn10": "1627792295",
                        "isbn13": "9781627792295"
                    },
                    {
                        "isbn10": "1427259313",
                        "isbn13": "9781427259318"
                    }
                ],
                "price": 0,
                "primary_isbn10": "1627792287",
                "primary_isbn13": "9781627792288",
                "publisher": "Holt",
                "rank": 5,
                "rank_last_week": 5,
                "sunday_review_link": "",
                "title": "THE ANDY COHEN DIARIES",
                "weeks_on_list": 3
            },
            {
                "age_group": "",
                "amazon_product_url": "http://www.amazon.com/Humans-New-York-Brandon-Stanton/dp/1250038820?tag=thenewyorktim-20",
                "article_chapter_link": "",
                "asterisk": 0,
                "author": "Brandon Stanton",
                "book_image": "http://du.ec2.nytimes.com.s3.amazonaws.com/prd/books/9781250038821.jpg",
                "book_review_link": "",
                "contributor": "by Brandon Stanton",
                "contributor_note": "",
                "dagger": 0,
                "description": "Four hundred color photos of New Yorkers.",
                "first_chapter_link": "",
                "isbns": [
                    {
                        "isbn10": "1250038820",
                        "isbn13": "9781250038821"
                    }
                ],
                "price": 0,
                "primary_isbn10": "1250038820",
                "primary_isbn13": "9781250038821",
                "publisher": "St. Martin's",
                "rank": 6,
                "rank_last_week": 0,
                "sunday_review_link": "",
                "title": "HUMANS OF NEW YORK",
                "weeks_on_list": 22
            },
            {
                "age_group": "",
                "amazon_product_url": "http://www.amazon.com/You-Cant-Make-This-Television/dp/0062314963?tag=thenewyorktim-20",
                "article_chapter_link": "",
                "asterisk": 0,
                "author": "Al Michaels with L Jon Wertheim",
                "book_image": "http://du.ec2.nytimes.com.s3.amazonaws.com/prd/books/9780062314987.jpg",
                "book_review_link": "",
                "contributor": "by Al Michaels with L. Jon Wertheim",
                "contributor_note": "",
                "dagger": 0,
                "description": "The veteran sportscaster, the voice of \u201cSunday Night Football,\u201d recalls players and games he has observed.",
                "first_chapter_link": "",
                "isbns": [
                    {
                        "isbn10": "0062314963",
                        "isbn13": "9780062314963"
                    }
                ],
                "price": 0,
                "primary_isbn10": "0062314963",
                "primary_isbn13": "9780062314963",
                "publisher": "Morrow/HarperCollins",
                "rank": 7,
                "rank_last_week": 12,
                "sunday_review_link": "",
                "title": "YOU CAN'T MAKE THIS UP",
                "weeks_on_list": 2
            },
            {
                "age_group": "",
                "amazon_product_url": "http://www.amazon.com/Being-Mortal-Medicine-What-Matters/dp/0805095152?tag=thenewyorktim-20",
                "article_chapter_link": "",
                "asterisk": 0,
                "author": "Atul Gawande",
                "book_image": "http://du.ec2.nytimes.com.s3.amazonaws.com/prd/books/9781627790550.jpg",
                "book_review_link": "",
                "contributor": "by Atul Gawande",
                "contributor_note": "",
                "dagger": 0,
                "description": "The surgeon and New Yorker writer considers how doctors fail patients at the end of life, and how they can do better.",
                "first_chapter_link": "",
                "isbns": [
                    {
                        "isbn10": "0805095152",
                        "isbn13": "9780805095159"
                    },
                    {
                        "isbn10": "1427244235",
                        "isbn13": "9781427244239"
                    }
                ],
                "price": 0,
                "primary_isbn10": "0805095152",
                "primary_isbn13": "9780805095159",
                "publisher": "Metropolitan/ Holt",
                "rank": 8,
                "rank_last_week": 4,
                "sunday_review_link": "",
                "title": "BEING MORTAL",
                "weeks_on_list": 8
            },
            {
                "age_group": "",
                "amazon_product_url": "http://www.amazon.com/Not-That-Kind-Girl-Learned/dp/081299499X?tag=thenewyorktim-20",
                "article_chapter_link": "",
                "asterisk": 0,
                "author": "Lena Dunham",
                "book_image": "http://du.ec2.nytimes.com.s3.amazonaws.com/prd/books/9780812995008.jpeg",
                "book_review_link": "",
                "contributor": "by Lena Dunham",
                "contributor_note": "",
                "dagger": 0,
                "description": "Essays from the creator and star of \u201cGirls.\u201d",
                "first_chapter_link": "",
                "isbns": [
                    {
                        "isbn10": "081299499X",
                        "isbn13": "9780812994995"
                    },
                    {
                        "isbn10": "080412731X",
                        "isbn13": "9780804127318"
                    }
                ],
                "price": 0,
                "primary_isbn10": "081299499X",
                "primary_isbn13": "9780812994995",
                "publisher": "Random House",
                "rank": 9,
                "rank_last_week": 10,
                "sunday_review_link": "",
                "title": "NOT THAT KIND OF GIRL",
                "weeks_on_list": 9
            },
            {
                "age_group": "",
                "amazon_product_url": "http://www.amazon.com/Neil-Patrick-Harris-Choose-Autobiography/dp/0385346999?tag=thenewyorktim-20",
                "article_chapter_link": "",
                "asterisk": 0,
                "author": "Neil Patrick Harris with David Javerbaum",
                "book_image": "http://du.ec2.nytimes.com.s3.amazonaws.com/prd/books/9780385347006.jpeg",
                "book_review_link": "",
                "contributor": "by Neil Patrick Harris with David Javerbaum",
                "contributor_note": "",
                "dagger": 0,
                "description": "The actor\u2019s life story is structured as a Choose Your Own Adventure book.",
                "first_chapter_link": "",
                "isbns": [
                    {
                        "isbn10": "0385346999",
                        "isbn13": "9780385346993"
                    },
                    {
                        "isbn10": "0385347006",
                        "isbn13": "9780385347006"
                    }
                ],
                "price": 0,
                "primary_isbn10": "0385346999",
                "primary_isbn13": "9780385346993",
                "publisher": "Crown Archetype",
                "rank": 10,
                "rank_last_week": 0,
                "sunday_review_link": "",
                "title": "NEIL PATRICK HARRIS: CHOOSE YOUR OWN AUTOBIOGRAPHY",
                "weeks_on_list": 4
            },
            {
                "age_group": "",
                "amazon_product_url": "http://www.amazon.com/As-You-Wish-Inconceivable-Princess/dp/1476764026?tag=thenewyorktim-20",
                "article_chapter_link": "",
                "asterisk": 1,
                "author": "Cary Elwes with Joe Layden",
                "book_image": "http://du.ec2.nytimes.com.s3.amazonaws.com/prd/books/9781476764030.jpeg",
                "book_review_link": "",
                "contributor": "by Cary Elwes with Joe Layden",
                "contributor_note": "",
                "dagger": 0,
                "description": "The making of the movie \u201cThe Princess Bride,\u201d 25 years ago.",
                "first_chapter_link": "",
                "isbns": [
                    {
                        "isbn10": "1476764026",
                        "isbn13": "9781476764023"
                    },
                    {
                        "isbn10": "1442383453",
                        "isbn13": "9781442383456"
                    }
                ],
                "price": 0,
                "primary_isbn10": "1476764026",
                "primary_isbn13": "9781476764023",
                "publisher": "Touchstone/Simon & Schuster",
                "rank": 11,
                "rank_last_week": 14,
                "sunday_review_link": "",
                "title": "AS YOU WISH",
                "weeks_on_list": 6
            },
            {
                "age_group": "",
                "amazon_product_url": "http://www.amazon.com/Small-Victories-Spotting-Improbable-Moments-ebook/dp/B00KWG9NBO?tag=thenewyorktim-20",
                "article_chapter_link": "",
                "asterisk": 0,
                "author": "Anne Lamott",
                "book_image": "http://du.ec2.nytimes.com.s3.amazonaws.com/prd/books/9780698189744.jpeg",
                "book_review_link": "",
                "contributor": "by Anne Lamott",
                "contributor_note": "",
                "dagger": 0,
                "description": "Essays about forgiveness, transformation and grace.",
                "first_chapter_link": "",
                "isbns": [
                    {
                        "isbn10": "1594486298",
                        "isbn13": "9781594486296"
                    },
                    {
                        "isbn10": "1611763703",
                        "isbn13": "9781611763706"
                    }
                ],
                "price": 0,
                "primary_isbn10": "1594486298",
                "primary_isbn13": "9781594486296",
                "publisher": "Riverhead",
                "rank": 12,
                "rank_last_week": 8,
                "sunday_review_link": "",
                "title": "SMALL VICTORIES",
                "weeks_on_list": 3
            },
            {
                "age_group": "",
                "amazon_product_url": "http://www.amazon.com/Dreamers-Deceivers-Stories-Villains-America/dp/1476783896?tag=thenewyorktim-20",
                "article_chapter_link": "",
                "asterisk": 0,
                "author": "Glenn Beck with Kevin Balfe",
                "book_image": "http://du.ec2.nytimes.com.s3.amazonaws.com/prd/books/9781476783895.jpeg",
                "book_review_link": "",
                "contributor": "by Glenn Beck with Kevin Balfe",
                "contributor_note": "",
                "dagger": 1,
                "description": "More little-known stories from America\u2019s past; a follow-up to \u201cMiracles and Massacres.\u201d",
                "first_chapter_link": "",
                "isbns": [
                    {
                        "isbn10": "1476783896",
                        "isbn13": "9781476783895"
                    },
                    {
                        "isbn10": "1476787158",
                        "isbn13": "9781476787152"
                    },
                    {
                        "isbn10": "1442375116",
                        "isbn13": "9781442375116"
                    }
                ],
                "price": 0,
                "primary_isbn10": "1476783896",
                "primary_isbn13": "9781476783895",
                "publisher": "Threshold Editions/Mercury Radio Arts",
                "rank": 13,
                "rank_last_week": 9,
                "sunday_review_link": "",
                "title": "DREAMERS AND DECEIVERS",
                "weeks_on_list": 5
            },
            {
                "age_group": "",
                "amazon_product_url": "http://www.amazon.com/No-Hero-Evolution-Navy-SEAL/dp/052595452X?tag=thenewyorktim-20",
                "article_chapter_link": "",
                "asterisk": 0,
                "author": "Mark Owen with Kevin Maurer",
                "book_image": "http://du.ec2.nytimes.com.s3.amazonaws.com/prd/books/9780698164444.jpeg",
                "book_review_link": "",
                "contributor": "by Mark Owen with Kevin Maurer",
                "contributor_note": "",
                "dagger": 0,
                "description": "In a follow-up to \u201cNo Easy Day,\u201d the Navy SEAL team member Matt Bissonnette, writing pseudonymously, describes the challenges of SEAL training as well as other missions in which he participated.",
                "first_chapter_link": "",
                "isbns": [
                    {
                        "isbn10": "052595452X",
                        "isbn13": "9780525954521"
                    },
                    {
                        "isbn10": "1611762847",
                        "isbn13": "9781611762846"
                    }
                ],
                "price": 0,
                "primary_isbn10": "052595452X",
                "primary_isbn13": "9780525954521",
                "publisher": "Dutton",
                "rank": 14,
                "rank_last_week": 13,
                "sunday_review_link": "",
                "title": "NO HERO",
                "weeks_on_list": 3
            },
            {
                "age_group": "",
                "amazon_product_url": "http://www.amazon.com/The-Innovators-Hackers-Geniuses-Revolution-ebook/dp/B00JGAS65Q?tag=thenewyorktim-20",
                "article_chapter_link": "",
                "asterisk": 0,
                "author": "Walter Isaacson",
                "book_image": "http://du.ec2.nytimes.com.s3.amazonaws.com/prd/books/9781476708713.jpeg",
                "book_review_link": "",
                "contributor": "by Walter Isaacson",
                "contributor_note": "",
                "dagger": 0,
                "description": "Studies of the people who created computers and the Internet, beginning in the 1840s.",
                "first_chapter_link": "",
                "isbns": [
                    {
                        "isbn10": "147670869X",
                        "isbn13": "9781476708690"
                    },
                    {
                        "isbn10": "1476708711",
                        "isbn13": "9781476708713"
                    },
                    {
                        "isbn10": "1442376228",
                        "isbn13": "9781442376229"
                    }
                ],
                "price": 0,
                "primary_isbn10": "147670869X",
                "primary_isbn13": "9781476708690",
                "publisher": "Simon & Schuster",
                "rank": 15,
                "rank_last_week": 16,
                "sunday_review_link": "",
                "title": "THE INNOVATORS",
                "weeks_on_list": 7
            },
            {
                "age_group": "",
                "amazon_product_url": "http://www.amazon.com/Food-Love-Story-Jim-Gaffigan/dp/0804140413?tag=thenewyorktim-20",
                "article_chapter_link": "",
                "asterisk": 1,
                "author": "Jim Gaffigan",
                "book_image": "http://du.ec2.nytimes.com.s3.amazonaws.com/prd/books/9780804140423.jpeg",
                "book_review_link": "",
                "contributor": "by Jim Gaffigan",
                "contributor_note": "",
                "dagger": 0,
                "description": "The comedian, author of \u201cDad Is Fat,\u201d describes his relationship with food.",
                "first_chapter_link": "",
                "isbns": [
                    {
                        "isbn10": "0804140413",
                        "isbn13": "9780804140416"
                    },
                    {
                        "isbn10": "0804192219",
                        "isbn13": "9780804192217"
                    }
                ],
                "price": 0,
                "primary_isbn10": "0804140413",
                "primary_isbn13": "9780804140416",
                "publisher": "Crown Archetype",
                "rank": 16,
                "rank_last_week": 0,
                "sunday_review_link": "",
                "title": "FOOD",
                "weeks_on_list": 3
            },
            {
                "age_group": "",
                "amazon_product_url": "http://www.amazon.com/Jeter-Unfiltered-Derek/dp/1476783667?tag=thenewyorktim-20",
                "article_chapter_link": "",
                "asterisk": 0,
                "author": "Derek Jeter with Anthony Bozza",
                "book_image": "http://du.ec2.nytimes.com.s3.amazonaws.com/prd/books/9781476783666.jpeg",
                "book_review_link": "",
                "contributor": "by Derek Jeter with Anthony Bozza",
                "contributor_note": "",
                "dagger": 0,
                "description": "The Yankee shortstop and team captain looks back over his career, with photographs from his recently concluded final season, as well as older ones.",
                "first_chapter_link": "",
                "isbns": [
                    {
                        "isbn10": "1476783667",
                        "isbn13": "9781476783666"
                    }
                ],
                "price": 0,
                "primary_isbn10": "1476783667",
                "primary_isbn13": "9781476783666",
                "publisher": "Jeter Publishing/Gallery Books",
                "rank": 17,
                "rank_last_week": 0,
                "sunday_review_link": "",
                "title": "JETER UNFILTERED",
                "weeks_on_list": 0
            },
            {
                "age_group": "",
                "amazon_product_url": "http://www.amazon.com/So-Anyway-John-Cleese-ebook/dp/B00KAFVNY2?tag=thenewyorktim-20",
                "article_chapter_link": "",
                "asterisk": 0,
                "author": "John Cleese",
                "book_image": "http://du.ec2.nytimes.com.s3.amazonaws.com/prd/books/9780385348256.jpeg",
                "book_review_link": "",
                "contributor": "by John Cleese",
                "contributor_note": "",
                "dagger": 0,
                "description": "by John Cleese Crown Archetype, ) - A memoir by the comedian, actor and writer, a former Python.",
                "first_chapter_link": "",
                "isbns": [
                    {
                        "isbn10": "038534824X",
                        "isbn13": "9780385348249"
                    }
                ],
                "price": 0,
                "primary_isbn10": "038534824X",
                "primary_isbn13": "9780385348249",
                "publisher": "Crown Archetype",
                "rank": 18,
                "rank_last_week": 0,
                "sunday_review_link": "",
                "title": "SO, ANYWAY...,",
                "weeks_on_list": 0
            },
            {
                "age_group": "",
                "amazon_product_url": "http://www.amazon.com/One-Nation-Under-Taught-Engineering/dp/0825307449?tag=thenewyorktim-20",
                "article_chapter_link": "",
                "asterisk": 0,
                "author": "Vince M Bertram",
                "book_image": "http://du.ec2.nytimes.com.s3.amazonaws.com/prd/books/9780825307447.jpg",
                "book_review_link": "",
                "contributor": "by Vince M. Bertram",
                "contributor_note": "",
                "dagger": 0,
                "description": "How to help American students who are falling behind in science, technology, engineering and math education",
                "first_chapter_link": "",
                "isbns": [
                    {
                        "isbn10": "0825307449",
                        "isbn13": "9780825307447"
                    }
                ],
                "price": 0,
                "primary_isbn10": "0825307449",
                "primary_isbn13": "9780825307447",
                "publisher": "Beaufort Books",
                "rank": 19,
                "rank_last_week": 0,
                "sunday_review_link": "",
                "title": "ONE NATION UNDER TAUGHT",
                "weeks_on_list": 0
            },
            {
                "age_group": "",
                "amazon_product_url": "http://www.amazon.com/There-Was-Little-Girl-Mother-ebook/dp/B00KWG5W0K?tag=thenewyorktim-20",
                "article_chapter_link": "",
                "asterisk": 0,
                "author": "Brooke Shields",
                "book_image": "http://du.ec2.nytimes.com.s3.amazonaws.com/prd/books/9780698186231.jpeg",
                "book_review_link": "",
                "contributor": "by Brooke Shields",
                "contributor_note": "",
                "dagger": 0,
                "description": "A memoir of the actress\u2019s life and her complicated relationship with her ambitious, difficult mother.",
                "first_chapter_link": "",
                "isbns": [
                    {
                        "isbn10": "0525954848",
                        "isbn13": "9780525954842"
                    },
                    {
                        "isbn10": "1611763851",
                        "isbn13": "9781611763850"
                    }
                ],
                "price": 0,
                "primary_isbn10": "0525954848",
                "primary_isbn13": "9780525954842",
                "publisher": "Dutton",
                "rank": 20,
                "rank_last_week": 0,
                "sunday_review_link": "",
                "title": "THERE WAS A LITTLE GIRL",
                "weeks_on_list": 0
            }
        ],
        "corrections": [],
        "display_name": "Hardcover Nonfiction",
        "list_name": "Hardcover Nonfiction",
        "normal_list_ends_at": 16,
        "published_date": "2014-12-14",
        "updated": "WEEKLY"
    },
    "status": "OK"
}