{
    "copyright": "Copyright (c) 2014 The New York Times Company.  All Rights Reserved.",
    "last_modified": "2014-12-08T17:00:56-05:00",
    "num_results": 10,
    "results": {
        "bestsellers_date": "2014-11-29",
        "books": [
            {
                "age_group": "",
                "amazon_product_url": "http://www.amazon.com/Killing-Patton-Strange-Audacious-General/dp/080509668X?tag=thenewyorktim-20",
                "article_chapter_link": "",
                "asterisk": 0,
                "author": "Bill O'Reilly and Martin Dugard",
                "book_image": "http://du.ec2.nytimes.com.s3.amazonaws.com/prd/books/9780805096699.jpg",
                "book_review_link": "",
                "contributor": "by Bill O'Reilly and Martin Dugard",
                "contributor_note": "",
                "dagger": 0,
                "description": "The host of \u201cThe O\u2019Reilly Factor\u201d recounts the strange death of Gen. George S. Patton in December 1945.",
                "first_chapter_link": "",
                "isbns": [
                    {
                        "isbn10": "080509668X",
                        "isbn13": "9780805096682"
                    },
                    {
                        "isbn10": "1427244219",
                        "isbn13": "9781427244215"
                    },
                    {
                        "isbn10": "1410473651",
                        "isbn13": "9781410473653"
                    }
                ],
                "price": 0,
                "primary_isbn10": "080509668X",
                "primary_isbn13": "9780805096682",
                "publisher": "Holt",
                "rank": 1,
                "rank_last_week": 0,
                "sunday_review_link": "",
                "title": "KILLING PATTON",
                "weeks_on_list": 0
            },
            {
                "age_group": "",
                "amazon_product_url": "http://www.amazon.com/Unbroken-World-Survival-Resilience-Redemption/dp/1400064163?tag=thenewyorktim-20",
                "article_chapter_link": "",
                "asterisk": 0,
                "author": "Laura Hillenbrand",
                "book_image": "http://du.ec2.nytimes.com.s3.amazonaws.com/prd/books/9781400064168.jpg",
                "book_review_link": "",
                "contributor": "by Laura Hillenbrand",
                "contributor_note": "",
                "dagger": 0,
                "description": "An Olympic runner's story of survival as a prisoner of the Japanese in World War II.",
                "first_chapter_link": "",
                "isbns": [
                    {
                        "isbn10": "1400064163",
                        "isbn13": "9781400064168"
                    },
                    {
                        "isbn10": "0679603751",
                        "isbn13": "9780679603757"
                    },
                    {
                        "isbn10": "0375435018",
                        "isbn13": "9780375435010"
                    },
                    {
                        "isbn10": "0739319698",
                        "isbn13": "9780739319697"
                    },
                    {
                        "isbn10": "0007378033",
                        "isbn13": "9780007378036"
                    },
                    {
                        "isbn10": "0812974492",
                        "isbn13": "9780812974492"
                    },
                    {
                        "isbn10": "0606355987",
                        "isbn13": "9780606355988"
                    },
                    {
                        "isbn10": "081298711X",
                        "isbn13": "9780812987119"
                    },
                    {
                        "isbn10": "0553397117",
                        "isbn13": "9780553397116"
                    },
                    {
                        "isbn10": "1101912626",
                        "isbn13": "9781101912621"
                    },
                    {
                        "isbn10": "0375990623",
                        "isbn13": "9780375990625"
                    }
                ],
                "price": 0,
                "primary_isbn10": "0679603751",
                "primary_isbn13": "9780679603757",
                "publisher": "Random House",
                "rank": 2,
                "rank_last_week": 0,
                "sunday_review_link": "",
                "title": "UNBROKEN",
                "weeks_on_list": 0
            },
            {
                "age_group": "",
                "amazon_product_url": "http://www.amazon.com/41-A-Portrait-My-Father/dp/0553447785?tag=thenewyorktim-20",
                "article_chapter_link": "",
                "asterisk": 0,
                "author": "George W Bush",
                "book_image": "http://du.ec2.nytimes.com.s3.amazonaws.com/prd/books/9780553447798.jpg",
                "book_review_link": "",
                "contributor": "by George W. Bush",
                "contributor_note": "",
                "dagger": 0,
                "description": "The former president\u2019s portrait of his father, George H.W. Bush",
                "first_chapter_link": "",
                "isbns": [
                    {
                        "isbn10": "0553447785",
                        "isbn13": "9780553447781"
                    },
                    {
                        "isbn10": "0804194718",
                        "isbn13": "9780804194716"
                    },
                    {
                        "isbn10": "1101913142",
                        "isbn13": "9781101913147"
                    }
                ],
                "price": 0,
                "primary_isbn10": "0553447785",
                "primary_isbn13": "9780553447781",
                "publisher": "Crown",
                "rank": 3,
                "rank_last_week": 0,
                "sunday_review_link": "",
                "title": "41",
                "weeks_on_list": 0
            },
            {
                "age_group": "",
                "amazon_product_url": "http://www.amazon.com/Dreamers-Deceivers-Stories-Villains-America/dp/1476783896?tag=thenewyorktim-20",
                "article_chapter_link": "",
                "asterisk": 0,
                "author": "Glenn Beck with Kevin Balfe",
                "book_image": "http://du.ec2.nytimes.com.s3.amazonaws.com/prd/books/9781476783895.jpeg",
                "book_review_link": "",
                "contributor": "by Glenn Beck with Kevin Balfe",
                "contributor_note": "",
                "dagger": 1,
                "description": "More little-known stories\u2028 from America\u2019s past; a follow-up to \u201cMiracles and Massacres.",
                "first_chapter_link": "",
                "isbns": [
                    {
                        "isbn10": "1476783896",
                        "isbn13": "9781476783895"
                    },
                    {
                        "isbn10": "1476787158",
                        "isbn13": "9781476787152"
                    },
                    {
                        "isbn10": "1442375116",
                        "isbn13": "9781442375116"
                    }
                ],
                "price": 0,
                "primary_isbn10": "1476783896",
                "primary_isbn13": "9781476783895",
                "publisher": "Threshold Editions/Mercury Radio Arts",
                "rank": 4,
                "rank_last_week": 0,
                "sunday_review_link": "",
                "title": "DREAMERS AND DECEIVERS",
                "weeks_on_list": 0
            },
            {
                "age_group": "",
                "amazon_product_url": "http://www.amazon.com/Stonewalled-Obstruction-Intimidation-Harassment-Washington/dp/0062322842?tag=thenewyorktim-20",
                "article_chapter_link": "",
                "asterisk": 0,
                "author": "Sharyl Attkisson",
                "book_image": "http://du.ec2.nytimes.com.s3.amazonaws.com/prd/books/9780062322869.jpeg",
                "book_review_link": "",
                "contributor": "by Sharyl Attkisson",
                "contributor_note": "",
                "dagger": 0,
                "description": "An investigative reporter complains of harassment and intimidation by the Obama administration.",
                "first_chapter_link": "",
                "isbns": [
                    {
                        "isbn10": "0062322842",
                        "isbn13": "9780062322845"
                    },
                    {
                        "isbn10": "0062322869",
                        "isbn13": "9780062322869"
                    }
                ],
                "price": 0,
                "primary_isbn10": "0062322842",
                "primary_isbn13": "9780062322845",
                "publisher": "Harper",
                "rank": 5,
                "rank_last_week": 0,
                "sunday_review_link": "",
                "title": "STONEWALLED",
                "weeks_on_list": 0
            },
            {
                "age_group": "",
                "amazon_product_url": "http://www.amazon.com/No-Hero-Evolution-Navy-SEAL/dp/052595452X?tag=thenewyorktim-20",
                "article_chapter_link": "",
                "asterisk": 0,
                "author": "Mark Owen with Kevin Maurer",
                "book_image": "http://du.ec2.nytimes.com.s3.amazonaws.com/prd/books/9780698164444.jpeg",
                "book_review_link": "",
                "contributor": "by Mark Owen with Kevin Maurer",
                "contributor_note": "",
                "dagger": 0,
                "description": "In a follow-up to \u201cNo Easy Day,\u201d the Navy SEAL team member Matt Bissonnette, writing pseudonymously, describes the challenges of\u2028 SEAL training and other missions in which he participated.",
                "first_chapter_link": "",
                "isbns": [
                    {
                        "isbn10": "052595452X",
                        "isbn13": "9780525954521"
                    },
                    {
                        "isbn10": "1611762847",
                        "isbn13": "9781611762846"
                    }
                ],
                "price": 0,
                "primary_isbn10": "052595452X",
                "primary_isbn13": "9780525954521",
                "publisher": "Dutton",
                "rank": 6,
                "rank_last_week": 0,
                "sunday_review_link": "",
                "title": "NO HERO",
                "weeks_on_list": 0
            },
            {
                "age_group": "",
                "amazon_product_url": "http://www.amazon.com/American-Sniper-Autobiography-Military-History/dp/0062238868?tag=thenewyorktim-20",
                "article_chapter_link": "",
                "asterisk": 0,
                "author": "Chris Kyle with Scott McEwen and Jim DeFelice",
                "book_image": "http://du.ec2.nytimes.com.s3.amazonaws.com/prd/books/9780062082374.jpg",
                "book_review_link": "",
                "contributor": "by Chris Kyle with Scott McEwen and Jim DeFelice",
                "contributor_note": "",
                "dagger": 0,
                "description": "A member of the Navy Seals who has the most career sniper kills in United States military history discusses his childhood, his marriage and his battlefield experiences during the Iraq war.",
                "first_chapter_link": "",
                "isbns": [
                    {
                        "isbn10": "0062082353",
                        "isbn13": "9780062082350"
                    },
                    {
                        "isbn10": "006208237X",
                        "isbn13": "9780062082374"
                    },
                    {
                        "isbn10": "0062209493",
                        "isbn13": "9780062209498"
                    },
                    {
                        "isbn10": "0062107062",
                        "isbn13": "9780062107060"
                    },
                    {
                        "isbn10": "0062238868",
                        "isbn13": "9780062238863"
                    },
                    {
                        "isbn10": "0062290797",
                        "isbn13": "9780062290793"
                    },
                    {
                        "isbn10": "0062376578",
                        "isbn13": "9780062376572"
                    },
                    {
                        "isbn10": "0062376330",
                        "isbn13": "9780062376336"
                    }
                ],
                "price": 0,
                "primary_isbn10": "0062238868",
                "primary_isbn13": "9780062238863",
                "publisher": "Morrow/HarperCollins",
                "rank": 7,
                "rank_last_week": 0,
                "sunday_review_link": "",
                "title": "AMERICAN SNIPER",
                "weeks_on_list": 0
            },
            {
                "age_group": "",
                "amazon_product_url": "http://www.amazon.com/The-Rise-Theodore-Roosevelt-Book-ebook/dp/B004DEPH3E?tag=thenewyorktim-20",
                "article_chapter_link": "",
                "asterisk": 0,
                "author": "Edmund Morris",
                "book_image": "http://du.ec2.nytimes.com.s3.amazonaws.com/prd/books/9780307777829.jpeg",
                "book_review_link": "",
                "contributor": "by Edmund Morris",
                "contributor_note": "",
                "dagger": 0,
                "description": "The first volume of a biography of the 26th president, covering the years 1858 to 1901.",
                "first_chapter_link": "",
                "isbns": [
                    {
                        "isbn10": "0307777820",
                        "isbn13": "9780307777829"
                    }
                ],
                "price": 0,
                "primary_isbn10": "0307777820",
                "primary_isbn13": "9780307777829",
                "publisher": "Modern Library",
                "rank": 8,
                "rank_last_week": 0,
                "sunday_review_link": "",
                "title": "THE RISE OF THEODORE ROOSEVELT",
                "weeks_on_list": 0
            },
            {
                "age_group": "",
                "amazon_product_url": "http://www.amazon.com/Am-Malala-Stood-Education-Taliban/dp/0316322407?tag=thenewyorktim-20",
                "article_chapter_link": "",
                "asterisk": 0,
                "author": "Malala Yousafzai with Christina Lamb",
                "book_image": "http://du.ec2.nytimes.com.s3.amazonaws.com/prd/books/9780316322409.jpg",
                "book_review_link": "",
                "contributor": "by Malala Yousafzai with Christina Lamb",
                "contributor_note": "",
                "dagger": 0,
                "description": "The experience of the Pakistani girl who advocated for women\u2019s education and was shot by the Taliban.",
                "first_chapter_link": "",
                "isbns": [
                    {
                        "isbn10": "0316322407",
                        "isbn13": "9780316322409"
                    },
                    {
                        "isbn10": "147897978X",
                        "isbn13": "9781478979784"
                    },
                    {
                        "isbn10": "031628663X",
                        "isbn13": "9780316286633"
                    },
                    {
                        "isbn10": "0316322423",
                        "isbn13": "9780316322423"
                    },
                    {
                        "isbn10": "1478902337",
                        "isbn13": "9781478902331"
                    }
                ],
                "price": 0,
                "primary_isbn10": "0316322407",
                "primary_isbn13": "9780316322409",
                "publisher": "Little, Brown",
                "rank": 9,
                "rank_last_week": 0,
                "sunday_review_link": "",
                "title": "I AM MALALA",
                "weeks_on_list": 0
            },
            {
                "age_group": "",
                "amazon_product_url": "http://www.amazon.com/Stop-Coming-Civil-War-Savage-ebook/dp/B00I829RX8?tag=thenewyorktim-20",
                "article_chapter_link": "",
                "asterisk": 0,
                "author": "Michael Savage",
                "book_image": "http://du.ec2.nytimes.com.s3.amazonaws.com/prd/books/9781455582433.jpeg",
                "book_review_link": "",
                "contributor": "by Michael Savage",
                "contributor_note": "",
                "dagger": 1,
                "description": "The radio host urges true patriots to save the country\u2028 from the machinations of the left.\n",
                "first_chapter_link": "",
                "isbns": [
                    {
                        "isbn10": "1455582433",
                        "isbn13": "9781455582433"
                    },
                    {
                        "isbn10": "1455582425",
                        "isbn13": "9781455582426"
                    },
                    {
                        "isbn10": "1478982713",
                        "isbn13": "9781478982715"
                    }
                ],
                "price": 0,
                "primary_isbn10": "1455582433",
                "primary_isbn13": "9781455582433",
                "publisher": "Center Street",
                "rank": 10,
                "rank_last_week": 0,
                "sunday_review_link": "",
                "title": "STOP THE COMING CIVIL WAR",
                "weeks_on_list": 0
            }
        ],
        "corrections": [],
        "display_name": "Politics",
        "list_name": "Hardcover Political Books",
        "normal_list_ends_at": 10,
        "published_date": "2014-12-14",
        "updated": "MONTHLY"
    },
    "status": "OK"
}