{
    "copyright": "Copyright (c) 2014 The New York Times Company.  All Rights Reserved.",
    "last_modified": "2014-08-08T15:14:34-04:00",
    "num_results": 15,
    "results": {
        "bestsellers_date": "2013-04-06",
        "books": [
            {
                "age_group": "",
                "amazon_product_url": "http://www.amazon.com/Its-All-Good-Delicious-Recipes/dp/1455522716?tag=thenewyorktim-20",
                "article_chapter_link": "",
                "asterisk": 0,
                "author": "Gwyneth Paltrow and Julia Turshen",
                "book_image": "http://du.ec2.nytimes.com.s3.amazonaws.com/prd/books/9781455522712.jpg",
                "book_review_link": "",
                "contributor": "by Gwyneth Paltrow and Julia Turshen",
                "contributor_note": "",
                "dagger": 0,
                "description": "Easy, healthy, sugar-free recipes.",
                "first_chapter_link": "",
                "isbns": [
                    {
                        "isbn10": "1455522716",
                        "isbn13": "9781455522712"
                    },
                    {
                        "isbn10": "1455522708",
                        "isbn13": "9781455522705"
                    }
                ],
                "price": 32,
                "primary_isbn10": "1455522716",
                "primary_isbn13": "9781455522712",
                "publisher": "Grand Central Life & Style",
                "rank": 1,
                "rank_last_week": 0,
                "sunday_review_link": "",
                "title": "IT'S ALL GOOD",
                "weeks_on_list": 1
            },
            {
                "age_group": "",
                "amazon_product_url": "http://www.amazon.com/The-FastDiet-Healthy-Intermittent-Fasting-ebook/dp/B00ALYY6ZA?tag=thenewyorktim-20",
                "article_chapter_link": "",
                "asterisk": 0,
                "author": "Michael Mosley and Mimi Spencer",
                "book_image": "http://du.ec2.nytimes.com.s3.amazonaws.com/prd/books/9781476734941.jpg",
                "book_review_link": "",
                "contributor": "by Michael Mosley and Mimi Spencer",
                "contributor_note": "",
                "dagger": 0,
                "description": "A diet that calls for eating normally five days a week and fasting for the other two days.",
                "first_chapter_link": "",
                "isbns": [
                    {
                        "isbn10": "1476734941",
                        "isbn13": "9781476734941"
                    },
                    {
                        "isbn10": "1476734968",
                        "isbn13": "9781476734965"
                    },
                    {
                        "isbn10": "1780721684",
                        "isbn13": "9781780721682"
                    }
                ],
                "price": 24,
                "primary_isbn10": "1476734941",
                "primary_isbn13": "9781476734941",
                "publisher": "Atria",
                "rank": 2,
                "rank_last_week": 0,
                "sunday_review_link": "",
                "title": "THE FASTDIET",
                "weeks_on_list": 6
            },
            {
                "age_group": "",
                "amazon_product_url": "http://www.amazon.com/Daring-Greatly-Courage-Vulnerable-Transforms/dp/1592407331?tag=thenewyorktim-20",
                "article_chapter_link": "",
                "asterisk": 0,
                "author": "Brene Brown",
                "book_image": "http://du.ec2.nytimes.com.s3.amazonaws.com/prd/books/9781592407330.jpg",
                "book_review_link": "",
                "contributor": "by Brene Brown",
                "contributor_note": "",
                "dagger": 1,
                "description": "How the courage to be vulnerable transforms the way we live, love, parent and lead.",
                "first_chapter_link": "",
                "isbns": [
                    {
                        "isbn10": "1592407331",
                        "isbn13": "9781592407330"
                    },
                    {
                        "isbn10": "1470814757",
                        "isbn13": "9781470814755"
                    },
                    {
                        "isbn10": "0670923540",
                        "isbn13": "9780670923540"
                    }
                ],
                "price": 26,
                "primary_isbn10": "1592407331",
                "primary_isbn13": "9781592407330",
                "publisher": "Gotham",
                "rank": 3,
                "rank_last_week": 0,
                "sunday_review_link": "",
                "title": "DARING GREATLY",
                "weeks_on_list": 8
            },
            {
                "age_group": "",
                "amazon_product_url": "http://www.amazon.com/Life-Code-Rules-Winning-World/dp/0985462736?tag=thenewyorktim-20",
                "article_chapter_link": "",
                "asterisk": 0,
                "author": "Phil McGraw",
                "book_image": "http://du.ec2.nytimes.com.s3.amazonaws.com/prd/books/9780985462734.jpg",
                "book_review_link": "",
                "contributor": "by Phil McGraw",
                "contributor_note": "",
                "dagger": 0,
                "description": "How to \u201cwin in the real world,\u201d regardless of people who try to exploit you.",
                "first_chapter_link": "",
                "isbns": [
                    {
                        "isbn10": "0985462736",
                        "isbn13": "9780985462734"
                    },
                    {
                        "isbn10": "1939457904",
                        "isbn13": "9781939457905"
                    }
                ],
                "price": 26,
                "primary_isbn10": "0985462736",
                "primary_isbn13": "9780985462734",
                "publisher": "Bird Street",
                "rank": 4,
                "rank_last_week": 0,
                "sunday_review_link": "",
                "title": "LIFE CODE",
                "weeks_on_list": 8
            },
            {
                "age_group": "",
                "amazon_product_url": "http://www.amazon.com/The-Tapping-Solution-Revolutionary-Stress-Free/dp/1401939414?tag=thenewyorktim-20",
                "article_chapter_link": "",
                "asterisk": 1,
                "author": "Nick Ortner",
                "book_image": "http://du.ec2.nytimes.com.s3.amazonaws.com/prd/books/9781401939410.jpg",
                "book_review_link": "",
                "contributor": "by Nick Ortner",
                "contributor_note": "",
                "dagger": 1,
                "description": "Repeating phrases and touching pressure points on the body to ease stress.\u00a0",
                "first_chapter_link": "",
                "isbns": [
                    {
                        "isbn10": "1401939414",
                        "isbn13": "9781401939410"
                    }
                ],
                "price": 24.95,
                "primary_isbn10": "1401939414",
                "primary_isbn13": "9781401939410",
                "publisher": "Hay House",
                "rank": 5,
                "rank_last_week": 0,
                "sunday_review_link": "",
                "title": "THE TAPPING SOLUTION",
                "weeks_on_list": 1
            },
            {
                "age_group": "",
                "amazon_product_url": "http://www.amazon.com/Shred-Revolutionary-Weeks-Inches-Sizes/dp/1250035864?tag=thenewyorktim-20",
                "article_chapter_link": "",
                "asterisk": 0,
                "author": "Ian K Smith",
                "book_image": "http://du.ec2.nytimes.com.s3.amazonaws.com/prd/books/9781250035868.jpg",
                "book_review_link": "",
                "contributor": "by Ian K. Smith",
                "contributor_note": "",
                "dagger": 0,
                "description": "A six-week system that combines meal spacing and other elements.",
                "first_chapter_link": "",
                "isbns": [
                    {
                        "isbn10": "1250035864",
                        "isbn13": "9781250035868"
                    }
                ],
                "price": 24.99,
                "primary_isbn10": "1250035864",
                "primary_isbn13": "9781250035868",
                "publisher": "St. Martin's",
                "rank": 6,
                "rank_last_week": 0,
                "sunday_review_link": "",
                "title": "SHRED: THE REVOLUTIONARY DIET",
                "weeks_on_list": 14
            },
            {
                "age_group": "",
                "amazon_product_url": "http://www.amazon.com/Wheat-Belly-Lose-Weight-Health/dp/1609614798?tag=thenewyorktim-20",
                "article_chapter_link": "",
                "asterisk": 0,
                "author": "William Davis",
                "book_image": "http://du.ec2.nytimes.com.s3.amazonaws.com/prd/books/9781609614799.jpg",
                "book_review_link": "",
                "contributor": "by William Davis",
                "contributor_note": "",
                "dagger": 0,
                "description": "An examination of wheat in modern diets.",
                "first_chapter_link": "",
                "isbns": [
                    {
                        "isbn10": "1609611543",
                        "isbn13": "9781609611545"
                    },
                    {
                        "isbn10": "1609614798",
                        "isbn13": "9781609614799"
                    }
                ],
                "price": 25.99,
                "primary_isbn10": "1609611543",
                "primary_isbn13": "9781609611545",
                "publisher": "Rodale",
                "rank": 7,
                "rank_last_week": 0,
                "sunday_review_link": "",
                "title": "WHEAT BELLY",
                "weeks_on_list": 50
            },
            {
                "age_group": "",
                "amazon_product_url": "http://www.amazon.com/Making-Good-Habits-Breaking-Bad/dp/1455517380?tag=thenewyorktim-20",
                "article_chapter_link": "",
                "asterisk": 0,
                "author": "Joyce Meyer",
                "book_image": "http://du.ec2.nytimes.com.s3.amazonaws.com/prd/books/9781455517381.jpg",
                "book_review_link": "",
                "contributor": "by Joyce Meyer",
                "contributor_note": "",
                "dagger": 0,
                "description": "\u00a0Practicing 14 behaviors to create positive new routines.",
                "first_chapter_link": "",
                "isbns": [
                    {
                        "isbn10": "1455517380",
                        "isbn13": "9781455517381"
                    },
                    {
                        "isbn10": "1455529605",
                        "isbn13": "9781455529605"
                    },
                    {
                        "isbn10": "1455517399",
                        "isbn13": "9781455517398"
                    },
                    {
                        "isbn10": "1455544620",
                        "isbn13": "9781455544622"
                    }
                ],
                "price": 19.99,
                "primary_isbn10": "1455517380",
                "primary_isbn13": "9781455517381",
                "publisher": "FaithWords",
                "rank": 8,
                "rank_last_week": 0,
                "sunday_review_link": "",
                "title": "MAKING GOOD HABITS, BREAKING BAD HABITS",
                "weeks_on_list": 1
            },
            {
                "age_group": "",
                "amazon_product_url": "http://www.amazon.com/The-Key-Love-Daughters-Gratitude/dp/0451240316?tag=thenewyorktim-20",
                "article_chapter_link": "",
                "asterisk": 0,
                "author": "Marie Osmond with Marcia Wilkie",
                "book_image": "http://du.ec2.nytimes.com.s3.amazonaws.com/prd/books/9780451240316.jpg",
                "book_review_link": "",
                "contributor": "by Marie Osmond with Marcia Wilkie",
                "contributor_note": "",
                "dagger": 0,
                "description": "A daughter draws on her mother\u2019s wisdom.\u00a0",
                "first_chapter_link": "",
                "isbns": [
                    {
                        "isbn10": "0451240316",
                        "isbn13": "9780451240316"
                    }
                ],
                "price": 25.95,
                "primary_isbn10": "0451240316",
                "primary_isbn13": "9780451240316",
                "publisher": "New American Library",
                "rank": 9,
                "rank_last_week": 0,
                "sunday_review_link": "",
                "title": "THE KEY IS LOVE",
                "weeks_on_list": 1
            },
            {
                "age_group": "",
                "amazon_product_url": "http://www.amazon.com/The-ONE-Thing-Surprisingly-Extraordinary/dp/1885167776?tag=thenewyorktim-20",
                "article_chapter_link": "",
                "asterisk": 0,
                "author": "Gary Keller with Jay Papasan",
                "book_image": "http://du.ec2.nytimes.com.s3.amazonaws.com/prd/books/9781885167774.jpg",
                "book_review_link": "",
                "contributor": "by Gary Keller with Jay Papasan",
                "contributor_note": "",
                "dagger": 1,
                "description": "Narrowing your concentration and becoming more productive.\u00a0",
                "first_chapter_link": "",
                "isbns": [
                    {
                        "isbn10": "1885167776",
                        "isbn13": "9781885167774"
                    }
                ],
                "price": 24.95,
                "primary_isbn10": "1885167776",
                "primary_isbn13": "9781885167774",
                "publisher": "Bard Press",
                "rank": 10,
                "rank_last_week": 0,
                "sunday_review_link": "",
                "title": "ONE THING",
                "weeks_on_list": 1
            },
            {
                "age_group": "",
                "amazon_product_url": "http://www.amazon.com/Decisive-Make-Better-Choices-Life/dp/0307956393?tag=thenewyorktim-20",
                "article_chapter_link": "",
                "asterisk": 0,
                "author": "Chip Heath and Dan Heath",
                "book_image": "http://du.ec2.nytimes.com.s3.amazonaws.com/prd/books/9780307956392.jpg",
                "book_review_link": "",
                "contributor": "by Chip Heath and Dan Heath",
                "contributor_note": "",
                "dagger": 0,
                "description": "Strategies for making better choices in life and work.",
                "first_chapter_link": "",
                "isbns": [
                    {
                        "isbn10": "0307956393",
                        "isbn13": "9780307956392"
                    },
                    {
                        "isbn10": "0449011119",
                        "isbn13": "9780449011119"
                    }
                ],
                "price": 0,
                "primary_isbn10": "0307956393",
                "primary_isbn13": "9780307956392",
                "publisher": "Crown Business",
                "rank": 11,
                "rank_last_week": 0,
                "sunday_review_link": "",
                "title": "DECISIVE",
                "weeks_on_list": 0
            },
            {
                "age_group": "",
                "amazon_product_url": "http://www.amazon.com/Firsthand-Ditching-Secondhand-Religion-Faith/dp/0307886298?tag=thenewyorktim-20",
                "article_chapter_link": "",
                "asterisk": 0,
                "author": "Ryan and Josh Shook",
                "book_image": "http://du.ec2.nytimes.com.s3.amazonaws.com/prd/books/9780307886293.jpg",
                "book_review_link": "",
                "contributor": "by Ryan and Josh Shook",
                "contributor_note": "",
                "dagger": 0,
                "description": "Two brothers discuss their struggles in finding a lasting Christian faith.",
                "first_chapter_link": "",
                "isbns": [
                    {
                        "isbn10": "0307886298",
                        "isbn13": "9780307886293"
                    }
                ],
                "price": 0,
                "primary_isbn10": "0307886298",
                "primary_isbn13": "9780307886293",
                "publisher": "Waterbrook",
                "rank": 12,
                "rank_last_week": 0,
                "sunday_review_link": "",
                "title": "FIRSTHAND",
                "weeks_on_list": 0
            },
            {
                "age_group": "",
                "amazon_product_url": "http://www.amazon.com/The-Legend-Zelda-Hyrule-Historia/dp/1616550414?tag=thenewyorktim-20",
                "article_chapter_link": "",
                "asterisk": 0,
                "author": "Akira Himekawa, Shigeru Miyamoto and others",
                "book_image": "http://du.ec2.nytimes.com.s3.amazonaws.com/prd/books/9781616550417.jpg",
                "book_review_link": "",
                "contributor": "Akira Himekawa, Shigeru Miyamoto and others",
                "contributor_note": "",
                "dagger": 0,
                "description": "The chronology of the games, published in partnership with Nintendo.",
                "first_chapter_link": "",
                "isbns": [
                    {
                        "isbn10": "1616550414",
                        "isbn13": "9781616550417"
                    },
                    {
                        "isbn10": "1616551615",
                        "isbn13": "9781616551612"
                    }
                ],
                "price": 0,
                "primary_isbn10": "1616550414",
                "primary_isbn13": "9781616550417",
                "publisher": "Dark Horse",
                "rank": 13,
                "rank_last_week": 0,
                "sunday_review_link": "",
                "title": "THE LEGEND OF ZELDA, HYRULE HISTORIA",
                "weeks_on_list": 0
            },
            {
                "age_group": "",
                "amazon_product_url": "http://www.amazon.com/Wheat-Belly-Cookbook-Recipes-Weight/dp/1609619366?tag=thenewyorktim-20",
                "article_chapter_link": "",
                "asterisk": 0,
                "author": "William Davis",
                "book_image": "http://du.ec2.nytimes.com.s3.amazonaws.com/prd/books/9781609619367.jpg",
                "book_review_link": "",
                "contributor": "by William Davis",
                "contributor_note": "",
                "dagger": 0,
                "description": "This \"Wheat Belly\" companion contains 150 recipes that are free of modern wheat.",
                "first_chapter_link": "",
                "isbns": [
                    {
                        "isbn10": "1609619366",
                        "isbn13": "9781609619367"
                    }
                ],
                "price": 0,
                "primary_isbn10": "1609619366",
                "primary_isbn13": "9781609619367",
                "publisher": "Rodale",
                "rank": 14,
                "rank_last_week": 0,
                "sunday_review_link": "",
                "title": "WHEAT BELLY COOKBOOK",
                "weeks_on_list": 0
            },
            {
                "age_group": "",
                "amazon_product_url": "http://www.amazon.com/The-Drunken-Botanist-Plants-Create/dp/1616200464?tag=thenewyorktim-20",
                "article_chapter_link": "",
                "asterisk": 0,
                "author": "Amy Stewart",
                "book_image": "http://du.ec2.nytimes.com.s3.amazonaws.com/prd/books/9781616200466.jpg",
                "book_review_link": "",
                "contributor": "by Amy Stewart",
                "contributor_note": "",
                "dagger": 0,
                "description": "The connection between plants and alcoholic spirits.",
                "first_chapter_link": "",
                "isbns": [
                    {
                        "isbn10": "1616200464",
                        "isbn13": "9781616200466"
                    },
                    {
                        "isbn10": "1622311396",
                        "isbn13": "9781622311392"
                    }
                ],
                "price": 0,
                "primary_isbn10": "1616200464",
                "primary_isbn13": "9781616200466",
                "publisher": "Algonquin",
                "rank": 15,
                "rank_last_week": 0,
                "sunday_review_link": "",
                "title": "THE DRUNKEN BOTANIST",
                "weeks_on_list": 0
            }
        ],
        "corrections": [],
        "display_name": "Hardcover Advice & Misc.",
        "list_name": "Hardcover Advice",
        "normal_list_ends_at": 10,
        "published_date": "2013-04-21",
        "updated": "WEEKLY"
    },
    "status": "OK"
}