{
    "copyright": "Copyright (c) 2014 The New York Times Company.  All Rights Reserved.",
    "last_modified": "2014-08-06T19:16:29-04:00",
    "num_results": 15,
    "results": {
        "bestsellers_date": "2013-09-28",
        "books": [
            {
                "age_group": "",
                "amazon_product_url": "http://www.amazon.com/Lean-In-Women-Work-Will-ebook/dp/B009LMTDL0?tag=thenewyorktim-20",
                "article_chapter_link": "",
                "asterisk": 0,
                "author": "Sheryl Sandberg with Nell Scovell",
                "book_image": "http://du.ec2.nytimes.com.s3.amazonaws.com/prd/books/9780385349956.jpg",
                "book_review_link": "",
                "contributor": "by Sheryl Sandberg with Nell Scovell",
                "contributor_note": "",
                "dagger": 0,
                "description": "The chief operating officer of Facebook urges women to pursue their careers without ambivalence.",
                "first_chapter_link": "",
                "isbns": [
                    {
                        "isbn10": "0385349947",
                        "isbn13": "9780385349949"
                    },
                    {
                        "isbn10": "0385394233",
                        "isbn13": "9780385394239"
                    },
                    {
                        "isbn10": "0553544470",
                        "isbn13": "9780553544473"
                    }
                ],
                "price": 0,
                "primary_isbn10": "0385349947",
                "primary_isbn13": "9780385349949",
                "publisher": "Knopf",
                "rank": 1,
                "rank_last_week": 0,
                "sunday_review_link": "",
                "title": "LEAN IN",
                "weeks_on_list": 0
            },
            {
                "age_group": "",
                "amazon_product_url": "http://www.amazon.com/The-Duck-Commander-Family-Dynasty/dp/147670354X?tag=thenewyorktim-20",
                "article_chapter_link": "",
                "asterisk": 0,
                "author": "Willie and Korie Robertson with Mark Schlabach",
                "book_image": "http://du.ec2.nytimes.com.s3.amazonaws.com/prd/books/9781476703541.jpg",
                "book_review_link": "",
                "contributor": "by Willie and Korie Robertson with Mark Schlabach",
                "contributor_note": "",
                "dagger": 0,
                "description": "Behind the scenes at the A&E show \u201cDuck Dynasty.\u201d",
                "first_chapter_link": "",
                "isbns": [
                    {
                        "isbn10": "147670354X",
                        "isbn13": "9781476703541"
                    }
                ],
                "price": 0,
                "primary_isbn10": "147670354X",
                "primary_isbn13": "9781476703541",
                "publisher": "Howard Books",
                "rank": 2,
                "rank_last_week": 0,
                "sunday_review_link": "",
                "title": "DUCK COMMANDERS",
                "weeks_on_list": 0
            },
            {
                "age_group": "",
                "amazon_product_url": "http://www.amazon.com/Before-Happiness-Achieving-Spreading-Sustaining/dp/0770436730?tag=thenewyorktim-20",
                "article_chapter_link": "",
                "asterisk": 0,
                "author": "Shawn Achor",
                "book_image": "http://du.ec2.nytimes.com.s3.amazonaws.com/prd/books/9780770436735.jpg",
                "book_review_link": "",
                "contributor": "by Shawn Achor",
                "contributor_note": "",
                "dagger": 0,
                "description": "Five tips for achieving positivity.",
                "first_chapter_link": "",
                "isbns": [
                    {
                        "isbn10": "0770436730",
                        "isbn13": "9780770436735"
                    },
                    {
                        "isbn10": "0770436749",
                        "isbn13": "9780770436742"
                    }
                ],
                "price": 0,
                "primary_isbn10": "0770436730",
                "primary_isbn13": "9780770436735",
                "publisher": "Crown Business",
                "rank": 3,
                "rank_last_week": 0,
                "sunday_review_link": "",
                "title": "BEFORE HAPPINESS",
                "weeks_on_list": 0
            },
            {
                "age_group": "",
                "amazon_product_url": "http://www.amazon.com/Looptail-Company-Changed-Reinventing-Business/dp/1455574090?tag=thenewyorktim-20",
                "article_chapter_link": "",
                "asterisk": 0,
                "author": "Bruce Poon Tip",
                "book_image": "http://du.ec2.nytimes.com.s3.amazonaws.com/prd/books/9781455574094.jpg",
                "book_review_link": "",
                "contributor": "by Bruce Poon Tip",
                "contributor_note": "",
                "dagger": 0,
                "description": "A vision for linking  social responsibility and business practices, from the founder of the travel company G Adventures.",
                "first_chapter_link": "",
                "isbns": [
                    {
                        "isbn10": "1455574090",
                        "isbn13": "9781455574094"
                    }
                ],
                "price": 0,
                "primary_isbn10": "1455574090",
                "primary_isbn13": "9781455574094",
                "publisher": "Business Plus",
                "rank": 4,
                "rank_last_week": 0,
                "sunday_review_link": "",
                "title": "LOOPTAIL",
                "weeks_on_list": 0
            },
            {
                "age_group": "",
                "amazon_product_url": "http://www.amazon.com/Great-Work-Make-Difference-People/dp/0071818359?tag=thenewyorktim-20",
                "article_chapter_link": "",
                "asterisk": 0,
                "author": "David Sturt",
                "book_image": "http://du.ec2.nytimes.com.s3.amazonaws.com/prd/books/9780071818353.jpg",
                "book_review_link": "",
                "contributor": "by David Sturt",
                "contributor_note": "",
                "dagger": 1,
                "description": "Five skills that help people innovate, make a difference and garner attention for their work.",
                "first_chapter_link": "",
                "isbns": [
                    {
                        "isbn10": "0071818359",
                        "isbn13": "9780071818353"
                    }
                ],
                "price": 0,
                "primary_isbn10": "0071818359",
                "primary_isbn13": "9780071818353",
                "publisher": "McGraw-Hill",
                "rank": 5,
                "rank_last_week": 0,
                "sunday_review_link": "",
                "title": "GREAT WORK",
                "weeks_on_list": 0
            },
            {
                "age_group": "",
                "amazon_product_url": "http://www.amazon.com/Mission-Bottle-Business-Differently-Succeeding/dp/0770437494?tag=thenewyorktim-20",
                "article_chapter_link": "",
                "asterisk": 0,
                "author": "Seth Goldman and Barry Nalebuff",
                "book_image": "http://du.ec2.nytimes.com.s3.amazonaws.com/prd/books/9780770437497.jpg",
                "book_review_link": "",
                "contributor": "by Seth Goldman and Barry Nalebuff",
                "contributor_note": "",
                "dagger": 0,
                "description": "The founders of Honest Tea tell the story of how they created their business, including lessons for those who would follow in their path. With illustrations by Sungyoon Choi.",
                "first_chapter_link": "",
                "isbns": [
                    {
                        "isbn10": "0770437494",
                        "isbn13": "9780770437497"
                    }
                ],
                "price": 0,
                "primary_isbn10": "0770437494",
                "primary_isbn13": "9780770437497",
                "publisher": "Crown Business",
                "rank": 6,
                "rank_last_week": 0,
                "sunday_review_link": "",
                "title": "MISSION IN A BOTTLE",
                "weeks_on_list": 0
            },
            {
                "age_group": "",
                "amazon_product_url": "http://www.amazon.com/The-System-Scandal-Big-Time-Football-ebook/dp/B00C0AM2XG?tag=thenewyorktim-20",
                "article_chapter_link": "",
                "asterisk": 0,
                "author": "Jeff Benedict and Armen Keteyian",
                "book_image": "http://du.ec2.nytimes.com.s3.amazonaws.com/prd/books/9780385536622.jpg",
                "book_review_link": "",
                "contributor": "by Jeff Benedict and Armen Keteyian",
                "contributor_note": "",
                "dagger": 0,
                "description": "The corruption and abuse behind big-time N.C.A.A. college football.",
                "first_chapter_link": "",
                "isbns": [
                    {
                        "isbn10": "0385536615",
                        "isbn13": "9780385536615"
                    },
                    {
                        "isbn10": "0385536623",
                        "isbn13": "9780385536622"
                    }
                ],
                "price": 0,
                "primary_isbn10": "0385536615",
                "primary_isbn13": "9780385536615",
                "publisher": "Doubleday",
                "rank": 7,
                "rank_last_week": 0,
                "sunday_review_link": "",
                "title": "SYSTEM",
                "weeks_on_list": 0
            },
            {
                "age_group": "",
                "amazon_product_url": "http://www.amazon.com/You-First-Inspire-Along-Stuff/dp/1118636708?tag=thenewyorktim-20",
                "article_chapter_link": "",
                "asterisk": 0,
                "author": "Liane Davey",
                "book_image": "http://du.ec2.nytimes.com.s3.amazonaws.com/prd/books/9781118636701.jpg",
                "book_review_link": "",
                "contributor": "by Liane Davey",
                "contributor_note": "",
                "dagger": 0,
                "description": "A plan for transforming your team into a happier, more productive group.",
                "first_chapter_link": "",
                "isbns": [
                    {
                        "isbn10": "1118636708",
                        "isbn13": "9781118636701"
                    }
                ],
                "price": 0,
                "primary_isbn10": "1118636708",
                "primary_isbn13": "9781118636701",
                "publisher": "Wiley",
                "rank": 8,
                "rank_last_week": 0,
                "sunday_review_link": "",
                "title": "YOU FIRST",
                "weeks_on_list": 0
            },
            {
                "age_group": "",
                "amazon_product_url": "http://www.amazon.com/The-Value-Debt-Balance-Maximize/dp/1118758617?tag=thenewyorktim-20",
                "article_chapter_link": "",
                "asterisk": 0,
                "author": "Thomas J Anderson",
                "book_image": "http://du.ec2.nytimes.com.s3.amazonaws.com/prd/books/9781118758618.jpg",
                "book_review_link": "",
                "contributor": "by Thomas J. Anderson",
                "contributor_note": "",
                "dagger": 0,
                "description": "An argument that debt can provide long-term benefits in the management of individual and family wealth.",
                "first_chapter_link": "",
                "isbns": [
                    {
                        "isbn10": "1118758617",
                        "isbn13": "9781118758618"
                    }
                ],
                "price": 0,
                "primary_isbn10": "1118758617",
                "primary_isbn13": "9781118758618",
                "publisher": "Wiley",
                "rank": 9,
                "rank_last_week": 0,
                "sunday_review_link": "",
                "title": "VALUE OF DEBT",
                "weeks_on_list": 0
            },
            {
                "age_group": "",
                "amazon_product_url": "http://www.amazon.com/The-Power-Habit-What-Business/dp/081298160X?tag=thenewyorktim-20",
                "article_chapter_link": "",
                "asterisk": 0,
                "author": "Charles Duhigg",
                "book_image": "http://du.ec2.nytimes.com.s3.amazonaws.com/prd/books/9780812981605.jpg",
                "book_review_link": "",
                "contributor": "by Charles Duhigg",
                "contributor_note": "",
                "dagger": 0,
                "description": "A Times reporter\u2019s account of the science behind how we form, and break, habits.",
                "first_chapter_link": "",
                "isbns": [
                    {
                        "isbn10": "1400069289",
                        "isbn13": "9781400069286"
                    },
                    {
                        "isbn10": "0679603859",
                        "isbn13": "9780679603856"
                    },
                    {
                        "isbn10": "030796664X",
                        "isbn13": "9780307966643"
                    },
                    {
                        "isbn10": "1847946240",
                        "isbn13": "9781847946249"
                    },
                    {
                        "isbn10": "081298160X",
                        "isbn13": "9780812981605"
                    }
                ],
                "price": 0,
                "primary_isbn10": "1400069289",
                "primary_isbn13": "9781400069286",
                "publisher": "Random House",
                "rank": 10,
                "rank_last_week": 0,
                "sunday_review_link": "",
                "title": "THE POWER OF HABIT",
                "weeks_on_list": 0
            },
            {
                "age_group": "",
                "amazon_product_url": "http://www.amazon.com/Strengths-Based-Leadership-Leaders-People/dp/1595620257?tag=thenewyorktim-20",
                "article_chapter_link": "",
                "asterisk": 0,
                "author": "Tom Rath and Barry Conchie",
                "book_image": "http://du.ec2.nytimes.com.s3.amazonaws.com/prd/books/9781595620255.jpg",
                "book_review_link": "",
                "contributor": "by Tom Rath and Barry Conchie",
                "contributor_note": "",
                "dagger": 1,
                "description": "Three keys to being a more effective leader.",
                "first_chapter_link": "",
                "isbns": [
                    {
                        "isbn10": "1595620257",
                        "isbn13": "9781595620255"
                    }
                ],
                "price": 0,
                "primary_isbn10": "1595620257",
                "primary_isbn13": "9781595620255",
                "publisher": "Gallup",
                "rank": 11,
                "rank_last_week": 0,
                "sunday_review_link": "",
                "title": "STRENGTHS-BASED LEADERSHIP",
                "weeks_on_list": 0
            },
            {
                "age_group": "",
                "amazon_product_url": "http://www.amazon.com/The-Total-Money-Makeover-Financial/dp/0785289089?tag=thenewyorktim-20",
                "article_chapter_link": "",
                "asterisk": 0,
                "author": "Dave Ramsey",
                "book_image": "http://du.ec2.nytimes.com.s3.amazonaws.com/prd/books/9781595550781.jpg",
                "book_review_link": "",
                "contributor": "by Dave Ramsey",
                "contributor_note": "",
                "dagger": 1,
                "description": "Debt reduction and fiscal fitness for families, by the radio talk-show host.",
                "first_chapter_link": "",
                "isbns": [
                    {
                        "isbn10": "159555078X",
                        "isbn13": "9781595550781"
                    },
                    {
                        "isbn10": "0785289089",
                        "isbn13": "9780785289081"
                    },
                    {
                        "isbn10": "0785263276",
                        "isbn13": "9780785263272"
                    },
                    {
                        "isbn10": "0785263268",
                        "isbn13": "9780785263265"
                    },
                    {
                        "isbn10": "1595555277",
                        "isbn13": "9781595555274"
                    }
                ],
                "price": 0,
                "primary_isbn10": "159555078X",
                "primary_isbn13": "9781595550781",
                "publisher": "Thomas Nelson",
                "rank": 12,
                "rank_last_week": 0,
                "sunday_review_link": "",
                "title": "TOTAL MONEY MAKEOVER",
                "weeks_on_list": 0
            },
            {
                "age_group": "",
                "amazon_product_url": "http://www.amazon.com/Winning-Within-Breakthrough-Leading-Lasting/dp/0062213024?tag=thenewyorktim-20",
                "article_chapter_link": "",
                "asterisk": 0,
                "author": "Erica Ariel Fox",
                "book_image": "http://du.ec2.nytimes.com.s3.amazonaws.com/prd/books/9780062213020.jpg",
                "book_review_link": "",
                "contributor": "by Erica Ariel Fox",
                "contributor_note": "",
                "dagger": 0,
                "description": "How you get in your own way and what to do about it.",
                "first_chapter_link": "",
                "isbns": [
                    {
                        "isbn10": "0062213024",
                        "isbn13": "9780062213020"
                    }
                ],
                "price": 0,
                "primary_isbn10": "0062213024",
                "primary_isbn13": "9780062213020",
                "publisher": "HarperBusiness",
                "rank": 13,
                "rank_last_week": 0,
                "sunday_review_link": "",
                "title": "WINNING FROM WITHIN",
                "weeks_on_list": 0
            },
            {
                "age_group": "",
                "amazon_product_url": "http://www.amazon.com/The-Lean-Startup-Entrepreneurs-Continuous/dp/0307887898?tag=thenewyorktim-20",
                "article_chapter_link": "",
                "asterisk": 0,
                "author": "Eric Ries",
                "book_image": "http://du.ec2.nytimes.com.s3.amazonaws.com/prd/books/9780307887894.jpg",
                "book_review_link": "",
                "contributor": "by Eric Ries",
                "contributor_note": "",
                "dagger": 1,
                "description": "An approach to creating start-up companies inspired by lean manufacturing methods.",
                "first_chapter_link": "",
                "isbns": [
                    {
                        "isbn10": "0307887898",
                        "isbn13": "9780307887894"
                    }
                ],
                "price": 0,
                "primary_isbn10": "0307887898",
                "primary_isbn13": "9780307887894",
                "publisher": "Crown Business",
                "rank": 14,
                "rank_last_week": 0,
                "sunday_review_link": "",
                "title": "LEAN STARTUP",
                "weeks_on_list": 0
            },
            {
                "age_group": "",
                "amazon_product_url": "http://www.amazon.com/Georgia-Cooking-Oklahoma-Kitchen-Recipes/dp/0307381374?tag=thenewyorktim-20",
                "article_chapter_link": "",
                "asterisk": 0,
                "author": "Timothy Ferriss",
                "book_image": "http://du.ec2.nytimes.com.s3.amazonaws.com/prd/books/9780307465351.jpg",
                "book_review_link": "",
                "contributor": "by Timothy Ferriss",
                "contributor_note": "",
                "dagger": 1,
                "description": "Reconstructing your life so that it isn't all about work.",
                "first_chapter_link": "",
                "isbns": [
                    {
                        "isbn10": "0307465357",
                        "isbn13": "9780307465351"
                    },
                    {
                        "isbn10": "0307353133",
                        "isbn13": "9780307353139"
                    },
                    {
                        "isbn10": "0786158964",
                        "isbn13": "9780786158966"
                    }
                ],
                "price": 0,
                "primary_isbn10": "0307465357",
                "primary_isbn13": "9780307465351",
                "publisher": "Crown",
                "rank": 15,
                "rank_last_week": 0,
                "sunday_review_link": "",
                "title": "4-HOUR WORKWEEK",
                "weeks_on_list": 0
            }
        ],
        "corrections": [],
        "display_name": "Hardcover Business Books",
        "list_name": "Hardcover Business Books",
        "normal_list_ends_at": 15,
        "published_date": "2013-10-13",
        "updated": "MONTHLY"
    },
    "status": "OK"
}