{
    "copyright": "Copyright (c) 2014 The New York Times Company.  All Rights Reserved.",
    "last_modified": "2014-12-08T17:00:46-05:00",
    "num_results": 20,
    "results": {
        "bestsellers_date": "2014-11-29",
        "books": [
            {
                "age_group": "",
                "amazon_product_url": "http://www.amazon.com/Hope-Alex-Cross-James-Patterson/dp/031621096X?tag=thenewyorktim-20",
                "article_chapter_link": "",
                "asterisk": 0,
                "author": "James Patterson",
                "book_image": "http://du.ec2.nytimes.com.s3.amazonaws.com/prd/books/9780316210942.jpeg",
                "book_review_link": "",
                "contributor": "by  James Patterson",
                "contributor_note": "",
                "dagger": 0,
                "description": "Detective Alex Cross\u2019s family is kidnapped by a madman who wants to turn Cross into a perfect killer.",
                "first_chapter_link": "",
                "isbns": [
                    {
                        "isbn10": "031621096X",
                        "isbn13": "9780316210966"
                    }
                ],
                "price": 0,
                "primary_isbn10": "031621096X",
                "primary_isbn13": "9780316210966",
                "publisher": "Little, Brown",
                "rank": 1,
                "rank_last_week": 0,
                "sunday_review_link": "",
                "title": "HOPE TO DIE",
                "weeks_on_list": 1
            },
            {
                "age_group": "",
                "amazon_product_url": "http://www.amazon.com/The-Escape-John-Puller-Book-ebook/dp/B00IRISI42?tag=thenewyorktim-20",
                "article_chapter_link": "",
                "asterisk": 0,
                "author": "David Baldacci",
                "book_image": "http://du.ec2.nytimes.com.s3.amazonaws.com/prd/books/9781455521197.jpeg",
                "book_review_link": "",
                "contributor": "by David Baldacci",
                "contributor_note": "",
                "dagger": 0,
                "description": "John Puller, a special agent with the Army, hunts for his brother, who was convicted of treason and has escaped from prison.",
                "first_chapter_link": "",
                "isbns": [
                    {
                        "isbn10": "1455521191",
                        "isbn13": "9781455521197"
                    },
                    {
                        "isbn10": "1455521272",
                        "isbn13": "9781455521272"
                    },
                    {
                        "isbn10": "1455530174",
                        "isbn13": "9781455530175"
                    }
                ],
                "price": 0,
                "primary_isbn10": "1455521191",
                "primary_isbn13": "9781455521197",
                "publisher": "Grand Central",
                "rank": 2,
                "rank_last_week": 1,
                "sunday_review_link": "",
                "title": "THE ESCAPE",
                "weeks_on_list": 2
            },
            {
                "age_group": "",
                "amazon_product_url": "http://www.amazon.com/Gray-Mountain-Novel-John-Grisham/dp/038553714X?tag=thenewyorktim-20",
                "article_chapter_link": "",
                "asterisk": 0,
                "author": "John Grisham",
                "book_image": "http://du.ec2.nytimes.com.s3.amazonaws.com/prd/books/9780385537148.jpeg",
                "book_review_link": "",
                "contributor": "by John Grisham",
                "contributor_note": "",
                "dagger": 0,
                "description": "A downsized Wall Street lawyer joins a legal clinic in a small Virginia town.",
                "first_chapter_link": "",
                "isbns": [
                    {
                        "isbn10": "038553714X",
                        "isbn13": "9780385537148"
                    },
                    {
                        "isbn10": "0385539169",
                        "isbn13": "9780385539166"
                    },
                    {
                        "isbn10": "0385539177",
                        "isbn13": "9780385539173"
                    }
                ],
                "price": 0,
                "primary_isbn10": "038553714X",
                "primary_isbn13": "9780385537148",
                "publisher": "Doubleday",
                "rank": 3,
                "rank_last_week": 3,
                "sunday_review_link": "",
                "title": "GRAY MOUNTAIN",
                "weeks_on_list": 6
            },
            {
                "age_group": "",
                "amazon_product_url": "http://www.amazon.com/Revival-A-Novel-Stephen-King-ebook/dp/B00ILHW6AG?tag=thenewyorktim-20",
                "article_chapter_link": "",
                "asterisk": 0,
                "author": "Stephen King",
                "book_image": "http://du.ec2.nytimes.com.s3.amazonaws.com/prd/books/9781476770406.jpeg",
                "book_review_link": "",
                "contributor": "by Stephen King",
                "contributor_note": "",
                "dagger": 0,
                "description": "The continuing relationship, over five decades, between a disgraced clergyman and a drug-addicted musician.",
                "first_chapter_link": "",
                "isbns": [
                    {
                        "isbn10": "1476770387",
                        "isbn13": "9781476770383"
                    },
                    {
                        "isbn10": "1476770409",
                        "isbn13": "9781476770406"
                    }
                ],
                "price": 0,
                "primary_isbn10": "1476770387",
                "primary_isbn13": "9781476770383",
                "publisher": "Scribner",
                "rank": 4,
                "rank_last_week": 2,
                "sunday_review_link": "",
                "title": "REVIVAL",
                "weeks_on_list": 3
            },
            {
                "age_group": "",
                "amazon_product_url": "http://www.amazon.com/Burning-Room-Harry-Bosch-Novel/dp/0316225932?tag=thenewyorktim-20",
                "article_chapter_link": "",
                "asterisk": 0,
                "author": "Michael Connelly",
                "book_image": "http://du.ec2.nytimes.com.s3.amazonaws.com/prd/books/9780316225939.jpeg",
                "book_review_link": "",
                "contributor": "by Michael Connelly",
                "contributor_note": "",
                "dagger": 0,
                "description": "The Los Angeles detective Harry Bosch and his new partner investigate two long-unsolved cases.",
                "first_chapter_link": "",
                "isbns": [
                    {
                        "isbn10": "0316225932",
                        "isbn13": "9780316225939"
                    },
                    {
                        "isbn10": "0316297070",
                        "isbn13": "9780316297073"
                    },
                    {
                        "isbn10": "0316225924",
                        "isbn13": "9780316225922"
                    },
                    {
                        "isbn10": "0316410705",
                        "isbn13": "9780316410700"
                    }
                ],
                "price": 0,
                "primary_isbn10": "0316225932",
                "primary_isbn13": "9780316225939",
                "publisher": "Little, Brown",
                "rank": 5,
                "rank_last_week": 5,
                "sunday_review_link": "",
                "title": "THE BURNING ROOM",
                "weeks_on_list": 4
            },
            {
                "age_group": "",
                "amazon_product_url": "http://www.amazon.com/All-Light-We-Cannot-See-ebook/dp/B00DPM7TIG?tag=thenewyorktim-20",
                "article_chapter_link": "",
                "asterisk": 0,
                "author": "Anthony Doerr",
                "book_image": "http://du.ec2.nytimes.com.s3.amazonaws.com/prd/books/9781476746609.jpg",
                "book_review_link": "",
                "contributor": "by Anthony Doerr",
                "contributor_note": "",
                "dagger": 0,
                "description": "The lives of a blind French girl and a gadget-obsessed German boy before and during World War II.\u00a0",
                "first_chapter_link": "",
                "isbns": [
                    {
                        "isbn10": "1476746583",
                        "isbn13": "9781476746586"
                    },
                    {
                        "isbn10": "1410470229",
                        "isbn13": "9781410470225"
                    }
                ],
                "price": 0,
                "primary_isbn10": "1476746583",
                "primary_isbn13": "9781476746586",
                "publisher": "Scribner",
                "rank": 6,
                "rank_last_week": 8,
                "sunday_review_link": "",
                "title": "ALL THE LIGHT WE CANNOT SEE",
                "weeks_on_list": 30
            },
            {
                "age_group": "",
                "amazon_product_url": "http://www.amazon.com/Prince-Lestat-The-Vampire-Chronicles/dp/0307962520?tag=thenewyorktim-20",
                "article_chapter_link": "",
                "asterisk": 0,
                "author": "Anne Rice",
                "book_image": "http://du.ec2.nytimes.com.s3.amazonaws.com/prd/books/9780307962539.jpeg",
                "book_review_link": "",
                "contributor": "by Anne Rice",
                "contributor_note": "",
                "dagger": 0,
                "description": "The Vampire Chronicles continue after a long hiatus.",
                "first_chapter_link": "",
                "isbns": [
                    {
                        "isbn10": "0307962520",
                        "isbn13": "9780307962522"
                    }
                ],
                "price": 0,
                "primary_isbn10": "0307962520",
                "primary_isbn13": "9780307962522",
                "publisher": "Knopf",
                "rank": 7,
                "rank_last_week": 10,
                "sunday_review_link": "",
                "title": "PRINCE LESTAT",
                "weeks_on_list": 5
            },
            {
                "age_group": "",
                "amazon_product_url": "http://www.amazon.com/Leaving-Time-Novel-Jodi-Picoult-ebook/dp/B00HXYKYIE?tag=thenewyorktim-20",
                "article_chapter_link": "",
                "asterisk": 0,
                "author": "Jodi Picoult",
                "book_image": "http://du.ec2.nytimes.com.s3.amazonaws.com/prd/books/9780345544933.jpeg",
                "book_review_link": "",
                "contributor": "by Jodi Picoult",
                "contributor_note": "",
                "dagger": 0,
                "description": "After searching for her mother, who has disappeared, for more than 10 years, a woman employs a psychic and a detective.",
                "first_chapter_link": "",
                "isbns": [
                    {
                        "isbn10": "0345544927",
                        "isbn13": "9780345544926"
                    },
                    {
                        "isbn10": "0345544935",
                        "isbn13": "9780345544933"
                    }
                ],
                "price": 0,
                "primary_isbn10": "0345544927",
                "primary_isbn13": "9780345544926",
                "publisher": "Ballantine",
                "rank": 8,
                "rank_last_week": 11,
                "sunday_review_link": "",
                "title": "LEAVING TIME",
                "weeks_on_list": 7
            },
            {
                "age_group": "",
                "amazon_product_url": "http://www.amazon.com/Flesh-Blood-Scarpetta-Novel-Novels-ebook/dp/B00ICN2Z78?tag=thenewyorktim-20",
                "article_chapter_link": "",
                "asterisk": 1,
                "author": "Patricia Cornwell",
                "book_image": "http://du.ec2.nytimes.com.s3.amazonaws.com/prd/books/9780062325365.jpeg",
                "book_review_link": "",
                "contributor": "by Patricia Cornwell",
                "contributor_note": "",
                "dagger": 0,
                "description": "Dr. Kay Scarpetta pursues a sniper who may be a vigilante; the 22nd Scarpetta novel.",
                "first_chapter_link": "",
                "isbns": [
                    {
                        "isbn10": "0062325345",
                        "isbn13": "9780062325341"
                    }
                ],
                "price": 0,
                "primary_isbn10": "0062325345",
                "primary_isbn13": "9780062325341",
                "publisher": "Morrow/HarperCollins",
                "rank": 9,
                "rank_last_week": 7,
                "sunday_review_link": "",
                "title": "FLESH AND BLOOD",
                "weeks_on_list": 3
            },
            {
                "age_group": "",
                "amazon_product_url": "http://www.amazon.com/Labyrinth-Agent-Pendergast-Douglas-Preston-ebook/dp/B00IRISI74?tag=thenewyorktim-20",
                "article_chapter_link": "",
                "asterisk": 0,
                "author": "Douglas Preston and Lincoln Child",
                "book_image": "http://du.ec2.nytimes.com.s3.amazonaws.com/prd/books/9781455525898.jpeg",
                "book_review_link": "",
                "contributor": "by Douglas Preston and Lincoln Child",
                "contributor_note": "",
                "dagger": 0,
                "description": "Special Agent Aloysius Pendergast is stalked by a killer bent on vengeance.",
                "first_chapter_link": "",
                "isbns": [
                    {
                        "isbn10": "1455525898",
                        "isbn13": "9781455525898"
                    },
                    {
                        "isbn10": "1455559458",
                        "isbn13": "9781455559459"
                    },
                    {
                        "isbn10": "1455525901",
                        "isbn13": "9781455525904"
                    },
                    {
                        "isbn10": "1455530182",
                        "isbn13": "9781455530182"
                    }
                ],
                "price": 0,
                "primary_isbn10": "1455525898",
                "primary_isbn13": "9781455525898",
                "publisher": "Grand Central",
                "rank": 10,
                "rank_last_week": 13,
                "sunday_review_link": "",
                "title": "BLUE LABYRINTH",
                "weeks_on_list": 3
            },
            {
                "age_group": "",
                "amazon_product_url": "http://www.amazon.com/The-Cinderella-Murder-Under-Suspicion/dp/1476763127?tag=thenewyorktim-20",
                "article_chapter_link": "",
                "asterisk": 0,
                "author": "Mary Higgins Clark and Alafair Burke",
                "book_image": "http://du.ec2.nytimes.com.s3.amazonaws.com/prd/books/9781476763125.jpeg",
                "book_review_link": "",
                "contributor": "by Mary Higgins Clark and Alafair Burke",
                "contributor_note": "",
                "dagger": 0,
                "description": "A  TV producer plans a show about a cold case \u2014 the murder of a U.C.L.A. student who was found with one shoe missing.",
                "first_chapter_link": "",
                "isbns": [
                    {
                        "isbn10": "1476763127",
                        "isbn13": "9781476763125"
                    },
                    {
                        "isbn10": "1476763704",
                        "isbn13": "9781476763705"
                    }
                ],
                "price": 0,
                "primary_isbn10": "1476763127",
                "primary_isbn13": "9781476763125",
                "publisher": "Simon & Schuster",
                "rank": 11,
                "rank_last_week": 6,
                "sunday_review_link": "",
                "title": "THE CINDERELLA MURDER",
                "weeks_on_list": 2
            },
            {
                "age_group": "",
                "amazon_product_url": "http://www.amazon.com/Betrayed-Rosato-Associates-Novel-DiNunzio/dp/1250027705?tag=thenewyorktim-20",
                "article_chapter_link": "",
                "asterisk": 0,
                "author": "Lisa Scottoline",
                "book_image": "http://du.ec2.nytimes.com.s3.amazonaws.com/prd/books/9781250027702.jpeg",
                "book_review_link": "",
                "contributor": "by Lisa Scottoline",
                "contributor_note": "",
                "dagger": 0,
                "description": "Judy Carrier, a lawyer at Rosato & Associates, investigates the death of her aunt\u2019s housekeeper while dealing with her own emotional upheavals.",
                "first_chapter_link": "",
                "isbns": [
                    {
                        "isbn10": "1250027705",
                        "isbn13": "9781250027702"
                    },
                    {
                        "isbn10": "1250027683",
                        "isbn13": "9781250027689"
                    }
                ],
                "price": 0,
                "primary_isbn10": "1250027705",
                "primary_isbn13": "9781250027702",
                "publisher": "St. Martin's",
                "rank": 12,
                "rank_last_week": 0,
                "sunday_review_link": "",
                "title": "BETRAYED",
                "weeks_on_list": 1
            },
            {
                "age_group": "",
                "amazon_product_url": "http://www.amazon.com/Edge-Eternity-Three-Century-Trilogy/dp/0525953094?tag=thenewyorktim-20",
                "article_chapter_link": "",
                "asterisk": 0,
                "author": "Ken Follett",
                "book_image": "http://du.ec2.nytimes.com.s3.amazonaws.com/prd/books/9780525953098.jpeg",
                "book_review_link": "",
                "contributor": "by Ken Follett",
                "contributor_note": "",
                "dagger": 0,
                "description": "Five interrelated families grapple with the events of the 1960s through the 1980s; Book 3 of the Century Trilogy.\u00a0",
                "first_chapter_link": "",
                "isbns": [
                    {
                        "isbn10": "0525953094",
                        "isbn13": "9780525953098"
                    },
                    {
                        "isbn10": "0698160576",
                        "isbn13": "9780698160576"
                    }
                ],
                "price": 0,
                "primary_isbn10": "0525953094",
                "primary_isbn13": "9780525953098",
                "publisher": "Dutton",
                "rank": 13,
                "rank_last_week": 12,
                "sunday_review_link": "",
                "title": "EDGE OF ETERNITY",
                "weeks_on_list": 11
            },
            {
                "age_group": "",
                "amazon_product_url": "http://www.amazon.com/Mistletoe-Promise-Richard-Paul-Evans/dp/1476728208?tag=thenewyorktim-20",
                "article_chapter_link": "",
                "asterisk": 0,
                "author": "Richard Paul Evans",
                "book_image": "http://du.ec2.nytimes.com.s3.amazonaws.com/prd/books/9781476728230.jpg",
                "book_review_link": "",
                "contributor": "by Richard Paul Evans",
                "contributor_note": "",
                "dagger": 0,
                "description": "A divorced woman enters into a contract with a strange man to pretend to be a couple until Christmas.",
                "first_chapter_link": "",
                "isbns": [
                    {
                        "isbn10": "1476728208",
                        "isbn13": "9781476728209"
                    }
                ],
                "price": 0,
                "primary_isbn10": "1476728208",
                "primary_isbn13": "9781476728209",
                "publisher": "Simon & Schuster",
                "rank": 14,
                "rank_last_week": 4,
                "sunday_review_link": "",
                "title": "THE MISTLETOE PROMISE",
                "weeks_on_list": 2
            },
            {
                "age_group": "",
                "amazon_product_url": "http://www.amazon.com/The-Goldfinch-Novel-Pulitzer-Fiction-ebook/dp/B00BAXFECK?tag=thenewyorktim-20",
                "article_chapter_link": "",
                "asterisk": 0,
                "author": "Donna Tartt",
                "book_image": "http://du.ec2.nytimes.com.s3.amazonaws.com/prd/books/9780316248679.jpg",
                "book_review_link": "",
                "contributor": "by Donna Tartt",
                "contributor_note": "",
                "dagger": 0,
                "description": "\u00a0A painting becomes a boy\u2019s prize, guilt and burden.",
                "first_chapter_link": "",
                "isbns": [
                    {
                        "isbn10": "0316055433",
                        "isbn13": "9780316055437"
                    },
                    {
                        "isbn10": "0316239879",
                        "isbn13": "9780316239875"
                    },
                    {
                        "isbn10": "0316055441",
                        "isbn13": "9780316055444"
                    },
                    {
                        "isbn10": "0349139636",
                        "isbn13": "9780349139630"
                    }
                ],
                "price": 0,
                "primary_isbn10": "0316055433",
                "primary_isbn13": "9780316055437",
                "publisher": "Little, Brown",
                "rank": 15,
                "rank_last_week": 0,
                "sunday_review_link": "",
                "title": "THE GOLDFINCH",
                "weeks_on_list": 53
            },
            {
                "age_group": "",
                "amazon_product_url": "http://www.amazon.com/The-Job-Fox-OHare-Novel/dp/0345543122?tag=thenewyorktim-20",
                "article_chapter_link": "",
                "asterisk": 1,
                "author": "Janet Evanovich and Lee Goldberg",
                "book_image": "http://du.ec2.nytimes.com.s3.amazonaws.com/prd/books/9780345543141.jpeg",
                "book_review_link": "",
                "contributor": "by Janet Evanovich and Lee Goldberg",
                "contributor_note": "",
                "dagger": 0,
                "description": "The F.B.I. special agent Kate O\u2019Hare works with Nicolas Fox, a handsome con man, to pursue a drug kingpin.",
                "first_chapter_link": "",
                "isbns": [
                    {
                        "isbn10": "0345543122",
                        "isbn13": "9780345543127"
                    }
                ],
                "price": 0,
                "primary_isbn10": "0345543122",
                "primary_isbn13": "9780345543127",
                "publisher": "Bantam",
                "rank": 16,
                "rank_last_week": 9,
                "sunday_review_link": "",
                "title": "THE JOB",
                "weeks_on_list": 2
            },
            {
                "age_group": "",
                "amazon_product_url": "http://www.amazon.com/Havana-Storm-Dirk-Pitt-Adventure/dp/0399172920?tag=thenewyorktim-20",
                "article_chapter_link": "",
                "asterisk": 0,
                "author": "Clive Cussler and Dirk Cussler",
                "book_image": "http://du.ec2.nytimes.com.s3.amazonaws.com/prd/books/9780698183605.jpeg",
                "book_review_link": "",
                "contributor": "by Clive Cussler and Dirk Cussler",
                "contributor_note": "",
                "dagger": 0,
                "description": "Dirk Pitt becomes involved in a post-Castro power struggle in Cuba.",
                "first_chapter_link": "",
                "isbns": [
                    {
                        "isbn10": "0399172920",
                        "isbn13": "9780399172922"
                    },
                    {
                        "isbn10": "1410473872",
                        "isbn13": "9781410473875"
                    }
                ],
                "price": 0,
                "primary_isbn10": "0399172920",
                "primary_isbn13": "9780399172922",
                "publisher": "Putnam",
                "rank": 17,
                "rank_last_week": 0,
                "sunday_review_link": "",
                "title": "HAVANA STORM",
                "weeks_on_list": 0
            },
            {
                "age_group": "",
                "amazon_product_url": "http://www.amazon.com/Somewhere-Safe-Somebody-Good-Mitford/dp/0399167447?tag=thenewyorktim-20",
                "article_chapter_link": "",
                "asterisk": 0,
                "author": "Jan Karon",
                "book_image": "http://du.ec2.nytimes.com.s3.amazonaws.com/prd/books/9780399167447.jpeg",
                "book_review_link": "",
                "contributor": "by Jan Karon",
                "contributor_note": "",
                "dagger": 0,
                "description": "The Mitford character Father Tim finds friends and family wrestling with difficulties.\u00a0",
                "first_chapter_link": "",
                "isbns": [
                    {
                        "isbn10": "0399167447",
                        "isbn13": "9780399167447"
                    },
                    {
                        "isbn10": "0698141407",
                        "isbn13": "9780698141407"
                    }
                ],
                "price": 0,
                "primary_isbn10": "0399167447",
                "primary_isbn13": "9780399167447",
                "publisher": "Putnam",
                "rank": 18,
                "rank_last_week": 0,
                "sunday_review_link": "",
                "title": "SOMEWHERE SAFE WITH SOMEBODY GOOD",
                "weeks_on_list": 0
            },
            {
                "age_group": "",
                "amazon_product_url": "http://www.amazon.com/Redeployment-Phil-Klay/dp/1594204993?tag=thenewyorktim-20",
                "article_chapter_link": "",
                "asterisk": 0,
                "author": "Phil Klay",
                "book_image": "http://du.ec2.nytimes.com.s3.amazonaws.com/prd/books/9781594204999.jpg",
                "book_review_link": "",
                "contributor": "by Phil Klay",
                "contributor_note": "",
                "dagger": 0,
                "description": "Twelve stories by a former Marine who served in Iraq.",
                "first_chapter_link": "",
                "isbns": [
                    {
                        "isbn10": "1594204993",
                        "isbn13": "9781594204999"
                    }
                ],
                "price": 0,
                "primary_isbn10": "1594204993",
                "primary_isbn13": "9781594204999",
                "publisher": "Penguin Press",
                "rank": 19,
                "rank_last_week": 0,
                "sunday_review_link": "",
                "title": "REDEPLOYMENT",
                "weeks_on_list": 0
            },
            {
                "age_group": "",
                "amazon_product_url": "http://www.amazon.com/Regard-Silent-Things-Kingkiller-Chonicles-ebook/dp/B00J9SUF2W?tag=thenewyorktim-20",
                "article_chapter_link": "",
                "asterisk": 0,
                "author": "Patrick Rothfuss",
                "book_image": "http://du.ec2.nytimes.com.s3.amazonaws.com/prd/books/9780698184947.jpeg",
                "book_review_link": "",
                "contributor": "by Patrick Rothfuss",
                "contributor_note": "",
                "dagger": 0,
                "description": "An exploration of the world of Auri, a character in the Kingkiller Chronicles.",
                "first_chapter_link": "",
                "isbns": [
                    {
                        "isbn10": "0756410436",
                        "isbn13": "9780756410438"
                    }
                ],
                "price": 0,
                "primary_isbn10": "0756410436",
                "primary_isbn13": "9780756410438",
                "publisher": "DAW",
                "rank": 20,
                "rank_last_week": 0,
                "sunday_review_link": "",
                "title": "THE SLOW REGARD OF SILENT THINGS",
                "weeks_on_list": 0
            }
        ],
        "corrections": [],
        "display_name": "Hardcover Fiction",
        "list_name": "Hardcover Fiction",
        "normal_list_ends_at": 16,
        "published_date": "2014-12-14",
        "updated": "WEEKLY"
    },
    "status": "OK"
}