{
    "copyright": "Copyright (c) 2014 The New York Times Company.  All Rights Reserved.",
    "last_modified": "2014-12-08T17:00:51-05:00",
    "num_results": 10,
    "results": {
        "bestsellers_date": "2014-11-29",
        "books": [
            {
                "age_group": "",
                "amazon_product_url": "http://www.amazon.com/Saga-Deluxe-Edition-Volume-HC/dp/1632150786?tag=thenewyorktim-20",
                "article_chapter_link": "",
                "asterisk": 0,
                "author": "Brian K Vaughan and Fiona Staples",
                "book_image": "http://du.ec2.nytimes.com.s3.amazonaws.com/prd/books/9781632150783.jpeg",
                "book_review_link": "",
                "contributor": "by Brian K. Vaughan and Fiona Staples",
                "contributor_note": "",
                "dagger": 0,
                "description": "The first 18 issues of the sci\u2013fi adventure series \u2014 where a newlywed couple and their newborn try to outrun bounty hunters and a mad robot prince \u2014 are collected here.",
                "first_chapter_link": "",
                "isbns": [
                    {
                        "isbn10": "1632150786",
                        "isbn13": "9781632150783"
                    }
                ],
                "price": 0,
                "primary_isbn10": "1632150786",
                "primary_isbn13": "9781632150783",
                "publisher": "Image Comics",
                "rank": 1,
                "rank_last_week": 0,
                "sunday_review_link": "",
                "title": "SAGA: DELUXE EDITION, VOL. 1",
                "weeks_on_list": 1
            },
            {
                "age_group": "",
                "amazon_product_url": "http://www.amazon.com/Serenity-Leaves-Wind-Zack-Whedon/dp/1616554894?tag=thenewyorktim-20",
                "article_chapter_link": "",
                "asterisk": 0,
                "author": "Zack Whedon and Georges Jeanty",
                "book_image": "http://du.ec2.nytimes.com.s3.amazonaws.com/prd/books/9781616554897.jpeg",
                "book_review_link": "",
                "contributor": "by Zack Whedon and Georges Jeanty",
                "contributor_note": "",
                "dagger": 0,
                "description": "The space outlaw Mal Reynolds and his crew once again \u201caim to misbehave\u201d by accepting a mission that will bring them into conflict with the Alliance.",
                "first_chapter_link": "",
                "isbns": [
                    {
                        "isbn10": "1616554894",
                        "isbn13": "9781616554897"
                    }
                ],
                "price": 0,
                "primary_isbn10": "1616554894",
                "primary_isbn13": "9781616554897",
                "publisher": "Dark Horse",
                "rank": 2,
                "rank_last_week": 0,
                "sunday_review_link": "",
                "title": "SERENITY: LEAVES ON THE WIND",
                "weeks_on_list": 2
            },
            {
                "age_group": "",
                "amazon_product_url": "http://www.amazon.com/Cant-Talk-about-Something-Pleasant/dp/1608198065?tag=thenewyorktim-20",
                "article_chapter_link": "",
                "asterisk": 0,
                "author": "Roz Chast",
                "book_image": "http://du.ec2.nytimes.com.s3.amazonaws.com/prd/books/9781608198061.jpg",
                "book_review_link": "",
                "contributor": "by Roz Chast",
                "contributor_note": "",
                "dagger": 0,
                "description": "In this memoir, the cartoonist examines her parents from their early days as mother and father to their later years facing old age and poor health.",
                "first_chapter_link": "",
                "isbns": [
                    {
                        "isbn10": "1608198065",
                        "isbn13": "9781608198061"
                    }
                ],
                "price": 0,
                "primary_isbn10": "1608198065",
                "primary_isbn13": "9781608198061",
                "publisher": "Bloomsbury",
                "rank": 3,
                "rank_last_week": 0,
                "sunday_review_link": "",
                "title": "CAN'T WE TALK ABOUT SOMETHING MORE PLEASANT?",
                "weeks_on_list": 30
            },
            {
                "age_group": "",
                "amazon_product_url": "http://www.amazon.com/Jim-Butchers-Dresden-Files-War/dp/1606905740?tag=thenewyorktim-20",
                "article_chapter_link": "",
                "asterisk": 0,
                "author": "Jim Butcher, Mark Powers and Carlos Gomez",
                "book_image": "http://du.ec2.nytimes.com.s3.amazonaws.com/prd/books/9781606905746.jpeg",
                "book_review_link": "",
                "contributor": "by Jim Butcher, Mark Powers and Carlos Gomez",
                "contributor_note": "",
                "dagger": 0,
                "description": "Fantasy and hard\u2013boiled fiction collides in this series, which follows Harry Dresden, a wizard/private\u2013eye operating in modern\u2013day Chicago.",
                "first_chapter_link": "",
                "isbns": [
                    {
                        "isbn10": "1606905740",
                        "isbn13": "9781606905746"
                    }
                ],
                "price": 0,
                "primary_isbn10": "1606905740",
                "primary_isbn13": "9781606905746",
                "publisher": "Dynamite Entertainment",
                "rank": 4,
                "rank_last_week": 0,
                "sunday_review_link": "",
                "title": "JIM BUTCHER'S DRESDEN FILES: WAR CRY",
                "weeks_on_list": 1
            },
            {
                "age_group": "",
                "amazon_product_url": "http://www.amazon.com/Teen-Titans-Earth-One-Vol/dp/1401245560?tag=thenewyorktim-20",
                "article_chapter_link": "",
                "asterisk": 0,
                "author": "Jeff Lemire, Terry and Rachael Dodson",
                "book_image": "http://du.ec2.nytimes.com.s3.amazonaws.com/prd/books/9781401245566.jpeg",
                "book_review_link": "",
                "contributor": "by Jeff Lemire, Terry and Rachael Dodson",
                "contributor_note": "",
                "dagger": 0,
                "description": "The origins of Cyborg, Raven, Changling, Jericho and Terra get a new spin as they join forces to battle Deathstroke.",
                "first_chapter_link": "",
                "isbns": [
                    {
                        "isbn10": "1401245560",
                        "isbn13": "9781401245566"
                    }
                ],
                "price": 0,
                "primary_isbn10": "1401245560",
                "primary_isbn13": "9781401245566",
                "publisher": "DC Comics",
                "rank": 5,
                "rank_last_week": 0,
                "sunday_review_link": "",
                "title": "TEEN TITANS: EARTH ONE, VOL. 1",
                "weeks_on_list": 1
            },
            {
                "age_group": "",
                "amazon_product_url": "http://www.amazon.com/Borgias-Manara-Library-Alejandro-Jodorowski/dp/1616555424?tag=thenewyorktim-20",
                "article_chapter_link": "",
                "asterisk": 0,
                "author": "Alejandro Jodorowski and Milo Manara",
                "book_image": "http://du.ec2.nytimes.com.s3.amazonaws.com/prd/books/9781616555429.jpeg",
                "book_review_link": "",
                "contributor": "by Alejandro Jodorowski and Milo Manara",
                "contributor_note": "",
                "dagger": 0,
                "description": "The rise of Cardinal Rodrigo Borgia and the installation of the Borgia dynasty in Italy is told here.",
                "first_chapter_link": "",
                "isbns": [
                    {
                        "isbn10": "1616555424",
                        "isbn13": "9781616555429"
                    }
                ],
                "price": 0,
                "primary_isbn10": "1616555424",
                "primary_isbn13": "9781616555429",
                "publisher": "Dark Horse",
                "rank": 6,
                "rank_last_week": 0,
                "sunday_review_link": "",
                "title": "THE BORGIAS",
                "weeks_on_list": 1
            },
            {
                "age_group": "",
                "amazon_product_url": "http://www.amazon.com/Batman-Killing-Joke-Deluxe-Edition/dp/1401216676?tag=thenewyorktim-20",
                "article_chapter_link": "",
                "asterisk": 0,
                "author": "Alan Moore and Brian Bolland",
                "book_image": "http://du.ec2.nytimes.com.s3.amazonaws.com/prd/books/9781401216672.jpg",
                "book_review_link": "",
                "contributor": "by Alan Moore and Brian Bolland",
                "contributor_note": "",
                "dagger": 0,
                "description": "This critically acclaimed story from 1988 offers a possible origin for the Joker.",
                "first_chapter_link": "",
                "isbns": [
                    {
                        "isbn10": "1401216676",
                        "isbn13": "9781401216672"
                    }
                ],
                "price": 0,
                "primary_isbn10": "1401216676",
                "primary_isbn13": "9781401216672",
                "publisher": "DC Comics",
                "rank": 7,
                "rank_last_week": 0,
                "sunday_review_link": "",
                "title": "BATMAN: THE KILLING JOKE",
                "weeks_on_list": 134
            },
            {
                "age_group": "",
                "amazon_product_url": "http://www.amazon.com/The-Walking-Dead-Book-10/dp/1632150344?tag=thenewyorktim-20",
                "article_chapter_link": "",
                "asterisk": 0,
                "author": "Robert Kirkman and Charlie Adlard",
                "book_image": "http://du.ec2.nytimes.com.s3.amazonaws.com/prd/books/9781632150349.jpeg",
                "book_review_link": "",
                "contributor": "by Robert Kirkman and Charlie Adlard",
                "contributor_note": "",
                "dagger": 0,
                "description": "No spoilers here, but in this world overrun by zombies, Rick and his pack of survivors find that their fellow humans may be the bigger menace.",
                "first_chapter_link": "",
                "isbns": [
                    {
                        "isbn10": "1632150344",
                        "isbn13": "9781632150349"
                    }
                ],
                "price": 0,
                "primary_isbn10": "1632150344",
                "primary_isbn13": "9781632150349",
                "publisher": "Image Comics",
                "rank": 8,
                "rank_last_week": 0,
                "sunday_review_link": "",
                "title": "THE WALKING DEAD, BOOK 10",
                "weeks_on_list": 7
            },
            {
                "age_group": "",
                "amazon_product_url": "http://www.amazon.com/The-Walking-Dead-Book-One/dp/1582406197?tag=thenewyorktim-20",
                "article_chapter_link": "",
                "asterisk": 0,
                "author": "Robert Kirkman, Tony Moore and Charlie Adlard",
                "book_image": "http://du.ec2.nytimes.com.s3.amazonaws.com/prd/books/9781582406190.jpg",
                "book_review_link": "",
                "contributor": "by Robert Kirkman, Tony Moore and Charlie Adlard",
                "contributor_note": "",
                "dagger": 0,
                "description": "This collected edition features the first 12 issues of the gripping series about the last human survivors in a world overrun by zombies.",
                "first_chapter_link": "",
                "isbns": [
                    {
                        "isbn10": "1582406197",
                        "isbn13": "9781582406190"
                    }
                ],
                "price": 0,
                "primary_isbn10": "1582406197",
                "primary_isbn13": "9781582406190",
                "publisher": "Image Comics",
                "rank": 9,
                "rank_last_week": 0,
                "sunday_review_link": "",
                "title": "THE WALKING DEAD, BOOK 1",
                "weeks_on_list": 114
            },
            {
                "age_group": "",
                "amazon_product_url": "http://www.amazon.com/Seconds-Graphic-Bryan-Lee-OMalley/dp/0345529375?tag=thenewyorktim-20",
                "article_chapter_link": "",
                "asterisk": 0,
                "author": "Bryan Lee O'Malley",
                "book_image": "http://du.ec2.nytimes.com.s3.amazonaws.com/prd/books/9780345529374.jpg",
                "book_review_link": "",
                "contributor": "by Bryan Lee O'Malley",
                "contributor_note": "",
                "dagger": 0,
                "description": "A restaurant chef discovers how to go back and \u201cfix\u201d previous events in her life, but each change brings unintended, and potentially dangerous, consequences.",
                "first_chapter_link": "",
                "isbns": [
                    {
                        "isbn10": "0345529375",
                        "isbn13": "9780345529374"
                    }
                ],
                "price": 0,
                "primary_isbn10": "0345529375",
                "primary_isbn13": "9780345529374",
                "publisher": "Ballantine",
                "rank": 10,
                "rank_last_week": 0,
                "sunday_review_link": "",
                "title": "SECONDS",
                "weeks_on_list": 20
            }
        ],
        "corrections": [],
        "display_name": "Hardcover Graphic Books",
        "list_name": "Hardcover Graphic Books",
        "normal_list_ends_at": 10,
        "published_date": "2014-12-14",
        "updated": "WEEKLY"
    },
    "status": "OK"
}