{
    "copyright": "Copyright (c) 2014 The New York Times Company.  All Rights Reserved.",
    "last_modified": "2014-12-10T13:12:41-05:00",
    "num_results": 10,
    "results": {
        "bestsellers_date": "2014-11-29",
        "books": [
            {
                "age_group": "",
                "amazon_product_url": "http://www.amazon.com/The-Hot-Zone-Terrifying-Origins-ebook/dp/B007DCU4IQ?tag=thenewyorktim-20",
                "article_chapter_link": "",
                "asterisk": 0,
                "author": "Richard Preston",
                "book_image": "http://du.ec2.nytimes.com.s3.amazonaws.com/prd/books/9780307817655.jpeg",
                "book_review_link": "",
                "contributor": "by Richard Preston",
                "contributor_note": "",
                "dagger": 0,
                "description": "The discovery of the Ebola virus, and the efforts to keep it from spreading; first published in 1994.",
                "first_chapter_link": "",
                "isbns": [
                    {
                        "isbn10": "0307817652",
                        "isbn13": "9780307817655"
                    },
                    {
                        "isbn10": "0385479565",
                        "isbn13": "9780385479561"
                    },
                    {
                        "isbn10": "0385495226",
                        "isbn13": "9780385495226"
                    }
                ],
                "price": 0,
                "primary_isbn10": "0385479565",
                "primary_isbn13": "9780385479561",
                "publisher": "Anchor",
                "rank": 1,
                "rank_last_week": 0,
                "sunday_review_link": "",
                "title": "THE HOT ZONE",
                "weeks_on_list": 0
            },
            {
                "age_group": "",
                "amazon_product_url": "http://www.amazon.com/Chasing-Daylight-Forthcoming-Death-Transformed-ebook/dp/B000RHIU8A?tag=thenewyorktim-20",
                "article_chapter_link": "",
                "asterisk": 0,
                "author": "Eugene O'Kelly with Andrew Postman",
                "book_image": "http://du.ec2.nytimes.com.s3.amazonaws.com/prd/books/9780071502276.jpeg",
                "book_review_link": "",
                "contributor": "by Eugene O'Kelly with Andrew Postman",
                "contributor_note": "",
                "dagger": 0,
                "description": "A memoir written by the former KPMG chief executive between his diagnosis with brain cancer and his death three and a half months later.",
                "first_chapter_link": "",
                "isbns": [
                    {
                        "isbn10": "0071502270",
                        "isbn13": "9780071502276"
                    },
                    {
                        "isbn10": "0071499938",
                        "isbn13": "9780071499934"
                    }
                ],
                "price": 0,
                "primary_isbn10": "0071502270",
                "primary_isbn13": "9780071502276",
                "publisher": "McGraw-Hill",
                "rank": 2,
                "rank_last_week": 0,
                "sunday_review_link": "",
                "title": "CHASING DAYLIGHT",
                "weeks_on_list": 0
            },
            {
                "age_group": "",
                "amazon_product_url": "http://www.amazon.com/Soul-Mind-Body-Science-System/dp/1940363993?tag=thenewyorktim-20",
                "article_chapter_link": "",
                "asterisk": 0,
                "author": "Zhi Gang Sha and Rulin Xiu",
                "book_image": "http://du.ec2.nytimes.com.s3.amazonaws.com/prd/books/9781940363998.jpeg",
                "book_review_link": "",
                "contributor": "by Zhi Gang Sha and Rulin Xiu",
                "contributor_note": "",
                "dagger": 0,
                "description": "The \"grand unification\" theory of miraculous healing through multiple disciplines.",
                "first_chapter_link": "",
                "isbns": [
                    {
                        "isbn10": "1940363993",
                        "isbn13": "9781940363998"
                    }
                ],
                "price": 0,
                "primary_isbn10": "1940363993",
                "primary_isbn13": "9781940363998",
                "publisher": "BenBella",
                "rank": 3,
                "rank_last_week": 0,
                "sunday_review_link": "",
                "title": "SOUL MIND BODY SCIENCE SYSTEM",
                "weeks_on_list": 0
            },
            {
                "age_group": "",
                "amazon_product_url": "http://www.amazon.com/Ebola-Natural-Human-History-Deadly/dp/0393351556?tag=thenewyorktim-20",
                "article_chapter_link": "",
                "asterisk": 0,
                "author": "David Quammen",
                "book_image": "http://du.ec2.nytimes.com.s3.amazonaws.com/prd/books/9780393351552.jpeg",
                "book_review_link": "",
                "contributor": "by David Quammen",
                "contributor_note": "",
                "dagger": 0,
                "description": "The natural and human history of the deadly virus.",
                "first_chapter_link": "",
                "isbns": [
                    {
                        "isbn10": "0393351556",
                        "isbn13": "9780393351552"
                    },
                    {
                        "isbn10": "0393351564",
                        "isbn13": "9780393351569"
                    }
                ],
                "price": 0,
                "primary_isbn10": "0393351556",
                "primary_isbn13": "9780393351552",
                "publisher": "Norton",
                "rank": 4,
                "rank_last_week": 0,
                "sunday_review_link": "",
                "title": "EBOLA",
                "weeks_on_list": 0
            },
            {
                "age_group": "",
                "amazon_product_url": "http://www.amazon.com/Healing-Back-Pain-Mind-Body-Connection/dp/0446557684?tag=thenewyorktim-20",
                "article_chapter_link": "",
                "asterisk": 0,
                "author": "John E Sarno",
                "book_image": "http://du.ec2.nytimes.com.s3.amazonaws.com/prd/books/9780446557689.jpeg",
                "book_review_link": "",
                "contributor": "by John E. Sarno",
                "contributor_note": "",
                "dagger": 0,
                "description": "The mind-body connection as remedy, without drugs surgery or exercise.",
                "first_chapter_link": "",
                "isbns": [
                    {
                        "isbn10": "0446557684",
                        "isbn13": "9780446557689"
                    },
                    {
                        "isbn10": "0446392308",
                        "isbn13": "9780446392303"
                    },
                    {
                        "isbn10": "0759520844",
                        "isbn13": "9780759520844"
                    },
                    {
                        "isbn10": "1559279958",
                        "isbn13": "9781559279956"
                    }
                ],
                "price": 0,
                "primary_isbn10": "0446557684",
                "primary_isbn13": "9780446557689",
                "publisher": "Grand Central",
                "rank": 5,
                "rank_last_week": 0,
                "sunday_review_link": "",
                "title": "HEALING BACK PAIN",
                "weeks_on_list": 0
            },
            {
                "age_group": "",
                "amazon_product_url": "http://www.amazon.com/The-Checklist-Manifesto-Things-Right/dp/0312430000?tag=thenewyorktim-20",
                "article_chapter_link": "",
                "asterisk": 0,
                "author": "Atul Gawande",
                "book_image": "http://du.ec2.nytimes.com.s3.amazonaws.com/prd/books/9780805091748.jpg",
                "book_review_link": "",
                "contributor": "by Atul Gawande",
                "contributor_note": "",
                "dagger": 0,
                "description": "A simple way to manage complexity.",
                "first_chapter_link": "",
                "isbns": [
                    {
                        "isbn10": "0312430000",
                        "isbn13": "9780312430009"
                    },
                    {
                        "isbn10": "0805091742",
                        "isbn13": "9780805091748"
                    },
                    {
                        "isbn10": "1427208980",
                        "isbn13": "9781427208989"
                    },
                    {
                        "isbn10": "1429953381",
                        "isbn13": "9781429953382"
                    }
                ],
                "price": 0,
                "primary_isbn10": "0312430000",
                "primary_isbn13": "9780312430009",
                "publisher": "Picador",
                "rank": 6,
                "rank_last_week": 0,
                "sunday_review_link": "",
                "title": "THE CHECKLIST MANIFESTO",
                "weeks_on_list": 0
            },
            {
                "age_group": "",
                "amazon_product_url": "http://www.amazon.com/Hashimotos-Thyroiditis-Lifestyle-Interventions-Treating/dp/0615825796?tag=thenewyorktim-20",
                "article_chapter_link": "",
                "asterisk": 0,
                "author": "Izabella Wentz with Marta Nowosadzka",
                "book_image": "http://du.ec2.nytimes.com.s3.amazonaws.com/prd/books/9780615825793.jpeg",
                "book_review_link": "",
                "contributor": "by Izabella Wentz with Marta Nowosadzka",
                "contributor_note": "",
                "dagger": 0,
                "description": "Lifestyle interventions to ease the condition and its symptoms.",
                "first_chapter_link": "",
                "isbns": [
                    {
                        "isbn10": "0615825796",
                        "isbn13": "9780615825793"
                    }
                ],
                "price": 0,
                "primary_isbn10": "0615825796",
                "primary_isbn13": "9780615825793",
                "publisher": "Wentz",
                "rank": 7,
                "rank_last_week": 0,
                "sunday_review_link": "",
                "title": "HASHIMOTO'S THYROIDITIS",
                "weeks_on_list": 0
            },
            {
                "age_group": "",
                "amazon_product_url": "http://www.amazon.com/Smoke-Gets-Your-Eyes-Crematory/dp/0393240231?tag=thenewyorktim-20",
                "article_chapter_link": "",
                "asterisk": 0,
                "author": "Caitlin Doughty",
                "book_image": "http://du.ec2.nytimes.com.s3.amazonaws.com/prd/books/9780393245950.jpeg",
                "book_review_link": "",
                "contributor": "by Caitlin Doughty",
                "contributor_note": "",
                "dagger": 0,
                "description": "A young woman takes a job at a crematory.",
                "first_chapter_link": "",
                "isbns": [
                    {
                        "isbn10": "",
                        "isbn13": ""
                    },
                    {
                        "isbn10": "0393240231",
                        "isbn13": "9780393240238"
                    }
                ],
                "price": 0,
                "primary_isbn10": "0393240231",
                "primary_isbn13": "9780393240238",
                "publisher": "Norton",
                "rank": 8,
                "rank_last_week": 0,
                "sunday_review_link": "",
                "title": "SMOKE GETS IN YOUR EYES",
                "weeks_on_list": 0
            },
            {
                "age_group": "",
                "amazon_product_url": "http://www.amazon.com/The-Emperor-All-Maladies-Biography-ebook/dp/B003UYUP58?tag=thenewyorktim-20",
                "article_chapter_link": "",
                "asterisk": 0,
                "author": "Siddhartha Mukherjee",
                "book_image": "http://du.ec2.nytimes.com.s3.amazonaws.com/prd/books/9781439170915.jpg",
                "book_review_link": "",
                "contributor": "by Siddhartha Mukherjee",
                "contributor_note": "",
                "dagger": 0,
                "description": "An oncologist\u2019s history of cancer and its treatment.",
                "first_chapter_link": "",
                "isbns": [
                    {
                        "isbn10": "1439107955",
                        "isbn13": "9781439107959"
                    },
                    {
                        "isbn10": "1439181713",
                        "isbn13": "9781439181713"
                    },
                    {
                        "isbn10": "1439170916",
                        "isbn13": "9781439170915"
                    }
                ],
                "price": 0,
                "primary_isbn10": "1439170916",
                "primary_isbn13": "9781439170915",
                "publisher": "Scribner/Simon & Schuster",
                "rank": 9,
                "rank_last_week": 0,
                "sunday_review_link": "",
                "title": "THE EMPEROR OF ALL MALADIES",
                "weeks_on_list": 0
            },
            {
                "age_group": "",
                "amazon_product_url": "http://www.amazon.com/Dr-Mutters-Marvels-Intrigue-Innovation/dp/1592408702?tag=thenewyorktim-20",
                "article_chapter_link": "",
                "asterisk": 0,
                "author": "Cristin O'Keefe Aptowicz",
                "book_image": "http://du.ec2.nytimes.com.s3.amazonaws.com/prd/books/9781592408702.jpeg",
                "book_review_link": "",
                "contributor": "by Cristin O'Keefe Aptowicz",
                "contributor_note": "",
                "dagger": 0,
                "description": "",
                "first_chapter_link": "",
                "isbns": [
                    {
                        "isbn10": "1592408702",
                        "isbn13": "9781592408702"
                    }
                ],
                "price": 0,
                "primary_isbn10": "1592408702",
                "primary_isbn13": "9781592408702",
                "publisher": "Penguin",
                "rank": 10,
                "rank_last_week": 0,
                "sunday_review_link": "",
                "title": "DR. MUTTER'S MARVELS",
                "weeks_on_list": 0
            }
        ],
        "corrections": [],
        "display_name": "Health",
        "list_name": "Health",
        "normal_list_ends_at": 5,
        "published_date": "2014-12-14",
        "updated": "MONTHLY"
    },
    "status": "OK"
}