{
    "copyright": "Copyright (c) 2014 The New York Times Company.  All Rights Reserved.",
    "last_modified": "2014-12-08T17:01:01-05:00",
    "num_results": 15,
    "results": {
        "bestsellers_date": "2014-11-29",
        "books": [
            {
                "age_group": "",
                "amazon_product_url": "http://www.amazon.com/Yes-Please-Amy-Poehler/dp/0062268341?tag=thenewyorktim-20",
                "article_chapter_link": "",
                "asterisk": 0,
                "author": "Amy Poehler",
                "book_image": "http://du.ec2.nytimes.com.s3.amazonaws.com/prd/books/9780062268341.jpeg",
                "book_review_link": "",
                "contributor": "by Amy Poehler",
                "contributor_note": "",
                "dagger": 0,
                "description": "A humorous miscellany from the comedian and actress, an \u201cS.N.L.\u201d alumna and the star of \u201cParks and Recreation.\u201d",
                "first_chapter_link": "",
                "isbns": [
                    {
                        "isbn10": "0062268341",
                        "isbn13": "9780062268341"
                    },
                    {
                        "isbn10": "0062268376",
                        "isbn13": "9780062268372"
                    },
                    {
                        "isbn10": "0062350889",
                        "isbn13": "9780062350886"
                    }
                ],
                "price": 0,
                "primary_isbn10": "0062268341",
                "primary_isbn13": "9780062268341",
                "publisher": "Dey Street/Morrow",
                "rank": 1,
                "rank_last_week": 0,
                "sunday_review_link": "",
                "title": "YES PLEASE",
                "weeks_on_list": 0
            },
            {
                "age_group": "",
                "amazon_product_url": "http://www.amazon.com/The-Andy-Cohen-Diaries-Shallow-ebook/dp/B00K9NWRFE?tag=thenewyorktim-20",
                "article_chapter_link": "",
                "asterisk": 0,
                "author": "Andy Cohen",
                "book_image": "http://du.ec2.nytimes.com.s3.amazonaws.com/prd/books/9781627792295.jpeg",
                "book_review_link": "",
                "contributor": "by Andy Cohen",
                "contributor_note": "",
                "dagger": 0,
                "description": "One year in the (social) life of the TV producer and host of \u201cWatch What Happens Live.\u201d",
                "first_chapter_link": "",
                "isbns": [
                    {
                        "isbn10": "1627792287",
                        "isbn13": "9781627792288"
                    },
                    {
                        "isbn10": "1627792295",
                        "isbn13": "9781627792295"
                    },
                    {
                        "isbn10": "1427259313",
                        "isbn13": "9781427259318"
                    }
                ],
                "price": 0,
                "primary_isbn10": "1627792295",
                "primary_isbn13": "9781627792295",
                "publisher": "Holt",
                "rank": 2,
                "rank_last_week": 0,
                "sunday_review_link": "",
                "title": "THE ANDY COHEN DIARIES",
                "weeks_on_list": 0
            },
            {
                "age_group": "",
                "amazon_product_url": "http://www.amazon.com/Not-That-Kind-Girl-Learned/dp/081299499X?tag=thenewyorktim-20",
                "article_chapter_link": "",
                "asterisk": 0,
                "author": "Lena Dunham",
                "book_image": "http://du.ec2.nytimes.com.s3.amazonaws.com/prd/books/9780812995008.jpeg",
                "book_review_link": "",
                "contributor": "by Lena Dunham",
                "contributor_note": "",
                "dagger": 0,
                "description": "A collection of revealing and often humorous personal essays from the creator and star of \u201cGirls.\u201d",
                "first_chapter_link": "",
                "isbns": [
                    {
                        "isbn10": "081299499X",
                        "isbn13": "9780812994995"
                    },
                    {
                        "isbn10": "080412731X",
                        "isbn13": "9780804127318"
                    }
                ],
                "price": 0,
                "primary_isbn10": "081299499X",
                "primary_isbn13": "9780812994995",
                "publisher": "Random House",
                "rank": 3,
                "rank_last_week": 0,
                "sunday_review_link": "",
                "title": "NOT THAT KIND OF GIRL",
                "weeks_on_list": 0
            },
            {
                "age_group": "",
                "amazon_product_url": "http://www.amazon.com/As-You-Wish-Inconceivable-Princess/dp/1476764026?tag=thenewyorktim-20",
                "article_chapter_link": "",
                "asterisk": 0,
                "author": "Cary Elwes with Joe Layden",
                "book_image": "http://du.ec2.nytimes.com.s3.amazonaws.com/prd/books/9781476764030.jpeg",
                "book_review_link": "",
                "contributor": "by Cary Elwes with Joe Layden",
                "contributor_note": "",
                "dagger": 0,
                "description": "The making of the movie \u201cThe Princess Bride,\u201d 25 years ago.",
                "first_chapter_link": "",
                "isbns": [
                    {
                        "isbn10": "1476764026",
                        "isbn13": "9781476764023"
                    },
                    {
                        "isbn10": "1442383453",
                        "isbn13": "9781442383456"
                    }
                ],
                "price": 0,
                "primary_isbn10": "1476764026",
                "primary_isbn13": "9781476764023",
                "publisher": "Touchstone/Simon & Schuster",
                "rank": 4,
                "rank_last_week": 0,
                "sunday_review_link": "",
                "title": "AS YOU WISH",
                "weeks_on_list": 0
            },
            {
                "age_group": "",
                "amazon_product_url": "http://www.amazon.com/Food-Love-Story-Jim-Gaffigan/dp/0804140413?tag=thenewyorktim-20",
                "article_chapter_link": "",
                "asterisk": 0,
                "author": "Jim Gaffigan",
                "book_image": "http://du.ec2.nytimes.com.s3.amazonaws.com/prd/books/9780804140423.jpeg",
                "book_review_link": "",
                "contributor": "by Jim Gaffigan",
                "contributor_note": "",
                "dagger": 0,
                "description": "The comedian, author of \u201cDad Is Fat,\u201d describes his relationship with food.",
                "first_chapter_link": "",
                "isbns": [
                    {
                        "isbn10": "0804140413",
                        "isbn13": "9780804140416"
                    },
                    {
                        "isbn10": "0804192219",
                        "isbn13": "9780804192217"
                    }
                ],
                "price": 0,
                "primary_isbn10": "0804140413",
                "primary_isbn13": "9780804140416",
                "publisher": "Crown Archetype",
                "rank": 5,
                "rank_last_week": 0,
                "sunday_review_link": "",
                "title": "FOOD",
                "weeks_on_list": 0
            },
            {
                "age_group": "",
                "amazon_product_url": "http://www.amazon.com/So-Anyway-John-Cleese-ebook/dp/B00KAFVNY2?tag=thenewyorktim-20",
                "article_chapter_link": "",
                "asterisk": 0,
                "author": "John Cleese",
                "book_image": "http://du.ec2.nytimes.com.s3.amazonaws.com/prd/books/9780385348256.jpeg",
                "book_review_link": "",
                "contributor": "by John Cleese",
                "contributor_note": "",
                "dagger": 0,
                "description": "by John Cleese Crown Archetype, ) - A memoir by the comedian, actor and writer, a former Python.",
                "first_chapter_link": "",
                "isbns": [
                    {
                        "isbn10": "038534824X",
                        "isbn13": "9780385348249"
                    }
                ],
                "price": 0,
                "primary_isbn10": "038534824X",
                "primary_isbn13": "9780385348249",
                "publisher": "Crown Archetype",
                "rank": 6,
                "rank_last_week": 0,
                "sunday_review_link": "",
                "title": "SO, ANYWAY...,",
                "weeks_on_list": 0
            },
            {
                "age_group": "",
                "amazon_product_url": "http://www.amazon.com/Must-Say-Humble-Comedy-Legend-ebook/dp/B00HU5KLPW?tag=thenewyorktim-20",
                "article_chapter_link": "",
                "asterisk": 0,
                "author": "Martin Short with David Kamp",
                "book_image": "http://du.ec2.nytimes.com.s3.amazonaws.com/prd/books/9780062309532.jpeg",
                "book_review_link": "",
                "contributor": "by Martin Short with David Kamp",
                "contributor_note": "",
                "dagger": 0,
                "description": "In this memoir, the comedian discusses his professional triumphs and personal losses.",
                "first_chapter_link": "",
                "isbns": [
                    {
                        "isbn10": "0062309528",
                        "isbn13": "9780062309525"
                    }
                ],
                "price": 0,
                "primary_isbn10": "0062309528",
                "primary_isbn13": "9780062309525",
                "publisher": "Harper",
                "rank": 7,
                "rank_last_week": 0,
                "sunday_review_link": "",
                "title": "I MUST SAY",
                "weeks_on_list": 0
            },
            {
                "age_group": "",
                "amazon_product_url": "http://www.amazon.com/Everyone-Hanging-Without-Other-Concerns-ebook/dp/B004JN1D3M?tag=thenewyorktim-20",
                "article_chapter_link": "",
                "asterisk": 0,
                "author": "Mindy Kaling",
                "book_image": "http://du.ec2.nytimes.com.s3.amazonaws.com/prd/books/9780307886286.jpg",
                "book_review_link": "",
                "contributor": "by Mindy Kaling",
                "contributor_note": "",
                "dagger": 0,
                "description": "Observations from the comedy writer and actress.",
                "first_chapter_link": "",
                "isbns": [
                    {
                        "isbn10": "0307886263",
                        "isbn13": "9780307886262"
                    },
                    {
                        "isbn10": "030788628X",
                        "isbn13": "9780307886286"
                    },
                    {
                        "isbn10": "0307886271",
                        "isbn13": "9780307886279"
                    }
                ],
                "price": 0,
                "primary_isbn10": "0307886271",
                "primary_isbn13": "9780307886279",
                "publisher": "Three Rivers",
                "rank": 8,
                "rank_last_week": 0,
                "sunday_review_link": "",
                "title": "IS EVERYONE HANGING OUT WITHOUT ME?",
                "weeks_on_list": 0
            },
            {
                "age_group": "",
                "amazon_product_url": "http://www.amazon.com/Go-F-Sleep-Adam-Mansbach/dp/1617750255?tag=thenewyorktim-20",
                "article_chapter_link": "",
                "asterisk": 0,
                "author": "Adam Mansbach",
                "book_image": "http://du.ec2.nytimes.com.s3.amazonaws.com/prd/books/9781617750250.jpg",
                "book_review_link": "",
                "contributor": "by Adam Mansbach. Illustrated by Ricardo Cort\u00e9s",
                "contributor_note": "Illustrated by Ricardo Cort\u00e9s  ",
                "dagger": 0,
                "description": "A children's book parody for tired parents.",
                "first_chapter_link": "",
                "isbns": [
                    {
                        "isbn10": "1617750255",
                        "isbn13": "9781617750250"
                    }
                ],
                "price": 0,
                "primary_isbn10": "1617750255",
                "primary_isbn13": "9781617750250",
                "publisher": "Akashic Books",
                "rank": 9,
                "rank_last_week": 0,
                "sunday_review_link": "",
                "title": "GO THE F**K TO SLEEP",
                "weeks_on_list": 0
            },
            {
                "age_group": "",
                "amazon_product_url": "http://www.amazon.com/You-Have-F-g-Eat/dp/1617753785?tag=thenewyorktim-20",
                "article_chapter_link": "",
                "asterisk": 0,
                "author": "Adam Mansbach",
                "book_image": "http://du.ec2.nytimes.com.s3.amazonaws.com/prd/books/9781617753787.jpg",
                "book_review_link": "",
                "contributor": "by Adam Mansbach. Illustrated by Owen Brozman",
                "contributor_note": "Illustrated by Owen Brozman",
                "dagger": 0,
                "description": "A children's book parody for parents of squeamish and reluctant eaters.",
                "first_chapter_link": "",
                "isbns": [
                    {
                        "isbn10": "1617753785",
                        "isbn13": "9781617753787"
                    }
                ],
                "price": 0,
                "primary_isbn10": "1617753785",
                "primary_isbn13": "9781617753787",
                "publisher": "Akashic Books",
                "rank": 10,
                "rank_last_week": 0,
                "sunday_review_link": "",
                "title": "YOU HAVE TO F*****G EAT",
                "weeks_on_list": 0
            },
            {
                "age_group": "",
                "amazon_product_url": "http://www.amazon.com/Graces-Guide-The-Pretending-Grown-up/dp/1476788006?tag=thenewyorktim-20",
                "article_chapter_link": "",
                "asterisk": 0,
                "author": "Grace Helbig",
                "book_image": "http://du.ec2.nytimes.com.s3.amazonaws.com/prd/books/9781476788005.jpeg",
                "book_review_link": "",
                "contributor": "by Grace Helbig",
                "contributor_note": "",
                "dagger": 0,
                "description": "A humorous handbook for millennials, with advice on growing up in the digital age.",
                "first_chapter_link": "",
                "isbns": [
                    {
                        "isbn10": "1476788006",
                        "isbn13": "9781476788005"
                    },
                    {
                        "isbn10": "1476788022",
                        "isbn13": "9781476788029"
                    }
                ],
                "price": 0,
                "primary_isbn10": "1476788006",
                "primary_isbn13": "9781476788005",
                "publisher": "Touchstone/Simon & Schuster",
                "rank": 11,
                "rank_last_week": 0,
                "sunday_review_link": "",
                "title": "GRACE'S GUIDE",
                "weeks_on_list": 0
            },
            {
                "age_group": "",
                "amazon_product_url": "http://www.amazon.com/Lets-Explore-Diabetes-David-Sedaris/dp/0316154709?tag=thenewyorktim-20",
                "article_chapter_link": "",
                "asterisk": 0,
                "author": "David Sedaris",
                "book_image": "http://du.ec2.nytimes.com.s3.amazonaws.com/prd/books/9780316125680.jpg",
                "book_review_link": "",
                "contributor": "by David Sedaris",
                "contributor_note": "",
                "dagger": 0,
                "description": "A humorist returns with more wry takes on contemporary life.",
                "first_chapter_link": "",
                "isbns": [
                    {
                        "isbn10": "0316154695",
                        "isbn13": "9780316154697"
                    },
                    {
                        "isbn10": "0316154709",
                        "isbn13": "9780316154703"
                    },
                    {
                        "isbn10": "1619696991",
                        "isbn13": "9781619696990"
                    }
                ],
                "price": 0,
                "primary_isbn10": "0316154709",
                "primary_isbn13": "9780316154703",
                "publisher": "Back Bay/Little, Brown",
                "rank": 12,
                "rank_last_week": 0,
                "sunday_review_link": "",
                "title": "LET'S EXPLORE DIABETES WITH OWLS",
                "weeks_on_list": 0
            },
            {
                "age_group": "",
                "amazon_product_url": "http://www.amazon.com/Bossypants-Tina-Fey/dp/0316056898?tag=thenewyorktim-20",
                "article_chapter_link": "",
                "asterisk": 0,
                "author": "Tina Fey",
                "book_image": "http://du.ec2.nytimes.com.s3.amazonaws.com/prd/books/9780316056892.jpg",
                "book_review_link": "",
                "contributor": "by Tina Fey",
                "contributor_note": "",
                "dagger": 0,
                "description": "A memoir from the creator of \u201c30 Rock.\u201d",
                "first_chapter_link": "",
                "isbns": [
                    {
                        "isbn10": "0316056863",
                        "isbn13": "9780316056861"
                    },
                    {
                        "isbn10": "031617789X",
                        "isbn13": "9780316177894"
                    },
                    {
                        "isbn10": "0316175862",
                        "isbn13": "9780316175869"
                    },
                    {
                        "isbn10": "031619803X",
                        "isbn13": "9780316198035"
                    },
                    {
                        "isbn10": "0316056871",
                        "isbn13": "9780316056878"
                    },
                    {
                        "isbn10": "0316056898",
                        "isbn13": "9780316056892"
                    },
                    {
                        "isbn10": "1609419693",
                        "isbn13": "9781609419691"
                    }
                ],
                "price": 0,
                "primary_isbn10": "0316056898",
                "primary_isbn13": "9780316056892",
                "publisher": "Back Bay/Little, Brown",
                "rank": 13,
                "rank_last_week": 0,
                "sunday_review_link": "",
                "title": "BOSSYPANTS",
                "weeks_on_list": 0
            },
            {
                "age_group": "",
                "amazon_product_url": "http://www.amazon.com/Cant-Talk-about-Something-Pleasant/dp/1608198065?tag=thenewyorktim-20",
                "article_chapter_link": "",
                "asterisk": 0,
                "author": "Roz Chast",
                "book_image": "http://du.ec2.nytimes.com.s3.amazonaws.com/prd/books/9781608198061.jpg",
                "book_review_link": "",
                "contributor": "by Roz Chast",
                "contributor_note": "",
                "dagger": 0,
                "description": "In this memoir, the cartoonist examines her parents from their early days as mother and father to their later years facing old age and poor health.",
                "first_chapter_link": "",
                "isbns": [
                    {
                        "isbn10": "1608198065",
                        "isbn13": "9781608198061"
                    }
                ],
                "price": 0,
                "primary_isbn10": "1608198065",
                "primary_isbn13": "9781608198061",
                "publisher": "Bloomsbury",
                "rank": 14,
                "rank_last_week": 0,
                "sunday_review_link": "",
                "title": "CAN'T WE TALK ABOUT SOMETHING MORE PLEASANT?",
                "weeks_on_list": 0
            },
            {
                "age_group": "",
                "amazon_product_url": "http://www.amazon.com/Hope-Entertainer-Century-Richard-Zoglin/dp/1439140278?tag=thenewyorktim-20",
                "article_chapter_link": "",
                "asterisk": 0,
                "author": "Richard Zoglin",
                "book_image": "http://du.ec2.nytimes.com.s3.amazonaws.com/prd/books/9781439140277.jpeg",
                "book_review_link": "",
                "contributor": "by Richard Zoglin",
                "contributor_note": "",
                "dagger": 0,
                "description": "",
                "first_chapter_link": "",
                "isbns": [
                    {
                        "isbn10": "1439140278",
                        "isbn13": "9781439140277"
                    },
                    {
                        "isbn10": "1439148589",
                        "isbn13": "9781439148587"
                    }
                ],
                "price": 0,
                "primary_isbn10": "1439140278",
                "primary_isbn13": "9781439140277",
                "publisher": "Simon & Schuster, Limited",
                "rank": 15,
                "rank_last_week": 0,
                "sunday_review_link": "",
                "title": "HOPE",
                "weeks_on_list": 0
            }
        ],
        "corrections": [],
        "display_name": "Humor",
        "list_name": "Humor",
        "normal_list_ends_at": 10,
        "published_date": "2014-12-14",
        "updated": "MONTHLY"
    },
    "status": "OK"
}