{
    "copyright": "Copyright (c) 2014 The New York Times Company.  All Rights Reserved.",
    "last_modified": "2014-12-10T15:00:05-05:00",
    "num_results": 10,
    "results": {
        "bestsellers_date": "2014-11-29",
        "books": [
            {
                "age_group": "",
                "amazon_product_url": "http://www.amazon.com/The-Heart-Everything-That-Is/dp/1451654669?tag=thenewyorktim-20",
                "article_chapter_link": "",
                "asterisk": 0,
                "author": "Bob Drury and Tom Clavin",
                "book_image": "http://du.ec2.nytimes.com.s3.amazonaws.com/prd/books/9781451654660.jpeg",
                "book_review_link": "",
                "contributor": "by Bob Drury and Tom Clavin",
                "contributor_note": "",
                "dagger": 0,
                "description": "A biography of the influential Sioux leader Red Cloud examines his military prowess and the Plains Indians\u2019 changing way of life.",
                "first_chapter_link": "",
                "isbns": [
                    {
                        "isbn10": "1451654669",
                        "isbn13": "9781451654660"
                    },
                    {
                        "isbn10": "1451654685",
                        "isbn13": "9781451654684"
                    }
                ],
                "price": 0,
                "primary_isbn10": "1451654685",
                "primary_isbn13": "9781451654684",
                "publisher": "Simon & Schuster",
                "rank": 1,
                "rank_last_week": 0,
                "sunday_review_link": "",
                "title": "THE HEART OF EVERYTHING THAT IS",
                "weeks_on_list": 0
            },
            {
                "age_group": "",
                "amazon_product_url": null,
                "article_chapter_link": "",
                "asterisk": 0,
                "author": "Stephen Ambrose",
                "book_image": null,
                "book_review_link": "",
                "contributor": "by Stephen Ambrose",
                "contributor_note": "",
                "dagger": 0,
                "description": "The parallel lives of two American warriors in 1876 at the battle of the Little Bighorn.",
                "first_chapter_link": "",
                "isbns": [
                    {
                        "isbn10": "1497659272",
                        "isbn13": "9781497659278"
                    },
                    {
                        "isbn10": "1497659256",
                        "isbn13": "9781497659254"
                    }
                ],
                "price": 0,
                "primary_isbn10": "1497659272",
                "primary_isbn13": "9781497659278",
                "publisher": "Open Road",
                "rank": 2,
                "rank_last_week": 0,
                "sunday_review_link": "",
                "title": "CRAZY HORSE AND CUSTER",
                "weeks_on_list": 0
            },
            {
                "age_group": "",
                "amazon_product_url": "http://www.amazon.com/Empire-Summer-Moon-Comanches-Powerful-ebook/dp/B003KN3MDG?tag=thenewyorktim-20",
                "article_chapter_link": "",
                "asterisk": 0,
                "author": "S C Gwynne",
                "book_image": "http://du.ec2.nytimes.com.s3.amazonaws.com/prd/books/9781416591061.jpg",
                "book_review_link": "",
                "contributor": "by S. C. Gwynne",
                "contributor_note": "",
                "dagger": 0,
                "description": "The story of Quanah Parker, the last chief of the Comanches.",
                "first_chapter_link": "",
                "isbns": [
                    {
                        "isbn10": "1416591052",
                        "isbn13": "9781416591054"
                    },
                    {
                        "isbn10": "1416591060",
                        "isbn13": "9781416591061"
                    },
                    {
                        "isbn10": "1416597158",
                        "isbn13": "9781416597155"
                    }
                ],
                "price": 0,
                "primary_isbn10": "1416591060",
                "primary_isbn13": "9781416591061",
                "publisher": "Scribner",
                "rank": 3,
                "rank_last_week": 0,
                "sunday_review_link": "",
                "title": "EMPIRE OF THE SUMMER MOON",
                "weeks_on_list": 0
            },
            {
                "age_group": "",
                "amazon_product_url": "http://www.amazon.com/Short-Nights-Shadow-Catcher-Photographs/dp/0544102762?tag=thenewyorktim-20",
                "article_chapter_link": "",
                "asterisk": 0,
                "author": "Timothy Egan",
                "book_image": "http://du.ec2.nytimes.com.s3.amazonaws.com/prd/books/9780544102767.jpg",
                "book_review_link": "",
                "contributor": "by Timothy Egan",
                "contributor_note": "",
                "dagger": 0,
                "description": "A biography of Edward Curtis, who made memorable photographs of American Indians.",
                "first_chapter_link": "",
                "isbns": [
                    {
                        "isbn10": "0618969020",
                        "isbn13": "9780618969029"
                    },
                    {
                        "isbn10": "0544102762",
                        "isbn13": "9780544102767"
                    },
                    {
                        "isbn10": "0547840608",
                        "isbn13": "9780547840604"
                    }
                ],
                "price": 0,
                "primary_isbn10": "0544102762",
                "primary_isbn13": "9780544102767",
                "publisher": "Mariner/Houghton Mifflin Harcourt",
                "rank": 4,
                "rank_last_week": 0,
                "sunday_review_link": "",
                "title": "SHORT NIGHTS OF THE SHADOW CATCHER",
                "weeks_on_list": 0
            },
            {
                "age_group": "",
                "amazon_product_url": null,
                "article_chapter_link": "",
                "asterisk": 0,
                "author": "Chester Nez with Judith Schiess Avila",
                "book_image": null,
                "book_review_link": "",
                "contributor": "by Chester Nez with Judith Schiess Avila",
                "contributor_note": "",
                "dagger": 0,
                "description": "A memoir by one of the original Navajo code talkers of World War II.",
                "first_chapter_link": "",
                "isbns": [
                    {
                        "isbn10": "0425247856",
                        "isbn13": "9780425247853"
                    }
                ],
                "price": 0,
                "primary_isbn10": "0425247856",
                "primary_isbn13": "9780425247853",
                "publisher": "Berkley",
                "rank": 5,
                "rank_last_week": 0,
                "sunday_review_link": "",
                "title": "CODE TALKER",
                "weeks_on_list": 0
            },
            {
                "age_group": "",
                "amazon_product_url": null,
                "article_chapter_link": "",
                "asterisk": 0,
                "author": "edited  Suzan Shown Harjo",
                "book_image": null,
                "book_review_link": "",
                "contributor": "edited by Suzan Shown Harjo",
                "contributor_note": "edited by Suzan Shown Harjo",
                "dagger": 0,
                "description": "",
                "first_chapter_link": "",
                "isbns": [
                    {
                        "isbn10": "1588344789",
                        "isbn13": "9781588344786"
                    }
                ],
                "price": 0,
                "primary_isbn10": "1588344789",
                "primary_isbn13": "9781588344786",
                "publisher": "Smithsonian",
                "rank": 6,
                "rank_last_week": 0,
                "sunday_review_link": "",
                "title": "NATION TO NATION",
                "weeks_on_list": 0
            },
            {
                "age_group": "",
                "amazon_product_url": null,
                "article_chapter_link": "",
                "asterisk": 0,
                "author": "Tom Hill and Richard Hill",
                "book_image": null,
                "book_review_link": "",
                "contributor": "by Tom Hill and Richard Hill",
                "contributor_note": "",
                "dagger": 0,
                "description": "",
                "first_chapter_link": "",
                "isbns": [
                    {
                        "isbn10": "1560984538",
                        "isbn13": "9781560984535"
                    }
                ],
                "price": 0,
                "primary_isbn10": "1560984538",
                "primary_isbn13": "9781560984535",
                "publisher": "Smithsonian",
                "rank": 7,
                "rank_last_week": 0,
                "sunday_review_link": "",
                "title": "CREATION'S JOURNEY",
                "weeks_on_list": 0
            },
            {
                "age_group": "",
                "amazon_product_url": null,
                "article_chapter_link": "",
                "asterisk": 0,
                "author": "Dee Brown",
                "book_image": null,
                "book_review_link": "",
                "contributor": "by Dee Brown",
                "contributor_note": "",
                "dagger": 0,
                "description": "",
                "first_chapter_link": "",
                "isbns": [
                    {
                        "isbn10": "0805086846",
                        "isbn13": "9780805086843"
                    },
                    {
                        "isbn10": "1453274146",
                        "isbn13": "9781453274149"
                    }
                ],
                "price": 0,
                "primary_isbn10": "0805086846",
                "primary_isbn13": "9780805086843",
                "publisher": "Holt",
                "rank": 8,
                "rank_last_week": 0,
                "sunday_review_link": "",
                "title": "BURY MY HEART AT WOUNDED KNEE",
                "weeks_on_list": 0
            },
            {
                "age_group": "",
                "amazon_product_url": null,
                "article_chapter_link": "",
                "asterisk": 0,
                "author": "Michael Witgen",
                "book_image": null,
                "book_review_link": "",
                "contributor": "by Michael Witgen",
                "contributor_note": "",
                "dagger": 0,
                "description": "",
                "first_chapter_link": "",
                "isbns": [
                    {
                        "isbn10": "006154731X",
                        "isbn13": "9780061547317"
                    }
                ],
                "price": 0,
                "primary_isbn10": "006154731X",
                "primary_isbn13": "9780061547317",
                "publisher": "Smithsonian",
                "rank": 9,
                "rank_last_week": 0,
                "sunday_review_link": "",
                "title": "AN INFINITY OF NATIONS",
                "weeks_on_list": 0
            },
            {
                "age_group": "",
                "amazon_product_url": null,
                "article_chapter_link": "",
                "asterisk": 0,
                "author": "Bruce Bourque",
                "book_image": null,
                "book_review_link": "",
                "contributor": "by Bruce Bourque",
                "contributor_note": "",
                "dagger": 0,
                "description": "",
                "first_chapter_link": "",
                "isbns": [
                    {
                        "isbn10": "1593730381",
                        "isbn13": "9781593730383"
                    }
                ],
                "price": 0,
                "primary_isbn10": "1593730381",
                "primary_isbn13": "9781593730383",
                "publisher": "Bunker Hill",
                "rank": 10,
                "rank_last_week": 0,
                "sunday_review_link": "",
                "title": "THE SWORDFISH HUNTERS",
                "weeks_on_list": 0
            }
        ],
        "corrections": [],
        "display_name": "Indigenous Americans",
        "list_name": "Indigenous Americans",
        "normal_list_ends_at": 5,
        "published_date": "2014-12-14",
        "updated": "MONTHLY"
    },
    "status": "OK"
}