{
    "copyright": "Copyright (c) 2014 The New York Times Company.  All Rights Reserved.",
    "last_modified": "2014-12-08T17:00:50-05:00",
    "num_results": 20,
    "results": {
        "bestsellers_date": "2014-11-29",
        "books": [
            {
                "age_group": "",
                "amazon_product_url": "http://www.amazon.com/Gone-Girl-Novel-Gillian-Flynn-ebook/dp/B006LSZECO?tag=thenewyorktim-20",
                "article_chapter_link": "",
                "asterisk": 0,
                "author": "Gillian Flynn",
                "book_image": "http://du.ec2.nytimes.com.s3.amazonaws.com/prd/books/9780307588388.jpg",
                "book_review_link": "",
                "contributor": "by Gillian Flynn",
                "contributor_note": "",
                "dagger": 0,
                "description": "A woman disappears from her Missouri home on her fifth anniversary; is her bitter, oddly evasive husband a killer?",
                "first_chapter_link": "",
                "isbns": [
                    {
                        "isbn10": "030758836X",
                        "isbn13": "9780307588364"
                    },
                    {
                        "isbn10": "0307588386",
                        "isbn13": "9780307588388"
                    },
                    {
                        "isbn10": "1410450953",
                        "isbn13": "9781410450951"
                    },
                    {
                        "isbn10": "0297859382",
                        "isbn13": "9780297859383"
                    },
                    {
                        "isbn10": "0307588378",
                        "isbn13": "9780307588371"
                    },
                    {
                        "isbn10": "0297859390",
                        "isbn13": "9780297859390"
                    },
                    {
                        "isbn10": "159413605X",
                        "isbn13": "9781594136054"
                    },
                    {
                        "isbn10": "055341836X",
                        "isbn13": "9780553418361"
                    },
                    {
                        "isbn10": "0553418351",
                        "isbn13": "9780553418354"
                    },
                    {
                        "isbn10": "0606270175",
                        "isbn13": "9780606270175"
                    }
                ],
                "price": 0,
                "primary_isbn10": "0553418351",
                "primary_isbn13": "9780553418354",
                "publisher": "Broadway",
                "rank": 1,
                "rank_last_week": 0,
                "sunday_review_link": "",
                "title": "GONE GIRL",
                "weeks_on_list": 14
            },
            {
                "age_group": "",
                "amazon_product_url": "http://www.amazon.com/Outlander-Diana-Gabaldon/dp/0440212561?tag=thenewyorktim-20",
                "article_chapter_link": "",
                "asterisk": 0,
                "author": "Diana Gabaldon",
                "book_image": "http://du.ec2.nytimes.com.s3.amazonaws.com/prd/books/9780440212560.jpg",
                "book_review_link": "",
                "contributor": "by Diana Gabaldon",
                "contributor_note": "",
                "dagger": 0,
                "description": "The first volume of the series featuring an 18th-century Scottish warrior and a World War II-era nurse who has been sucked back across two centuries to be at his side; first published in 1991.",
                "first_chapter_link": "",
                "isbns": [
                    {
                        "isbn10": "0440335167",
                        "isbn13": "9780440335160"
                    },
                    {
                        "isbn10": "0440212561",
                        "isbn13": "9780440212560"
                    },
                    {
                        "isbn10": "0385319959",
                        "isbn13": "9780385319959"
                    },
                    {
                        "isbn10": "0553393693",
                        "isbn13": "9780553393699"
                    },
                    {
                        "isbn10": "0553393707",
                        "isbn13": "9780553393705"
                    },
                    {
                        "isbn10": "0440423201",
                        "isbn13": "9780440423201"
                    },
                    {
                        "isbn10": "0385302304",
                        "isbn13": "9780385302302"
                    }
                ],
                "price": 0,
                "primary_isbn10": "0440212561",
                "primary_isbn13": "9780440212560",
                "publisher": "Dell",
                "rank": 2,
                "rank_last_week": 0,
                "sunday_review_link": "",
                "title": "OUTLANDER",
                "weeks_on_list": 24
            },
            {
                "age_group": "",
                "amazon_product_url": "http://www.amazon.com/Starry-Night-A-Christmas-Novel-ebook/dp/B00CQZ655Q?tag=thenewyorktim-20",
                "article_chapter_link": "",
                "asterisk": 0,
                "author": "Debbie Macomber",
                "book_image": "http://du.ec2.nytimes.com.s3.amazonaws.com/prd/books/9780345545527.jpg",
                "book_review_link": "",
                "contributor": "by Debbie Macomber",
                "contributor_note": "",
                "dagger": 0,
                "description": "At Christmastime, a big-city society-page columnist sets out to interview a notoriously reclusive author in Alaska.",
                "first_chapter_link": "",
                "isbns": [
                    {
                        "isbn10": "0345528891",
                        "isbn13": "9780345528896"
                    },
                    {
                        "isbn10": "0345545524",
                        "isbn13": "9780345545527"
                    },
                    {
                        "isbn10": "0804121036",
                        "isbn13": "9780804121033"
                    },
                    {
                        "isbn10": "0345528905",
                        "isbn13": "9780345528902"
                    }
                ],
                "price": 0,
                "primary_isbn10": "0345528905",
                "primary_isbn13": "9780345528902",
                "publisher": "Ballantine",
                "rank": 3,
                "rank_last_week": 0,
                "sunday_review_link": "",
                "title": "STARRY NIGHT",
                "weeks_on_list": 5
            },
            {
                "age_group": "",
                "amazon_product_url": "http://www.amazon.com/Never-Judge-Lady-Her-Cover/dp/0062068512?tag=thenewyorktim-20",
                "article_chapter_link": "",
                "asterisk": 0,
                "author": "Sarah MacLean",
                "book_image": "http://du.ec2.nytimes.com.s3.amazonaws.com/prd/books/9780062068514.jpeg",
                "book_review_link": "",
                "contributor": "by Sarah MacLean",
                "contributor_note": "",
                "dagger": 0,
                "description": "By day, she's Lady Georgiana, ruined sister to a duke. But in London's darkest corners, she's Chase, the owner of a legendary casino. For years, her double identity has gone undiscovered \u2014 until now.",
                "first_chapter_link": "",
                "isbns": [
                    {
                        "isbn10": "0062068512",
                        "isbn13": "9780062068514"
                    },
                    {
                        "isbn10": "0062065416",
                        "isbn13": "9780062065414"
                    }
                ],
                "price": 0,
                "primary_isbn10": "0062068512",
                "primary_isbn13": "9780062068514",
                "publisher": "Avon/HarperCollins",
                "rank": 4,
                "rank_last_week": 0,
                "sunday_review_link": "",
                "title": "NEVER JUDGE A LADY BY HER COVER",
                "weeks_on_list": 1
            },
            {
                "age_group": "",
                "amazon_product_url": "http://www.amazon.com/Sycamore-Jake-Brigance-John-Grisham/dp/0385537131?tag=thenewyorktim-20",
                "article_chapter_link": "",
                "asterisk": 0,
                "author": "John Grisham",
                "book_image": "http://du.ec2.nytimes.com.s3.amazonaws.com/prd/books/9780385537926.jpg",
                "book_review_link": "",
                "contributor": "by John Grisham",
                "contributor_note": "",
                "dagger": 0,
                "description": "A sequel, about race and inheritance, to \u201cA Time to Kill.\u201d\u00a0",
                "first_chapter_link": "",
                "isbns": [
                    {
                        "isbn10": "0385537131",
                        "isbn13": "9780385537131"
                    },
                    {
                        "isbn10": "0385537921",
                        "isbn13": "9780385537926"
                    },
                    {
                        "isbn10": "0553393618",
                        "isbn13": "9780553393613"
                    },
                    {
                        "isbn10": "0345543246",
                        "isbn13": "9780345543240"
                    }
                ],
                "price": 0,
                "primary_isbn10": "0345543246",
                "primary_isbn13": "9780345543240",
                "publisher": "Dell",
                "rank": 5,
                "rank_last_week": 0,
                "sunday_review_link": "",
                "title": "SYCAMORE ROW",
                "weeks_on_list": 14
            },
            {
                "age_group": "",
                "amazon_product_url": "http://www.amazon.com/The-Lincoln-Myth-Cotton-Malone-ebook/dp/B00F1W0DBI?tag=thenewyorktim-20",
                "article_chapter_link": "",
                "asterisk": 0,
                "author": "Steve Berry",
                "book_image": "http://du.ec2.nytimes.com.s3.amazonaws.com/prd/books/9780345526571.jpeg",
                "book_review_link": "",
                "contributor": "by Steve Berry",
                "contributor_note": "",
                "dagger": 0,
                "description": "The former government operative Cotton Malone becomes involved in a dangerous conflict set in motion by America's founding fathers.",
                "first_chapter_link": "",
                "isbns": [
                    {
                        "isbn10": "0345526570",
                        "isbn13": "9780345526571"
                    },
                    {
                        "isbn10": "0345526589",
                        "isbn13": "9780345526588"
                    }
                ],
                "price": 0,
                "primary_isbn10": "0345526589",
                "primary_isbn13": "9780345526588",
                "publisher": "Ballantine",
                "rank": 6,
                "rank_last_week": 0,
                "sunday_review_link": "",
                "title": "THE LINCOLN MYTH",
                "weeks_on_list": 1
            },
            {
                "age_group": "",
                "amazon_product_url": "http://www.amazon.com/Innocence-bonus-short-story-Wilderness/dp/0553593692?tag=thenewyorktim-20",
                "article_chapter_link": "",
                "asterisk": 1,
                "author": "Dean Koontz",
                "book_image": "http://du.ec2.nytimes.com.s3.amazonaws.com/prd/books/9780553593693.jpeg",
                "book_review_link": "",
                "contributor": "by Dean Koontz",
                "contributor_note": "",
                "dagger": 0,
                "description": "A grotesque man living in exile beneath the city encounters a teenage girl hiding from dangerous enemies.",
                "first_chapter_link": "",
                "isbns": [
                    {
                        "isbn10": "0553593692",
                        "isbn13": "9780553593693"
                    }
                ],
                "price": 0,
                "primary_isbn10": "0553593692",
                "primary_isbn13": "9780553593693",
                "publisher": "Bantam",
                "rank": 7,
                "rank_last_week": 0,
                "sunday_review_link": "",
                "title": "INNOCENCE",
                "weeks_on_list": 1
            },
            {
                "age_group": "",
                "amazon_product_url": "http://www.amazon.com/Game-Thrones-Song-Fire-Book-ebook/dp/B000QCS8TW?tag=thenewyorktim-20",
                "article_chapter_link": "http://www.nytimes.com/2011/04/10/arts/television/game-of-thrones-on-hbo-from-george-r-r-martin-novels.html",
                "asterisk": 0,
                "author": "George R R Martin",
                "book_image": "http://du.ec2.nytimes.com.s3.amazonaws.com/prd/books/9780553897845.jpg",
                "book_review_link": "",
                "contributor": "by George R. R. Martin",
                "contributor_note": "",
                "dagger": 0,
                "description": "In the frozen wastes to the north of Winterfell, sinister and supernatural forces are mustering; Book 1 of \"A Song of Ice and Fire.\"",
                "first_chapter_link": "",
                "isbns": [
                    {
                        "isbn10": "0553573403",
                        "isbn13": "9780553573404"
                    },
                    {
                        "isbn10": "0553386794",
                        "isbn13": "9780553386790"
                    },
                    {
                        "isbn10": "0553381687",
                        "isbn13": "9780553381689"
                    },
                    {
                        "isbn10": "0553593714",
                        "isbn13": "9780553593716"
                    },
                    {
                        "isbn10": "0553897845",
                        "isbn13": "9780553897845"
                    },
                    {
                        "isbn10": "0553103547",
                        "isbn13": "9780553103540"
                    },
                    {
                        "isbn10": "044042321X",
                        "isbn13": "9780440423218"
                    },
                    {
                        "isbn10": "0553588486",
                        "isbn13": "9780553588484"
                    }
                ],
                "price": 0,
                "primary_isbn10": "0553573403",
                "primary_isbn13": "9780553573404",
                "publisher": "Bantam",
                "rank": 8,
                "rank_last_week": 0,
                "sunday_review_link": "",
                "title": "A GAME OF THRONES",
                "weeks_on_list": 174
            },
            {
                "age_group": "",
                "amazon_product_url": "http://www.amazon.com/Dark-Places-Novel-Gillian-Flynn/dp/0307341577?tag=thenewyorktim-20",
                "article_chapter_link": "",
                "asterisk": 0,
                "author": "Gillian Flynn",
                "book_image": "http://du.ec2.nytimes.com.s3.amazonaws.com/prd/books/9780307341570.jpg",
                "book_review_link": "",
                "contributor": "by Gillian Flynn",
                "contributor_note": "",
                "dagger": 0,
                "description": "A woman who, as a child, was spared when her mother and sisters were murdered begins to reinvestigate the case against her imprisoned brother.",
                "first_chapter_link": "",
                "isbns": [
                    {
                        "isbn10": "0307459926",
                        "isbn13": "9780307459923"
                    },
                    {
                        "isbn10": "0307341577",
                        "isbn13": "9780307341570"
                    },
                    {
                        "isbn10": "1101902884",
                        "isbn13": "9781101902882"
                    }
                ],
                "price": 0,
                "primary_isbn10": "1101902884",
                "primary_isbn13": "9781101902882",
                "publisher": "Broadway",
                "rank": 9,
                "rank_last_week": 0,
                "sunday_review_link": "",
                "title": "DARK PLACES",
                "weeks_on_list": 4
            },
            {
                "age_group": "",
                "amazon_product_url": "http://www.amazon.com/The-Darkest-Touch-Lords-Underworld/dp/0373778910?tag=thenewyorktim-20",
                "article_chapter_link": "",
                "asterisk": 0,
                "author": "Gena Showalter",
                "book_image": "http://du.ec2.nytimes.com.s3.amazonaws.com/prd/books/9781460343401.jpeg",
                "book_review_link": "",
                "contributor": "by Gena Showalter",
                "contributor_note": "",
                "dagger": 0,
                "description": "The immortal warrior Torin, whose touch causes sickness and death, is tempted by a powerful beauty who has escaped a centuries-long imprisonment; a Lords of the Underworld novel.",
                "first_chapter_link": "",
                "isbns": [
                    {
                        "isbn10": "0373778910",
                        "isbn13": "9780373778911"
                    }
                ],
                "price": 0,
                "primary_isbn10": "0373778910",
                "primary_isbn13": "9780373778911",
                "publisher": "Harlequin",
                "rank": 10,
                "rank_last_week": 0,
                "sunday_review_link": "",
                "title": "THE DARKEST TOUCH",
                "weeks_on_list": 1
            },
            {
                "age_group": "",
                "amazon_product_url": "http://www.amazon.com/Mistress-James-Patterson/dp/1455515892?tag=thenewyorktim-20",
                "article_chapter_link": "",
                "asterisk": 0,
                "author": "James Patterson and David Ellis",
                "book_image": "http://du.ec2.nytimes.com.s3.amazonaws.com/prd/books/9780316211079.jpg",
                "book_review_link": "",
                "contributor": "by James Patterson and David Ellis",
                "contributor_note": "",
                "dagger": 0,
                "description": "Investigating a friend\u2019s mysterious death, a man discovers that she was leading a double life.",
                "first_chapter_link": "",
                "isbns": [
                    {
                        "isbn10": "0316211079",
                        "isbn13": "9780316211079"
                    },
                    {
                        "isbn10": "0316211060",
                        "isbn13": "9780316211062"
                    },
                    {
                        "isbn10": "0316211052",
                        "isbn13": "9780316211055"
                    },
                    {
                        "isbn10": "1455515892",
                        "isbn13": "9781455515899"
                    },
                    {
                        "isbn10": "1455515884",
                        "isbn13": "9781455515882"
                    }
                ],
                "price": 0,
                "primary_isbn10": "1455515884",
                "primary_isbn13": "9781455515882",
                "publisher": "Vision",
                "rank": 11,
                "rank_last_week": 0,
                "sunday_review_link": "",
                "title": "MISTRESS",
                "weeks_on_list": 0
            },
            {
                "age_group": "",
                "amazon_product_url": "http://www.amazon.com/Sharp-Objects-Novel-Gillian-Flynn/dp/0307341550?tag=thenewyorktim-20",
                "article_chapter_link": "",
                "asterisk": 0,
                "author": "Gillian Flynn",
                "book_image": "http://du.ec2.nytimes.com.s3.amazonaws.com/prd/books/9780307341556.jpg",
                "book_review_link": "",
                "contributor": "by Gillian Flynn",
                "contributor_note": "",
                "dagger": 0,
                "description": "Fresh from a stay at a psychiatric hospital, a newspaper reporter returns (reluctantly) to her hometown to cover the murders of two girls.",
                "first_chapter_link": "",
                "isbns": [
                    {
                        "isbn10": "0307341550",
                        "isbn13": "9780307341556"
                    },
                    {
                        "isbn10": "0307351483",
                        "isbn13": "9780307351487"
                    },
                    {
                        "isbn10": "1101902876",
                        "isbn13": "9781101902875"
                    }
                ],
                "price": 0,
                "primary_isbn10": "1101902876",
                "primary_isbn13": "9781101902875",
                "publisher": "Broadway",
                "rank": 12,
                "rank_last_week": 0,
                "sunday_review_link": "",
                "title": "SHARP OBJECTS",
                "weeks_on_list": 0
            },
            {
                "age_group": "",
                "amazon_product_url": "http://www.amazon.com/Mirage-Oregon-Files-Clive-Cussler/dp/0399158081?tag=thenewyorktim-20",
                "article_chapter_link": "",
                "asterisk": 0,
                "author": "Clive Cussler with Jack Du Brul",
                "book_image": "http://du.ec2.nytimes.com.s3.amazonaws.com/prd/books/9780399158087.jpg",
                "book_review_link": "",
                "contributor": "by Clive Cussler with Jack Du Brul",
                "contributor_note": "",
                "dagger": 0,
                "description": "Juan Cabrillo and the crew of the Oregon investigate the disappearance of an American destroyer in 1943.",
                "first_chapter_link": "",
                "isbns": [
                    {
                        "isbn10": "0399158081",
                        "isbn13": "9780399158087"
                    },
                    {
                        "isbn10": "0425250636",
                        "isbn13": "9780425250631"
                    }
                ],
                "price": 0,
                "primary_isbn10": "0425250636",
                "primary_isbn13": "9780425250631",
                "publisher": "Berkley",
                "rank": 13,
                "rank_last_week": 0,
                "sunday_review_link": "",
                "title": "MIRAGE",
                "weeks_on_list": 0
            },
            {
                "age_group": "",
                "amazon_product_url": "http://www.amazon.com/The-Best-Me-Nicholas-Sparks/dp/0446547646?tag=thenewyorktim-20",
                "article_chapter_link": "",
                "asterisk": 0,
                "author": "Nicholas Sparks",
                "book_image": "http://du.ec2.nytimes.com.s3.amazonaws.com/prd/books/9780446547642.jpg",
                "book_review_link": "",
                "contributor": "by Nicholas Sparks",
                "contributor_note": "",
                "dagger": 0,
                "description": "Twenty-five years after their high school romance ended, a man and woman who have gone their separate ways return to their North Carolina town for the funeral of a friend.",
                "first_chapter_link": "",
                "isbns": [
                    {
                        "isbn10": "0446547654",
                        "isbn13": "9780446547659"
                    },
                    {
                        "isbn10": "0446547646",
                        "isbn13": "9780446547642"
                    },
                    {
                        "isbn10": "1455504106",
                        "isbn13": "9781455504107"
                    },
                    {
                        "isbn10": "0446547638",
                        "isbn13": "9780446547635"
                    },
                    {
                        "isbn10": "1455556556",
                        "isbn13": "9781455556557"
                    },
                    {
                        "isbn10": "1455556564",
                        "isbn13": "9781455556564"
                    }
                ],
                "price": 0,
                "primary_isbn10": "1455556564",
                "primary_isbn13": "9781455556564",
                "publisher": "Grand Central",
                "rank": 14,
                "rank_last_week": 0,
                "sunday_review_link": "",
                "title": "THE BEST OF ME",
                "weeks_on_list": 0
            },
            {
                "age_group": "",
                "amazon_product_url": "http://www.amazon.com/Dance-Dragons-Song-Ice-Fire/dp/0553582011?tag=thenewyorktim-20",
                "article_chapter_link": "",
                "asterisk": 0,
                "author": "George R R Martin",
                "book_image": "http://du.ec2.nytimes.com.s3.amazonaws.com/prd/books/9780553582017.jpg",
                "book_review_link": "",
                "contributor": "by George R. R. Martin",
                "contributor_note": "",
                "dagger": 0,
                "description": "In the aftermath of a colossal battle, the Seven Kingdoms face new threats; Book 5 of \u201cA Song of Ice and Fire.\u201d",
                "first_chapter_link": "",
                "isbns": [
                    {
                        "isbn10": "0553801473",
                        "isbn13": "9780553801477"
                    },
                    {
                        "isbn10": "0553905651",
                        "isbn13": "9780553905656"
                    },
                    {
                        "isbn10": "0739375970",
                        "isbn13": "9780739375976"
                    },
                    {
                        "isbn10": "055338595X",
                        "isbn13": "9780553385953"
                    },
                    {
                        "isbn10": "0553582011",
                        "isbn13": "9780553582017"
                    }
                ],
                "price": 0,
                "primary_isbn10": "0553582011",
                "primary_isbn13": "9780553582017",
                "publisher": "Bantam",
                "rank": 15,
                "rank_last_week": 0,
                "sunday_review_link": "",
                "title": "A DANCE WITH DRAGONS",
                "weeks_on_list": 0
            },
            {
                "age_group": "",
                "amazon_product_url": "http://www.amazon.com/Dragonfly-Amber-Outlander-Book-2-ebook/dp/B000FC2L28?tag=thenewyorktim-20",
                "article_chapter_link": "",
                "asterisk": 0,
                "author": "Diana Gabaldon",
                "book_image": "http://du.ec2.nytimes.com.s3.amazonaws.com/prd/books/9780440335184.jpeg",
                "book_review_link": "",
                "contributor": "by Diana Gabaldon",
                "contributor_note": "",
                "dagger": 0,
                "description": "Volume 2 of the Outlander series, about an 18th-century Scottish warrior and a time-traveling World War II-era nurse; first published in 1992.",
                "first_chapter_link": "",
                "isbns": [
                    {
                        "isbn10": "0440215625",
                        "isbn13": "9780440215622"
                    },
                    {
                        "isbn10": "0440335183",
                        "isbn13": "9780440335184"
                    },
                    {
                        "isbn10": "0385335970",
                        "isbn13": "9780385335973"
                    }
                ],
                "price": 0,
                "primary_isbn10": "0440215625",
                "primary_isbn13": "9780440215622",
                "publisher": "Dell",
                "rank": 16,
                "rank_last_week": 0,
                "sunday_review_link": "",
                "title": "DRAGONFLY IN AMBER",
                "weeks_on_list": 0
            },
            {
                "age_group": "",
                "amazon_product_url": "http://www.amazon.com/Gods-Guilt-Lincoln-Lawyer-Novel/dp/1455575992?tag=thenewyorktim-20",
                "article_chapter_link": "",
                "asterisk": 0,
                "author": "Michael Connelly",
                "book_image": "http://du.ec2.nytimes.com.s3.amazonaws.com/prd/books/9780316069502.jpeg",
                "book_review_link": "",
                "contributor": "by Michael Connelly",
                "contributor_note": "",
                "dagger": 0,
                "description": "Mickey Haller, a.k.a. the Lincoln lawyer, is drawn to a murder case in which the victim was his former client, a prostitute he thought he had rescued and put on the straight and narrow path.",
                "first_chapter_link": "",
                "isbns": [
                    {
                        "isbn10": "0316069515",
                        "isbn13": "9780316069519"
                    },
                    {
                        "isbn10": "031640554X",
                        "isbn13": "9780316405546"
                    },
                    {
                        "isbn10": "0316069507",
                        "isbn13": "9780316069502"
                    },
                    {
                        "isbn10": "1455575992",
                        "isbn13": "9781455575992"
                    },
                    {
                        "isbn10": "0316069493",
                        "isbn13": "9780316069496"
                    },
                    {
                        "isbn10": "0446556793",
                        "isbn13": "9780446556798"
                    }
                ],
                "price": 0,
                "primary_isbn10": "0446556793",
                "primary_isbn13": "9780446556798",
                "publisher": "Vision",
                "rank": 17,
                "rank_last_week": 0,
                "sunday_review_link": "",
                "title": "THE GODS OF GUILT",
                "weeks_on_list": 0
            },
            {
                "age_group": "",
                "amazon_product_url": "http://www.amazon.com/Night-Shift-Nalini-Singh/dp/042527392X?tag=thenewyorktim-20",
                "article_chapter_link": "",
                "asterisk": 0,
                "author": "Nalini Singh, Ilona Andrews, Lisa Shearin and Milla Vane",
                "book_image": "http://du.ec2.nytimes.com.s3.amazonaws.com/prd/books/9780425273920.jpeg",
                "book_review_link": "",
                "contributor": "by Nalini Singh, Ilona Andrews, Lisa Shearin and Milla Vane",
                "contributor_note": "",
                "dagger": 0,
                "description": "",
                "first_chapter_link": "",
                "isbns": [
                    {
                        "isbn10": "042527392X",
                        "isbn13": "9780425273920"
                    }
                ],
                "price": 0,
                "primary_isbn10": "042527392X",
                "primary_isbn13": "9780425273920",
                "publisher": "Berkley",
                "rank": 18,
                "rank_last_week": 0,
                "sunday_review_link": "",
                "title": "NIGHT SHIFT",
                "weeks_on_list": 0
            },
            {
                "age_group": "",
                "amazon_product_url": "http://www.amazon.com/Fall-Giants-Book-Century-Trilogy/dp/0451232577?tag=thenewyorktim-20",
                "article_chapter_link": "",
                "asterisk": 0,
                "author": "Ken Follett",
                "book_image": "http://du.ec2.nytimes.com.s3.amazonaws.com/prd/books/9780451232854.jpg",
                "book_review_link": "",
                "contributor": "by Ken Follett",
                "contributor_note": "",
                "dagger": 0,
                "description": "Five interrelated families are caught in the upheavals of World War I and the Russian Revolution; Book 1 of the Century Trilogy.",
                "first_chapter_link": "",
                "isbns": [
                    {
                        "isbn10": "0451232577",
                        "isbn13": "9780451232571"
                    },
                    {
                        "isbn10": "0451232852",
                        "isbn13": "9780451232854"
                    }
                ],
                "price": 0,
                "primary_isbn10": "0451232852",
                "primary_isbn13": "9780451232854",
                "publisher": "Signet",
                "rank": 19,
                "rank_last_week": 0,
                "sunday_review_link": "",
                "title": "FALL OF GIANTS",
                "weeks_on_list": 0
            },
            {
                "age_group": "",
                "amazon_product_url": "http://www.amazon.com/Home-Seattle-Playboy-Widow\\Fallen-Angel/dp/0778316785?tag=thenewyorktim-20",
                "article_chapter_link": "",
                "asterisk": 0,
                "author": "Debbie Macomber",
                "book_image": "http://du.ec2.nytimes.com.s3.amazonaws.com/prd/books/9780778316787.jpeg",
                "book_review_link": "",
                "contributor": "by Debbie Macomber",
                "contributor_note": "",
                "dagger": 0,
                "description": "",
                "first_chapter_link": "",
                "isbns": [
                    {
                        "isbn10": "0778316785",
                        "isbn13": "9780778316787"
                    }
                ],
                "price": 0,
                "primary_isbn10": "0778316785",
                "primary_isbn13": "9780778316787",
                "publisher": "Harlequin MIRA",
                "rank": 20,
                "rank_last_week": 0,
                "sunday_review_link": "",
                "title": "HOME IN SEATTLE",
                "weeks_on_list": 0
            }
        ],
        "corrections": [],
        "display_name": "Paperback Mass-Market Fiction",
        "list_name": "Mass Market Paperback",
        "normal_list_ends_at": 10,
        "published_date": "2014-12-14",
        "updated": "WEEKLY"
    },
    "status": "OK"
}