{
    "copyright": "Copyright (c) 2014 The New York Times Company.  All Rights Reserved.",
    "last_modified": "2014-08-06T19:16:29-04:00",
    "num_results": 10,
    "results": {
        "bestsellers_date": "2013-09-28",
        "books": [
            {
                "age_group": "",
                "amazon_product_url": "http://www.amazon.com/Outliers-Story-Success-Malcolm-Gladwell/dp/0316017930?tag=thenewyorktim-20",
                "article_chapter_link": "",
                "asterisk": 0,
                "author": "Malcolm Gladwell",
                "book_image": "http://du.ec2.nytimes.com.s3.amazonaws.com/prd/books/9780316017930.jpg",
                "book_review_link": "",
                "contributor": "by Malcolm Gladwell",
                "contributor_note": "",
                "dagger": 0,
                "description": "Why some people succeed \u2014 it has to do with luck and opportunities as well as talent.",
                "first_chapter_link": "",
                "isbns": [
                    {
                        "isbn10": "0316017922",
                        "isbn13": "9780316017923"
                    },
                    {
                        "isbn10": "0316040347",
                        "isbn13": "9780316040341"
                    },
                    {
                        "isbn10": "0316017930",
                        "isbn13": "9780316017930"
                    },
                    {
                        "isbn10": "1600243916",
                        "isbn13": "9781600243912"
                    }
                ],
                "price": 0,
                "primary_isbn10": "0316017930",
                "primary_isbn13": "9780316017930",
                "publisher": "Back Bay/Little, Brown",
                "rank": 1,
                "rank_last_week": 0,
                "sunday_review_link": "",
                "title": "OUTLIERS",
                "weeks_on_list": 0
            },
            {
                "age_group": "",
                "amazon_product_url": "http://www.amazon.com/Thinking-Fast-Slow-Daniel-Kahneman-ebook/dp/B00555X8OA?tag=thenewyorktim-20",
                "article_chapter_link": "",
                "asterisk": 0,
                "author": "Daniel Kahneman",
                "book_image": "http://du.ec2.nytimes.com.s3.amazonaws.com/prd/books/9781429969352.jpg",
                "book_review_link": "",
                "contributor": "by Daniel Kahneman",
                "contributor_note": "",
                "dagger": 0,
                "description": "The winner of the Nobel in economic science discusses how we make choices in business and personal life.",
                "first_chapter_link": "",
                "isbns": [
                    {
                        "isbn10": "0374275637",
                        "isbn13": "9780374275631"
                    },
                    {
                        "isbn10": "0739357980",
                        "isbn13": "9780739357989"
                    },
                    {
                        "isbn10": "0374533555",
                        "isbn13": "9780374533557"
                    }
                ],
                "price": 0,
                "primary_isbn10": "0374533555",
                "primary_isbn13": "9780374533557",
                "publisher": "Farrar, Straus & Giroux",
                "rank": 2,
                "rank_last_week": 0,
                "sunday_review_link": "",
                "title": "THINKING, FAST AND SLOW",
                "weeks_on_list": 0
            },
            {
                "age_group": "",
                "amazon_product_url": "http://www.amazon.com/Steve-Jobs-Walter-Isaacson-ebook/dp/B004W2UBYW?tag=thenewyorktim-20",
                "article_chapter_link": "",
                "asterisk": 0,
                "author": "Walter Isaacson",
                "book_image": "http://du.ec2.nytimes.com.s3.amazonaws.com/prd/books/9781451648553.jpg",
                "book_review_link": "",
                "contributor": "by Walter Isaacson",
                "contributor_note": "",
                "dagger": 0,
                "description": "A biography of the entrepreneur, based on 40 interviews with Jobs conducted over two years.",
                "first_chapter_link": "",
                "isbns": [
                    {
                        "isbn10": "1451648537",
                        "isbn13": "9781451648539"
                    },
                    {
                        "isbn10": "1451648553",
                        "isbn13": "9781451648553"
                    },
                    {
                        "isbn10": "1442346272",
                        "isbn13": "9781442346277"
                    },
                    {
                        "isbn10": "1442346949",
                        "isbn13": "9781442346949"
                    },
                    {
                        "isbn10": "1410445224",
                        "isbn13": "9781410445223"
                    },
                    {
                        "isbn10": "030795028X",
                        "isbn13": "9780307950284"
                    },
                    {
                        "isbn10": "1408703742",
                        "isbn13": "9781408703748"
                    },
                    {
                        "isbn10": "1451648545",
                        "isbn13": "9781451648546"
                    },
                    {
                        "isbn10": "1594136793",
                        "isbn13": "9781594136795"
                    }
                ],
                "price": 0,
                "primary_isbn10": "1451648545",
                "primary_isbn13": "9781451648546",
                "publisher": "Simon & Schuster",
                "rank": 3,
                "rank_last_week": 0,
                "sunday_review_link": "",
                "title": "STEVE JOBS",
                "weeks_on_list": 0
            },
            {
                "age_group": "",
                "amazon_product_url": "http://www.amazon.com/Convert-Every-Click-Conversion-Optimization/dp/1118759672?tag=thenewyorktim-20",
                "article_chapter_link": "",
                "asterisk": 0,
                "author": "Benji Rabhan",
                "book_image": "http://du.ec2.nytimes.com.s3.amazonaws.com/prd/books/9781118759677.jpg",
                "book_review_link": "",
                "contributor": "by Benji Rabhan",
                "contributor_note": "",
                "dagger": 0,
                "description": "How to increase your business\u2019s Web site profits.",
                "first_chapter_link": "",
                "isbns": [
                    {
                        "isbn10": "1118759672",
                        "isbn13": "9781118759677"
                    }
                ],
                "price": 0,
                "primary_isbn10": "1118759672",
                "primary_isbn13": "9781118759677",
                "publisher": "Wiley",
                "rank": 4,
                "rank_last_week": 0,
                "sunday_review_link": "",
                "title": "CONVERT EVERY CLICK",
                "weeks_on_list": 0
            },
            {
                "age_group": "",
                "amazon_product_url": "http://www.amazon.com/The-Tipping-Point-Little-Difference-ebook/dp/B000OT8GD0?tag=thenewyorktim-20",
                "article_chapter_link": "",
                "asterisk": 0,
                "author": "Malcolm Gladwell",
                "book_image": "http://du.ec2.nytimes.com.s3.amazonaws.com/prd/books/9780759574731.jpg",
                "book_review_link": "",
                "contributor": "by Malcolm Gladwell",
                "contributor_note": "",
                "dagger": 0,
                "description": "How and why certain products and ideas become fads.",
                "first_chapter_link": "http://www.nytimes.com/books/first/g/gladwell-tipping.html",
                "isbns": [
                    {
                        "isbn10": "0316346624",
                        "isbn13": "9780316346627"
                    },
                    {
                        "isbn10": "0759574731",
                        "isbn13": "9780759574731"
                    },
                    {
                        "isbn10": "0759574707",
                        "isbn13": "9780759574700"
                    },
                    {
                        "isbn10": "0316316962",
                        "isbn13": "9780316316965"
                    },
                    {
                        "isbn10": "1600240054",
                        "isbn13": "9781600240058"
                    }
                ],
                "price": 0,
                "primary_isbn10": "0316346624",
                "primary_isbn13": "9780316346627",
                "publisher": "Back Bay/Little Brown",
                "rank": 5,
                "rank_last_week": 0,
                "sunday_review_link": "http://www.nytimes.com/books/00/03/05/reviews/000305.05wolfet.html",
                "title": "THE TIPPING POINT",
                "weeks_on_list": 0
            },
            {
                "age_group": "",
                "amazon_product_url": "http://www.amazon.com/Heads-Beds-Reckless-So-Called-Hospitality/dp/030794834X?tag=thenewyorktim-20",
                "article_chapter_link": "",
                "asterisk": 0,
                "author": "Jacob Tomsky",
                "book_image": "http://du.ec2.nytimes.com.s3.amazonaws.com/prd/books/9780385535649.jpg",
                "book_review_link": "",
                "contributor": "by Jacob Tomsky",
                "contributor_note": "",
                "dagger": 0,
                "description": "A veteran of the hotel industry offers an inside look at the not-always-savory tricks of the trade.",
                "first_chapter_link": "",
                "isbns": [
                    {
                        "isbn10": "0385535635",
                        "isbn13": "9780385535632"
                    },
                    {
                        "isbn10": "0385535643",
                        "isbn13": "9780385535649"
                    },
                    {
                        "isbn10": "030794834X",
                        "isbn13": "9780307948342"
                    }
                ],
                "price": 0,
                "primary_isbn10": "030794834X",
                "primary_isbn13": "9780307948342",
                "publisher": "Anchor",
                "rank": 6,
                "rank_last_week": 0,
                "sunday_review_link": "",
                "title": "HEADS IN BEDS",
                "weeks_on_list": 0
            },
            {
                "age_group": "",
                "amazon_product_url": "http://www.amazon.com/Drive-Surprising-Truth-About-Motivates/dp/1594484805?tag=thenewyorktim-20",
                "article_chapter_link": "",
                "asterisk": 0,
                "author": "Daniel H Pink",
                "book_image": "http://du.ec2.nytimes.com.s3.amazonaws.com/prd/books/9781594484803.jpg",
                "book_review_link": "",
                "contributor": "by Daniel H. Pink",
                "contributor_note": "",
                "dagger": 0,
                "description": "A look at what truly motivates us, and how we can use that knowledge to work smarter and live better.",
                "first_chapter_link": "",
                "isbns": [
                    {
                        "isbn10": "1594488843",
                        "isbn13": "9781594488849"
                    },
                    {
                        "isbn10": "1594484805",
                        "isbn13": "9781594484803"
                    },
                    {
                        "isbn10": "0143145088",
                        "isbn13": "9780143145080"
                    }
                ],
                "price": 0,
                "primary_isbn10": "1594484805",
                "primary_isbn13": "9781594484803",
                "publisher": "Riverhead",
                "rank": 7,
                "rank_last_week": 0,
                "sunday_review_link": "",
                "title": "DRIVE",
                "weeks_on_list": 0
            },
            {
                "age_group": "",
                "amazon_product_url": "http://www.amazon.com/Freakonomics-Economist-Explores-Hidden-Everything/dp/0060731338?tag=thenewyorktim-20",
                "article_chapter_link": "",
                "asterisk": 0,
                "author": "Steven D Levitt and Stephen J Dubner",
                "book_image": "http://du.ec2.nytimes.com.s3.amazonaws.com/prd/books/9780060731335.jpg",
                "book_review_link": "",
                "contributor": "by Steven D. Levitt and Stephen J. Dubner",
                "contributor_note": "",
                "dagger": 0,
                "description": "A maverick scholar and a journalist apply economic theory to everything from cheating sumo wrestlers to the falling crime rate.",
                "first_chapter_link": "",
                "isbns": [
                    {
                        "isbn10": "0060731338",
                        "isbn13": "9780060731335"
                    },
                    {
                        "isbn10": "0061792802",
                        "isbn13": "9780061792809"
                    },
                    {
                        "isbn10": "0061234001",
                        "isbn13": "9780061234002"
                    },
                    {
                        "isbn10": "0061238538",
                        "isbn13": "9780061238536"
                    },
                    {
                        "isbn10": "006073132X",
                        "isbn13": "9780060731328"
                    },
                    {
                        "isbn10": "0061992666",
                        "isbn13": "9780061992667"
                    }
                ],
                "price": 0,
                "primary_isbn10": "0060731338",
                "primary_isbn13": "9780060731335",
                "publisher": "Harper Perennial",
                "rank": 8,
                "rank_last_week": 0,
                "sunday_review_link": "http://www.nytimes.com/2005/05/15/books/review/15HOLTL.html",
                "title": "FREAKONOMICS",
                "weeks_on_list": 0
            },
            {
                "age_group": "",
                "amazon_product_url": "http://www.amazon.com/The-Checklist-Manifesto-Things-Right/dp/0312430000?tag=thenewyorktim-20",
                "article_chapter_link": "",
                "asterisk": 0,
                "author": "Atul Gawande",
                "book_image": "http://du.ec2.nytimes.com.s3.amazonaws.com/prd/books/9780805091748.jpg",
                "book_review_link": "",
                "contributor": "by Atul Gawande",
                "contributor_note": "",
                "dagger": 0,
                "description": "A simple way to manage complexity.",
                "first_chapter_link": "",
                "isbns": [
                    {
                        "isbn10": "0312430000",
                        "isbn13": "9780312430009"
                    },
                    {
                        "isbn10": "0805091742",
                        "isbn13": "9780805091748"
                    },
                    {
                        "isbn10": "1427208980",
                        "isbn13": "9781427208989"
                    },
                    {
                        "isbn10": "1429953381",
                        "isbn13": "9781429953382"
                    }
                ],
                "price": 0,
                "primary_isbn10": "0312430000",
                "primary_isbn13": "9780312430009",
                "publisher": "Picador",
                "rank": 9,
                "rank_last_week": 0,
                "sunday_review_link": "",
                "title": "THE CHECKLIST MANIFESTO",
                "weeks_on_list": 0
            },
            {
                "age_group": "",
                "amazon_product_url": "http://www.amazon.com/Why-Nations-Fail-Origins-Prosperity-ebook/dp/B0058Z4NR8?tag=thenewyorktim-20",
                "article_chapter_link": "",
                "asterisk": 0,
                "author": "Daron Acemoglu and James A Robinson",
                "book_image": "http://du.ec2.nytimes.com.s3.amazonaws.com/prd/books/9780307719232.jpg",
                "book_review_link": "",
                "contributor": "by Daron Acemoglu and James A. Robinson",
                "contributor_note": "",
                "dagger": 0,
                "description": "How political and economic institutions lead to economic success or failure.",
                "first_chapter_link": "",
                "isbns": [
                    {
                        "isbn10": "0307719219",
                        "isbn13": "9780307719218"
                    },
                    {
                        "isbn10": "0307719235",
                        "isbn13": "9780307719232"
                    },
                    {
                        "isbn10": "0307719227",
                        "isbn13": "9780307719225"
                    }
                ],
                "price": 0,
                "primary_isbn10": "0307719227",
                "primary_isbn13": "9780307719225",
                "publisher": "Crown Business",
                "rank": 10,
                "rank_last_week": 0,
                "sunday_review_link": "",
                "title": "WHY NATIONS FAIL",
                "weeks_on_list": 0
            }
        ],
        "corrections": [],
        "display_name": "Paperback Business Books",
        "list_name": "Paperback Business Books",
        "normal_list_ends_at": 10,
        "published_date": "2013-10-13",
        "updated": "MONTHLY"
    },
    "status": "OK"
}