{
    "copyright": "Copyright (c) 2014 The New York Times Company.  All Rights Reserved.",
    "last_modified": "2014-08-08T15:14:34-04:00",
    "num_results": 15,
    "results": {
        "bestsellers_date": "2013-04-06",
        "books": [
            {
                "age_group": "",
                "amazon_product_url": "http://www.amazon.com/ObamaCare-Survival-Guide-Nick-Tate/dp/0893348627?tag=thenewyorktim-20",
                "article_chapter_link": "",
                "asterisk": 0,
                "author": "Nick Tate",
                "book_image": "http://du.ec2.nytimes.com.s3.amazonaws.com/prd/books/9780893348625.jpg",
                "book_review_link": "",
                "contributor": "by Nick Tate",
                "contributor_note": "",
                "dagger": 1,
                "description": "An explanation of and arguments against the Affordable Care Act.",
                "first_chapter_link": "",
                "isbns": [
                    {
                        "isbn10": "0893348627",
                        "isbn13": "9780893348625"
                    }
                ],
                "price": 19.95,
                "primary_isbn10": "0893348627",
                "primary_isbn13": "9780893348625",
                "publisher": "Humanix",
                "rank": 1,
                "rank_last_week": 0,
                "sunday_review_link": "",
                "title": "OBAMACARE SURVIVAL GUIDE",
                "weeks_on_list": 10
            },
            {
                "age_group": "",
                "amazon_product_url": "http://www.amazon.com/The-Love-Languages-Secret-Lasts/dp/0802473156?tag=thenewyorktim-20",
                "article_chapter_link": "",
                "asterisk": 0,
                "author": "Gary Chapman",
                "book_image": "http://du.ec2.nytimes.com.s3.amazonaws.com/prd/books/9780802473158.jpg",
                "book_review_link": "",
                "contributor": "by Gary Chapman",
                "contributor_note": "",
                "dagger": 0,
                "description": "How to communicate love in a way a spouse will understand.",
                "first_chapter_link": "",
                "isbns": [
                    {
                        "isbn10": "0802473156",
                        "isbn13": "9780802473158"
                    },
                    {
                        "isbn10": "1881273156",
                        "isbn13": "9781881273158"
                    },
                    {
                        "isbn10": "1594150818",
                        "isbn13": "9781594150814"
                    },
                    {
                        "isbn10": "1415857318",
                        "isbn13": "9781415857311"
                    },
                    {
                        "isbn10": "1575678853",
                        "isbn13": "9781575678856"
                    },
                    {
                        "isbn10": "0802473628",
                        "isbn13": "9780802473622"
                    },
                    {
                        "isbn10": "1589269071",
                        "isbn13": "9781589269071"
                    },
                    {
                        "isbn10": "1598595474",
                        "isbn13": "9781598595475"
                    },
                    {
                        "isbn10": "1881273105",
                        "isbn13": "9781881273103"
                    },
                    {
                        "isbn10": "1598590669",
                        "isbn13": "9781598590661"
                    }
                ],
                "price": 14.99,
                "primary_isbn10": "0802473156",
                "primary_isbn13": "9780802473158",
                "publisher": "Northfield",
                "rank": 2,
                "rank_last_week": 0,
                "sunday_review_link": "",
                "title": "THE FIVE LOVE LANGUAGES",
                "weeks_on_list": 297
            },
            {
                "age_group": "",
                "amazon_product_url": "http://www.amazon.com/The-Beauty-Detox-Foods-Transform/dp/0373892640?tag=thenewyorktim-20",
                "article_chapter_link": "",
                "asterisk": 0,
                "author": "Kimberly Snyder",
                "book_image": "http://du.ec2.nytimes.com.s3.amazonaws.com/prd/books/9780373892648.jpg",
                "book_review_link": "",
                "contributor": "by Kimberly Snyder",
                "contributor_note": "",
                "dagger": 1,
                "description": "Fifty foods, none of them meat, for transforming your body; with recipes.",
                "first_chapter_link": "",
                "isbns": [
                    {
                        "isbn10": "0373892640",
                        "isbn13": "9780373892648"
                    }
                ],
                "price": 17.95,
                "primary_isbn10": "0373892640",
                "primary_isbn13": "9780373892648",
                "publisher": "Harlequin",
                "rank": 3,
                "rank_last_week": 0,
                "sunday_review_link": "",
                "title": "THE BEAUTY DETOX FOODS",
                "weeks_on_list": 2
            },
            {
                "age_group": "",
                "amazon_product_url": "http://www.amazon.com/What-Expect-Youre-Expecting-Edition/dp/0761148574?tag=thenewyorktim-20",
                "article_chapter_link": "",
                "asterisk": 0,
                "author": "Heidi Murkoff and Sharon Mazel",
                "book_image": "http://du.ec2.nytimes.com.s3.amazonaws.com/prd/books/9780761148579.jpg",
                "book_review_link": "",
                "contributor": "by Heidi Murkoff and Sharon Mazel",
                "contributor_note": "",
                "dagger": 1,
                "description": "Advice for parents-to-be.",
                "first_chapter_link": "",
                "isbns": [
                    {
                        "isbn10": "0761148574",
                        "isbn13": "9780761148579"
                    },
                    {
                        "isbn10": "0761121323",
                        "isbn13": "9780761121329"
                    },
                    {
                        "isbn10": "076115079X",
                        "isbn13": "9780761150794"
                    }
                ],
                "price": 14.95,
                "primary_isbn10": "0761148574",
                "primary_isbn13": "9780761148579",
                "publisher": "Workman",
                "rank": 4,
                "rank_last_week": 0,
                "sunday_review_link": "",
                "title": "WHAT TO EXPECT WHEN YOU'RE EXPECTING",
                "weeks_on_list": 607
            },
            {
                "age_group": "",
                "amazon_product_url": "http://www.amazon.com/The-Gifts-Imperfection-Supposed-Embrace/dp/159285849X?tag=thenewyorktim-20",
                "article_chapter_link": "",
                "asterisk": 0,
                "author": "Brene Brown",
                "book_image": "http://du.ec2.nytimes.com.s3.amazonaws.com/prd/books/9781592858491.jpg",
                "book_review_link": "",
                "contributor": "by Brene Brown",
                "contributor_note": "",
                "dagger": 0,
                "description": "Letting go of who you think you\u2019re supposed to be to embrace who you are.",
                "first_chapter_link": "",
                "isbns": [
                    {
                        "isbn10": "159285849X",
                        "isbn13": "9781592858491"
                    }
                ],
                "price": 14.95,
                "primary_isbn10": "159285849X",
                "primary_isbn13": "9781592858491",
                "publisher": "Hazelden",
                "rank": 5,
                "rank_last_week": 0,
                "sunday_review_link": "",
                "title": "THE GIFTS OF IMPERFECTION",
                "weeks_on_list": 2
            },
            {
                "age_group": "",
                "amazon_product_url": "http://www.amazon.com/Forks-Over-Knives-Cookbook-Plant-Based/dp/1615190619?tag=thenewyorktim-20",
                "article_chapter_link": "",
                "asterisk": 0,
                "author": "Del Sroufe",
                "book_image": "http://du.ec2.nytimes.com.s3.amazonaws.com/prd/books/9781615190614.jpg",
                "book_review_link": "",
                "contributor": "by Del Sroufe",
                "contributor_note": "",
                "dagger": 0,
                "description": "A companion cookbook, with over 300 plant-based recipes.",
                "first_chapter_link": "",
                "isbns": [
                    {
                        "isbn10": "1615190619",
                        "isbn13": "9781615190614"
                    }
                ],
                "price": 18.95,
                "primary_isbn10": "1615190619",
                "primary_isbn13": "9781615190614",
                "publisher": "The Experiment",
                "rank": 6,
                "rank_last_week": 0,
                "sunday_review_link": "",
                "title": "FORKS OVER KNIVES - THE COOKBOOK",
                "weeks_on_list": 21
            },
            {
                "age_group": "",
                "amazon_product_url": "http://www.amazon.com/Eat-Live-Amazing-Nutrient-Rich-Sustained/dp/B008YE8B82?tag=thenewyorktim-20",
                "article_chapter_link": "",
                "asterisk": 0,
                "author": "Joel Fuhrman",
                "book_image": "http://du.ec2.nytimes.com.s3.amazonaws.com/prd/books/9780316206648.jpg",
                "book_review_link": "",
                "contributor": "by Joel Fuhrman",
                "contributor_note": "",
                "dagger": 0,
                "description": "A plan for achieving fast and sustained weight loss.",
                "first_chapter_link": "",
                "isbns": [
                    {
                        "isbn10": "031612091X",
                        "isbn13": "9780316120913"
                    },
                    {
                        "isbn10": "0316206644",
                        "isbn13": "9780316206648"
                    },
                    {
                        "isbn10": "0316183202",
                        "isbn13": "9780316183208"
                    },
                    {
                        "isbn10": "0759527415",
                        "isbn13": "9780759527416"
                    }
                ],
                "price": 15.99,
                "primary_isbn10": "031612091X",
                "primary_isbn13": "9780316120913",
                "publisher": "Little, Brown",
                "rank": 7,
                "rank_last_week": 0,
                "sunday_review_link": "",
                "title": "EAT TO LIVE",
                "weeks_on_list": 90
            },
            {
                "age_group": "",
                "amazon_product_url": "http://www.amazon.com/The-Honest-Life-Living-Naturally/dp/1609619110?tag=thenewyorktim-20",
                "article_chapter_link": "",
                "asterisk": 0,
                "author": "Jessica Alba",
                "book_image": "http://du.ec2.nytimes.com.s3.amazonaws.com/prd/books/9781609619114.jpg",
                "book_review_link": "",
                "contributor": "by Jessica Alba",
                "contributor_note": "",
                "dagger": 0,
                "description": "Making nontoxic choices, from diet to home materials to beauty products.\u00a0",
                "first_chapter_link": "",
                "isbns": [
                    {
                        "isbn10": "1609619110",
                        "isbn13": "9781609619114"
                    }
                ],
                "price": 22.99,
                "primary_isbn10": "1609619110",
                "primary_isbn13": "9781609619114",
                "publisher": "Rodale",
                "rank": 8,
                "rank_last_week": 0,
                "sunday_review_link": "",
                "title": "THE HONEST LIFE",
                "weeks_on_list": 4
            },
            {
                "age_group": "",
                "amazon_product_url": "http://www.amazon.com/Clean-Enhanced-Edition-Revolutionary-Program-ebook/dp/B003YL4KPS?tag=thenewyorktim-20",
                "article_chapter_link": "",
                "asterisk": 0,
                "author": "Alejandro Junger with Amely Greeven",
                "book_image": "http://du.ec2.nytimes.com.s3.amazonaws.com/prd/books/9780061735325.jpg",
                "book_review_link": "",
                "contributor": "by Alejandro Junger with Amely Greeven",
                "contributor_note": "",
                "dagger": 0,
                "description": "A program to rid the body of a multitude of toxins.",
                "first_chapter_link": "",
                "isbns": [
                    {
                        "isbn10": "0061735337",
                        "isbn13": "9780061735332"
                    },
                    {
                        "isbn10": "0062201662",
                        "isbn13": "9780062201669"
                    }
                ],
                "price": 14.99,
                "primary_isbn10": "0062201662",
                "primary_isbn13": "9780062201669",
                "publisher": "HarperOne",
                "rank": 9,
                "rank_last_week": 0,
                "sunday_review_link": "",
                "title": "CLEAN",
                "weeks_on_list": 8
            },
            {
                "age_group": "",
                "amazon_product_url": "http://www.amazon.com/The-Happiness-Project-Aristotle-Generally/dp/006158326X?tag=thenewyorktim-20",
                "article_chapter_link": "",
                "asterisk": 1,
                "author": "Gretchen Rubin",
                "book_image": "http://du.ec2.nytimes.com.s3.amazonaws.com/prd/books/9780061583261.jpg",
                "book_review_link": "",
                "contributor": "by Gretchen Rubin",
                "contributor_note": "",
                "dagger": 0,
                "description": "In a hunt for happiness, the author consulted science, ancient wisdom and pop culture.",
                "first_chapter_link": "",
                "isbns": [
                    {
                        "isbn10": "0061583251",
                        "isbn13": "9780061583254"
                    },
                    {
                        "isbn10": "006158326X",
                        "isbn13": "9780061583261"
                    },
                    {
                        "isbn10": "0061962066",
                        "isbn13": "9780061962066"
                    }
                ],
                "price": 14.99,
                "primary_isbn10": "006158326X",
                "primary_isbn13": "9780061583261",
                "publisher": "Harper",
                "rank": 10,
                "rank_last_week": 0,
                "sunday_review_link": "",
                "title": "THE HAPPINESS PROJECT",
                "weeks_on_list": 107
            },
            {
                "age_group": "",
                "amazon_product_url": "http://www.amazon.com/Practical-Paleo-Customized-Whole-Foods-Lifestyle/dp/1936608758?tag=thenewyorktim-20",
                "article_chapter_link": "",
                "asterisk": 0,
                "author": "Diane Sanfilippo",
                "book_image": "http://du.ec2.nytimes.com.s3.amazonaws.com/prd/books/9781936608751.jpg",
                "book_review_link": "",
                "contributor": "by Diane Sanfilippo",
                "contributor_note": "",
                "dagger": 0,
                "description": "A customized approach to health and a whole-foods lifestyle.",
                "first_chapter_link": "",
                "isbns": [
                    {
                        "isbn10": "1936608758",
                        "isbn13": "9781936608751"
                    }
                ],
                "price": 0,
                "primary_isbn10": "1936608758",
                "primary_isbn13": "9781936608751",
                "publisher": "Victory Belt",
                "rank": 11,
                "rank_last_week": 0,
                "sunday_review_link": "",
                "title": "PRACTICAL PALEO",
                "weeks_on_list": 0
            },
            {
                "age_group": "",
                "amazon_product_url": "http://www.amazon.com/The-Untethered-Soul-Journey-Yourself/dp/1572245379?tag=thenewyorktim-20",
                "article_chapter_link": "",
                "asterisk": 0,
                "author": "Michael A Singer",
                "book_image": "http://du.ec2.nytimes.com.s3.amazonaws.com/prd/books/9781572245372.jpg",
                "book_review_link": "",
                "contributor": "by Michael A. Singer",
                "contributor_note": "",
                "dagger": 0,
                "description": "The answer to who we are is said to be found in our consciousness, the process of Gyana, the yoga of the Intellect.",
                "first_chapter_link": "",
                "isbns": [
                    {
                        "isbn10": "1572245379",
                        "isbn13": "9781572245372"
                    },
                    {
                        "isbn10": "1626250766",
                        "isbn13": "9781626250765"
                    },
                    {
                        "isbn10": "1452605165",
                        "isbn13": "9781452605166"
                    }
                ],
                "price": 0,
                "primary_isbn10": "1572245379",
                "primary_isbn13": "9781572245372",
                "publisher": "New Harbinger/Noetic",
                "rank": 12,
                "rank_last_week": 0,
                "sunday_review_link": "",
                "title": "THE UNTETHERED SOUL",
                "weeks_on_list": 0
            },
            {
                "age_group": "",
                "amazon_product_url": "http://www.amazon.com/To-Heaven-Back-Doctors-Extraordinary/dp/0307731715?tag=thenewyorktim-20",
                "article_chapter_link": "",
                "asterisk": 0,
                "author": "Mary C Neal",
                "book_image": "http://du.ec2.nytimes.com.s3.amazonaws.com/prd/books/9780307731715.jpg",
                "book_review_link": "",
                "contributor": "by Mary C. Neal",
                "contributor_note": "",
                "dagger": 0,
                "description": "A spiritual journey the author experienced after a kayak accident.\u00a0",
                "first_chapter_link": "",
                "isbns": [
                    {
                        "isbn10": "0307731715",
                        "isbn13": "9780307731715"
                    },
                    {
                        "isbn10": "0615486223",
                        "isbn13": "9780615486222"
                    },
                    {
                        "isbn10": "0984819215",
                        "isbn13": "9780984819218"
                    }
                ],
                "price": 0,
                "primary_isbn10": "0307731715",
                "primary_isbn13": "9780307731715",
                "publisher": "WaterBrook",
                "rank": 13,
                "rank_last_week": 0,
                "sunday_review_link": "",
                "title": "TO HEAVEN AND BACK",
                "weeks_on_list": 0
            },
            {
                "age_group": "",
                "amazon_product_url": "http://www.amazon.com/Outsource-Smart-Without-Letting-Business/dp/0071799796?tag=thenewyorktim-20",
                "article_chapter_link": "",
                "asterisk": 0,
                "author": "Daven Michaels",
                "book_image": "http://du.ec2.nytimes.com.s3.amazonaws.com/prd/books/9780071799799.jpg",
                "book_review_link": "",
                "contributor": "by Daven Michaels",
                "contributor_note": "",
                "dagger": 0,
                "description": "The benefits of outsourcing while staying competitive and freeing up more time for self.",
                "first_chapter_link": "",
                "isbns": [
                    {
                        "isbn10": "0071799796",
                        "isbn13": "9780071799799"
                    }
                ],
                "price": 0,
                "primary_isbn10": "0071799796",
                "primary_isbn13": "9780071799799",
                "publisher": "McGraw-Hill",
                "rank": 14,
                "rank_last_week": 0,
                "sunday_review_link": "",
                "title": "OUTSOURCE SMART",
                "weeks_on_list": 0
            },
            {
                "age_group": "",
                "amazon_product_url": "http://www.amazon.com/From-Mamas-Table-Mine-Everybodys/dp/0345536630?tag=thenewyorktim-20",
                "article_chapter_link": "",
                "asterisk": 0,
                "author": "Bob Deen",
                "book_image": "http://du.ec2.nytimes.com.s3.amazonaws.com/prd/books/9780345536631.jpg",
                "book_review_link": "",
                "contributor": "by Bobby Deen",
                "contributor_note": "",
                "dagger": 0,
                "description": "Reduced-fat Southern comfort food, including Charleston shrimp and grits.",
                "first_chapter_link": "",
                "isbns": [
                    {
                        "isbn10": "0345536630",
                        "isbn13": "9780345536631"
                    }
                ],
                "price": 0,
                "primary_isbn10": "0345536630",
                "primary_isbn13": "9780345536631",
                "publisher": "Ballantine",
                "rank": 15,
                "rank_last_week": 0,
                "sunday_review_link": "",
                "title": "FROM MAMA'S TABLE TO MINE",
                "weeks_on_list": 0
            }
        ],
        "corrections": [],
        "display_name": "Paperback Advice & Misc.",
        "list_name": "Paperback Advice",
        "normal_list_ends_at": 10,
        "published_date": "2013-04-21",
        "updated": "WEEKLY"
    },
    "status": "OK"
}