{
    "copyright": "Copyright (c) 2014 The New York Times Company.  All Rights Reserved.",
    "last_modified": "2014-12-08T17:00:51-05:00",
    "num_results": 10,
    "results": {
        "bestsellers_date": "2014-11-29",
        "books": [
            {
                "age_group": "",
                "amazon_product_url": "http://www.amazon.com/Sisters-Raina-Telgemeier/dp/0545540607?tag=thenewyorktim-20",
                "article_chapter_link": "",
                "asterisk": 0,
                "author": "Raina Telgemeier",
                "book_image": "http://du.ec2.nytimes.com.s3.amazonaws.com/prd/books/9780545540605.jpeg",
                "book_review_link": "",
                "contributor": "by Raina Telgemeier",
                "contributor_note": "",
                "dagger": 0,
                "description": "Raina is stuck in the back seat between her younger brother and sister for a weeklong road trip in this family memoir. Will such close quarters force the siblings to finally get along?",
                "first_chapter_link": "",
                "isbns": [
                    {
                        "isbn10": "0545540607",
                        "isbn13": "9780545540605"
                    }
                ],
                "price": 0,
                "primary_isbn10": "0545540607",
                "primary_isbn13": "9780545540605",
                "publisher": "Scholastic",
                "rank": 1,
                "rank_last_week": 0,
                "sunday_review_link": "",
                "title": "SISTERS",
                "weeks_on_list": 15
            },
            {
                "age_group": "",
                "amazon_product_url": "http://www.amazon.com/Smile-Raina-Telgemeier/dp/0545132061?tag=thenewyorktim-20",
                "article_chapter_link": "",
                "asterisk": 0,
                "author": "Raina Telgemeier",
                "book_image": "http://du.ec2.nytimes.com.s3.amazonaws.com/prd/books/9780545132060.jpg",
                "book_review_link": "",
                "contributor": "by Raina Telgemeier",
                "contributor_note": "",
                "dagger": 0,
                "description": "Raina experiences braces, an earthquake, boy troubles, frenemies and other plagues of the sixth grade.",
                "first_chapter_link": "",
                "isbns": [
                    {
                        "isbn10": "0545132061",
                        "isbn13": "9780545132060"
                    },
                    {
                        "isbn10": "0606140824",
                        "isbn13": "9780606140829"
                    }
                ],
                "price": 0,
                "primary_isbn10": "0545132061",
                "primary_isbn13": "9780545132060",
                "publisher": "Scholastic",
                "rank": 2,
                "rank_last_week": 0,
                "sunday_review_link": "",
                "title": "SMILE",
                "weeks_on_list": 129
            },
            {
                "age_group": "",
                "amazon_product_url": "http://www.amazon.com/The-Walking-Dead-Volume-Beginning/dp/1632150417?tag=thenewyorktim-20",
                "article_chapter_link": "",
                "asterisk": 0,
                "author": "Robert Kirkman and Charlie Adlard",
                "book_image": "http://du.ec2.nytimes.com.s3.amazonaws.com/prd/books/9781632150417.jpeg",
                "book_review_link": "",
                "contributor": "by Robert Kirkman and Charlie Adlard",
                "contributor_note": "",
                "dagger": 0,
                "description": "A new danger lurks just around the corner as Rick leads the survivors in rebuilding their community.",
                "first_chapter_link": "",
                "isbns": [
                    {
                        "isbn10": "1632150417",
                        "isbn13": "9781632150417"
                    }
                ],
                "price": 0,
                "primary_isbn10": "1632150417",
                "primary_isbn13": "9781632150417",
                "publisher": "Image Comics",
                "rank": 3,
                "rank_last_week": 0,
                "sunday_review_link": "",
                "title": "THE WALKING DEAD, VOL. 22",
                "weeks_on_list": 3
            },
            {
                "age_group": "",
                "amazon_product_url": "http://www.amazon.com/The-Walking-Dead-Compendium-Two/dp/1607065967?tag=thenewyorktim-20",
                "article_chapter_link": "",
                "asterisk": 0,
                "author": "Robert Kirkman and Charlie Adlard",
                "book_image": "http://du.ec2.nytimes.com.s3.amazonaws.com/prd/books/9781607065968.jpg",
                "book_review_link": "",
                "contributor": "by Robert Kirkman and Charlie Adlard",
                "contributor_note": "",
                "dagger": 0,
                "description": "This collected edition, of issues 49-96, follows Rick and his group of survivors as they try to stay alive \u2014 with zombies and some humans against them.",
                "first_chapter_link": "",
                "isbns": [
                    {
                        "isbn10": "1607065967",
                        "isbn13": "9781607065968"
                    }
                ],
                "price": 0,
                "primary_isbn10": "1607065967",
                "primary_isbn13": "9781607065968",
                "publisher": "Image Comics",
                "rank": 4,
                "rank_last_week": 0,
                "sunday_review_link": "",
                "title": "THE WALKING DEAD COMPENDIUM, VOL. 2",
                "weeks_on_list": 70
            },
            {
                "age_group": "",
                "amazon_product_url": "http://www.amazon.com/The-Walking-Dead-Compendium-One/dp/1607060760?tag=thenewyorktim-20",
                "article_chapter_link": "",
                "asterisk": 0,
                "author": "Robert Kirkman and others",
                "book_image": "http://du.ec2.nytimes.com.s3.amazonaws.com/prd/books/9781607060765.jpg",
                "book_review_link": "",
                "contributor": "by Robert Kirkman and others",
                "contributor_note": "",
                "dagger": 0,
                "description": "This massive collected edition \u2014 over 1,000 pages \u2014 reprints the first 48 issues of \u201cThe Walking Dead.\u201d",
                "first_chapter_link": "",
                "isbns": [
                    {
                        "isbn10": "1607060760",
                        "isbn13": "9781607060765"
                    }
                ],
                "price": 0,
                "primary_isbn10": "1607060760",
                "primary_isbn13": "9781607060765",
                "publisher": "Image Comics",
                "rank": 5,
                "rank_last_week": 0,
                "sunday_review_link": "",
                "title": "THE WALKING DEAD COMPENDIUM, VOL. 1",
                "weeks_on_list": 141
            },
            {
                "age_group": "",
                "amazon_product_url": "http://www.amazon.com/Drama-Raina-Telgemeier/dp/0545326990?tag=thenewyorktim-20",
                "article_chapter_link": "",
                "asterisk": 0,
                "author": "Raina Telgemeier",
                "book_image": "http://du.ec2.nytimes.com.s3.amazonaws.com/prd/books/9780545326995.jpg",
                "book_review_link": "",
                "contributor": "by Raina Telgemeier",
                "contributor_note": "",
                "dagger": 0,
                "description": "Middle-school drama becomes much more intense when Callie becomes the stage manager for a production of \"Moon Over Mississippi.\"",
                "first_chapter_link": "",
                "isbns": [
                    {
                        "isbn10": "0545326990",
                        "isbn13": "9780545326995"
                    }
                ],
                "price": 0,
                "primary_isbn10": "0545326990",
                "primary_isbn13": "9780545326995",
                "publisher": "Scholastic",
                "rank": 6,
                "rank_last_week": 0,
                "sunday_review_link": "",
                "title": "DRAMA",
                "weeks_on_list": 72
            },
            {
                "age_group": "",
                "amazon_product_url": "http://www.amazon.com/The-Complete-Side-Gary-Larson/dp/1449460046?tag=thenewyorktim-20",
                "article_chapter_link": "",
                "asterisk": 0,
                "author": "Gary Larson",
                "book_image": "http://du.ec2.nytimes.com.s3.amazonaws.com/prd/books/9781449460044.jpeg",
                "book_review_link": "",
                "contributor": "by Gary Larson",
                "contributor_note": "",
                "dagger": 0,
                "description": "Anthropomorphic animals, dumb scientists, smart cavemen et al. are here in one collection.",
                "first_chapter_link": "",
                "isbns": [
                    {
                        "isbn10": "1449460046",
                        "isbn13": "9781449460044"
                    }
                ],
                "price": 0,
                "primary_isbn10": "1449460046",
                "primary_isbn13": "9781449460044",
                "publisher": "Andrews McMeel Publishing",
                "rank": 7,
                "rank_last_week": 0,
                "sunday_review_link": "",
                "title": "THE COMPLETE FAR SIDE",
                "weeks_on_list": 1
            },
            {
                "age_group": "",
                "amazon_product_url": "http://www.amazon.com/The-Complete-Calvin-Hobbes-BOX/dp/1449433251?tag=thenewyorktim-20",
                "article_chapter_link": "",
                "asterisk": 0,
                "author": "Bill Watterson",
                "book_image": "http://du.ec2.nytimes.com.s3.amazonaws.com/prd/books/9781449433253.jpg",
                "book_review_link": "",
                "contributor": "by Bill Watterson",
                "contributor_note": "",
                "dagger": 0,
                "description": "Enjoy all the antics of Calvin and his stuffed tiger Hobbes in one deluxe collection.",
                "first_chapter_link": "",
                "isbns": [
                    {
                        "isbn10": "1449433251",
                        "isbn13": "9781449433253"
                    }
                ],
                "price": 0,
                "primary_isbn10": "1449433251",
                "primary_isbn13": "9781449433253",
                "publisher": "Andrews McMeel Publishing",
                "rank": 8,
                "rank_last_week": 0,
                "sunday_review_link": "",
                "title": "THE COMPLETE CALVIN AND HOBBES",
                "weeks_on_list": 15
            },
            {
                "age_group": "",
                "amazon_product_url": "http://www.amazon.com/The-Wicked-Divine-Volume/dp/1632150190?tag=thenewyorktim-20",
                "article_chapter_link": "",
                "asterisk": 0,
                "author": "Kieron Gillen and Jamie McKelvie",
                "book_image": "http://du.ec2.nytimes.com.s3.amazonaws.com/prd/books/9781632150196.jpg",
                "book_review_link": "",
                "contributor": "by Kieron Gillen and Jamie McKelvie",
                "contributor_note": "",
                "dagger": 0,
                "description": "Gods are reincarnated as humans and become pop stars in this new series. One problem: they only have a two-year lifespan and some of them aren\u2019t too happy about it.",
                "first_chapter_link": "",
                "isbns": [
                    {
                        "isbn10": "1632150190",
                        "isbn13": "9781632150196"
                    }
                ],
                "price": 0,
                "primary_isbn10": "1632150190",
                "primary_isbn13": "9781632150196",
                "publisher": "Image Comics",
                "rank": 9,
                "rank_last_week": 0,
                "sunday_review_link": "",
                "title": "THE WICKED + THE DIVINE, VOL. 1",
                "weeks_on_list": 1
            },
            {
                "age_group": "",
                "amazon_product_url": "http://www.amazon.com/Buffy-Season-Volume-Vampire-Slayer/dp/1616554908?tag=thenewyorktim-20",
                "article_chapter_link": "",
                "asterisk": 0,
                "author": "Christos Gage, Nicholas Brendon and Rebekah Isaacs",
                "book_image": "http://du.ec2.nytimes.com.s3.amazonaws.com/prd/books/9781616554903.jpeg",
                "book_review_link": "",
                "contributor": "by Christos Gage, Nicholas Brendon and Rebekah Isaacs",
                "contributor_note": "",
                "dagger": 0,
                "description": "Buffy must face a new threat: a vampire that can walk in the light of day and transform like Dracula.",
                "first_chapter_link": "",
                "isbns": [
                    {
                        "isbn10": "1616554908",
                        "isbn13": "9781616554903"
                    }
                ],
                "price": 0,
                "primary_isbn10": "1616554908",
                "primary_isbn13": "9781616554903",
                "publisher": "Dark Horse",
                "rank": 10,
                "rank_last_week": 0,
                "sunday_review_link": "",
                "title": "BUFFY THE VAMPIRE SLAYER: SEASON TEN, VOL. 1",
                "weeks_on_list": 1
            }
        ],
        "corrections": [],
        "display_name": "Paperback Graphic Books",
        "list_name": "Paperback Graphic Books",
        "normal_list_ends_at": 10,
        "published_date": "2014-12-14",
        "updated": "WEEKLY"
    },
    "status": "OK"
}