{
    "copyright": "Copyright (c) 2014 The New York Times Company.  All Rights Reserved.",
    "last_modified": "2014-12-08T17:00:47-05:00",
    "num_results": 20,
    "results": {
        "bestsellers_date": "2014-11-29",
        "books": [
            {
                "age_group": "",
                "amazon_product_url": "http://www.amazon.com/Unbroken-World-Survival-Resilience-Redemption/dp/1400064163?tag=thenewyorktim-20",
                "article_chapter_link": "",
                "asterisk": 0,
                "author": "Laura Hillenbrand",
                "book_image": "http://du.ec2.nytimes.com.s3.amazonaws.com/prd/books/9781400064168.jpg",
                "book_review_link": "",
                "contributor": "by Laura Hillenbrand",
                "contributor_note": "",
                "dagger": 0,
                "description": "An Olympic runner\u2019s story of survival as a prisoner of the Japanese in World War II after his plane went down over the Pacific.",
                "first_chapter_link": "",
                "isbns": [
                    {
                        "isbn10": "1400064163",
                        "isbn13": "9781400064168"
                    },
                    {
                        "isbn10": "0679603751",
                        "isbn13": "9780679603757"
                    },
                    {
                        "isbn10": "0375435018",
                        "isbn13": "9780375435010"
                    },
                    {
                        "isbn10": "0739319698",
                        "isbn13": "9780739319697"
                    },
                    {
                        "isbn10": "0007378033",
                        "isbn13": "9780007378036"
                    },
                    {
                        "isbn10": "0812974492",
                        "isbn13": "9780812974492"
                    },
                    {
                        "isbn10": "0606355987",
                        "isbn13": "9780606355988"
                    },
                    {
                        "isbn10": "081298711X",
                        "isbn13": "9780812987119"
                    },
                    {
                        "isbn10": "0553397117",
                        "isbn13": "9780553397116"
                    },
                    {
                        "isbn10": "1101912626",
                        "isbn13": "9781101912621"
                    },
                    {
                        "isbn10": "0375990623",
                        "isbn13": "9780375990625"
                    }
                ],
                "price": 0,
                "primary_isbn10": "0812974492",
                "primary_isbn13": "9780812974492",
                "publisher": "Random House",
                "rank": 1,
                "rank_last_week": 0,
                "sunday_review_link": "",
                "title": "UNBROKEN",
                "weeks_on_list": 18
            },
            {
                "age_group": "",
                "amazon_product_url": "http://www.amazon.com/The-Boys-Boat-Americans-Olympics-ebook/dp/B00AEBETU2?tag=thenewyorktim-20",
                "article_chapter_link": "",
                "asterisk": 0,
                "author": "Daniel James Brown",
                "book_image": "http://du.ec2.nytimes.com.s3.amazonaws.com/prd/books/9781101622742.jpg",
                "book_review_link": "",
                "contributor": "by Daniel James Brown",
                "contributor_note": "",
                "dagger": 0,
                "description": "A group of American rowers pursued gold at the 1936 Berlin Olympic Games.",
                "first_chapter_link": "",
                "isbns": [
                    {
                        "isbn10": "067002581X",
                        "isbn13": "9780670025817"
                    },
                    {
                        "isbn10": "0143125478",
                        "isbn13": "9780143125471"
                    },
                    {
                        "isbn10": "159413779X",
                        "isbn13": "9781594137792"
                    },
                    {
                        "isbn10": "1611761697",
                        "isbn13": "9781611761696"
                    },
                    {
                        "isbn10": "1410459543",
                        "isbn13": "9781410459541"
                    }
                ],
                "price": 0,
                "primary_isbn10": "0143125478",
                "primary_isbn13": "9780143125471",
                "publisher": "Penguin",
                "rank": 2,
                "rank_last_week": 0,
                "sunday_review_link": "",
                "title": "THE BOYS IN THE BOAT",
                "weeks_on_list": 27
            },
            {
                "age_group": "",
                "amazon_product_url": "http://www.amazon.com/Wild-Found-Pacific-Crest-Trail-ebook/dp/B005IQZB14?tag=thenewyorktim-20",
                "article_chapter_link": "",
                "asterisk": 0,
                "author": "Cheryl Strayed",
                "book_image": "http://du.ec2.nytimes.com.s3.amazonaws.com/prd/books/9780307957658.jpg",
                "book_review_link": "",
                "contributor": "by Cheryl Strayed",
                "contributor_note": "",
                "dagger": 0,
                "description": "A woman\u2019s account of the life-changing 1,100-mile solo hike she took along the Pacific Crest Trail in 1995.",
                "first_chapter_link": "",
                "isbns": [
                    {
                        "isbn10": "0307592731",
                        "isbn13": "9780307592736"
                    },
                    {
                        "isbn10": "0307957659",
                        "isbn13": "9780307957658"
                    },
                    {
                        "isbn10": "0307476073",
                        "isbn13": "9780307476074"
                    },
                    {
                        "isbn10": "1594136742",
                        "isbn13": "9781594136740"
                    },
                    {
                        "isbn10": "0307970299",
                        "isbn13": "9780307970299"
                    },
                    {
                        "isbn10": "1101873442",
                        "isbn13": "9781101873441"
                    }
                ],
                "price": 0,
                "primary_isbn10": "0307476073",
                "primary_isbn13": "9780307476074",
                "publisher": "Vintage",
                "rank": 3,
                "rank_last_week": 0,
                "sunday_review_link": "",
                "title": "WILD",
                "weeks_on_list": 88
            },
            {
                "age_group": "",
                "amazon_product_url": "http://www.amazon.com/American-Sniper-Autobiography-Military-History/dp/0062238868?tag=thenewyorktim-20",
                "article_chapter_link": "",
                "asterisk": 0,
                "author": "Chris Kyle with Scott McEwen and Jim DeFelice",
                "book_image": "http://du.ec2.nytimes.com.s3.amazonaws.com/prd/books/9780062082374.jpg",
                "book_review_link": "",
                "contributor": "by Chris Kyle with Scott McEwen and Jim DeFelice",
                "contributor_note": "",
                "dagger": 0,
                "description": "A memoir about battlefield experiences in Iraq by the Navy SEALs sniper.",
                "first_chapter_link": "",
                "isbns": [
                    {
                        "isbn10": "0062082353",
                        "isbn13": "9780062082350"
                    },
                    {
                        "isbn10": "006208237X",
                        "isbn13": "9780062082374"
                    },
                    {
                        "isbn10": "0062209493",
                        "isbn13": "9780062209498"
                    },
                    {
                        "isbn10": "0062107062",
                        "isbn13": "9780062107060"
                    },
                    {
                        "isbn10": "0062238868",
                        "isbn13": "9780062238863"
                    },
                    {
                        "isbn10": "0062290797",
                        "isbn13": "9780062290793"
                    },
                    {
                        "isbn10": "0062376578",
                        "isbn13": "9780062376572"
                    },
                    {
                        "isbn10": "0062376330",
                        "isbn13": "9780062376336"
                    }
                ],
                "price": 0,
                "primary_isbn10": "0062376578",
                "primary_isbn13": "9780062376572",
                "publisher": "Morrow/HarperCollins",
                "rank": 4,
                "rank_last_week": 0,
                "sunday_review_link": "",
                "title": "AMERICAN SNIPER",
                "weeks_on_list": 56
            },
            {
                "age_group": "",
                "amazon_product_url": "http://www.amazon.com/Lying-Wait-Rules-Crime-Vol-17/dp/1451648294?tag=thenewyorktim-20",
                "article_chapter_link": "",
                "asterisk": 0,
                "author": "Ann Rule",
                "book_image": "http://du.ec2.nytimes.com.s3.amazonaws.com/prd/books/9781451648317.jpeg",
                "book_review_link": "",
                "contributor": "by Ann Rule",
                "contributor_note": "",
                "dagger": 0,
                "description": "True criminal cases; number 17 of the Crime Files series.",
                "first_chapter_link": "",
                "isbns": [
                    {
                        "isbn10": "1451648294",
                        "isbn13": "9781451648294"
                    }
                ],
                "price": 0,
                "primary_isbn10": "1451648294",
                "primary_isbn13": "9781451648294",
                "publisher": "Pocket Books",
                "rank": 5,
                "rank_last_week": 0,
                "sunday_review_link": "",
                "title": "LYING IN WAIT",
                "weeks_on_list": 1
            },
            {
                "age_group": "",
                "amazon_product_url": "http://www.amazon.com/Quiet-Power-Introverts-World-Talking-ebook/dp/B004J4WNL2?tag=thenewyorktim-20",
                "article_chapter_link": "",
                "asterisk": 0,
                "author": "Susan Cain",
                "book_image": "http://du.ec2.nytimes.com.s3.amazonaws.com/prd/books/9780307452207.jpg",
                "book_review_link": "",
                "contributor": "by Susan Cain",
                "contributor_note": "",
                "dagger": 0,
                "description": "Introverts \u2014 approximately one-third of the population \u2014 are undervalued in American society.",
                "first_chapter_link": "",
                "isbns": [
                    {
                        "isbn10": "0307352145",
                        "isbn13": "9780307352149"
                    },
                    {
                        "isbn10": "0307452204",
                        "isbn13": "9780307452207"
                    },
                    {
                        "isbn10": "0307352153",
                        "isbn13": "9780307352156"
                    },
                    {
                        "isbn10": "1611734207",
                        "isbn13": "9781611734201"
                    },
                    {
                        "isbn10": "0739341243",
                        "isbn13": "9780739341247"
                    }
                ],
                "price": 0,
                "primary_isbn10": "0307352153",
                "primary_isbn13": "9780307352156",
                "publisher": "Broadway",
                "rank": 6,
                "rank_last_week": 0,
                "sunday_review_link": "",
                "title": "QUIET",
                "weeks_on_list": 94
            },
            {
                "age_group": "",
                "amazon_product_url": "http://www.amazon.com/Outliers-Story-Success-Malcolm-Gladwell/dp/0316017930?tag=thenewyorktim-20",
                "article_chapter_link": "",
                "asterisk": 0,
                "author": "Malcolm Gladwell",
                "book_image": "http://du.ec2.nytimes.com.s3.amazonaws.com/prd/books/9780316017930.jpg",
                "book_review_link": "",
                "contributor": "by Malcolm Gladwell",
                "contributor_note": "",
                "dagger": 0,
                "description": "Why some people succeed \u2014 it has to do with luck and opportunities as well as talent.",
                "first_chapter_link": "",
                "isbns": [
                    {
                        "isbn10": "0316017922",
                        "isbn13": "9780316017923"
                    },
                    {
                        "isbn10": "0316040347",
                        "isbn13": "9780316040341"
                    },
                    {
                        "isbn10": "0316017930",
                        "isbn13": "9780316017930"
                    },
                    {
                        "isbn10": "1600243916",
                        "isbn13": "9781600243912"
                    }
                ],
                "price": 0,
                "primary_isbn10": "0316017930",
                "primary_isbn13": "9780316017930",
                "publisher": "Back Bay/Little, Brown",
                "rank": 7,
                "rank_last_week": 0,
                "sunday_review_link": "",
                "title": "OUTLIERS",
                "weeks_on_list": 179
            },
            {
                "age_group": "",
                "amazon_product_url": "http://www.amazon.com/Brief-History-Time-Stephen-Hawking/dp/0553380168?tag=thenewyorktim-20",
                "article_chapter_link": "",
                "asterisk": 0,
                "author": "Stephen W Hawking",
                "book_image": "http://du.ec2.nytimes.com.s3.amazonaws.com/prd/books/9780553380163.jpeg",
                "book_review_link": "",
                "contributor": "by Stephen W. Hawking",
                "contributor_note": "",
                "dagger": 0,
                "description": "The British cosmologist reviews efforts to create a unified theory of the universe.",
                "first_chapter_link": "",
                "isbns": [
                    {
                        "isbn10": "0553380168",
                        "isbn13": "9780553380163"
                    }
                ],
                "price": 0,
                "primary_isbn10": "0553380168",
                "primary_isbn13": "9780553380163",
                "publisher": "Bantam",
                "rank": 8,
                "rank_last_week": 0,
                "sunday_review_link": "",
                "title": "A BRIEF HISTORY OF TIME",
                "weeks_on_list": 1
            },
            {
                "age_group": "",
                "amazon_product_url": "http://www.amazon.com/Bossypants-Tina-Fey/dp/0316056898?tag=thenewyorktim-20",
                "article_chapter_link": "",
                "asterisk": 0,
                "author": "Tina Fey",
                "book_image": "http://du.ec2.nytimes.com.s3.amazonaws.com/prd/books/9780316056892.jpg",
                "book_review_link": "",
                "contributor": "by Tina Fey",
                "contributor_note": "",
                "dagger": 0,
                "description": "A memoir from the creator of \u201c30 Rock.\u201d",
                "first_chapter_link": "",
                "isbns": [
                    {
                        "isbn10": "0316056863",
                        "isbn13": "9780316056861"
                    },
                    {
                        "isbn10": "031617789X",
                        "isbn13": "9780316177894"
                    },
                    {
                        "isbn10": "0316175862",
                        "isbn13": "9780316175869"
                    },
                    {
                        "isbn10": "031619803X",
                        "isbn13": "9780316198035"
                    },
                    {
                        "isbn10": "0316056871",
                        "isbn13": "9780316056878"
                    },
                    {
                        "isbn10": "0316056898",
                        "isbn13": "9780316056892"
                    },
                    {
                        "isbn10": "1609419693",
                        "isbn13": "9781609419691"
                    }
                ],
                "price": 0,
                "primary_isbn10": "0316056898",
                "primary_isbn13": "9780316056892",
                "publisher": "Back Bay/Little, Brown",
                "rank": 9,
                "rank_last_week": 0,
                "sunday_review_link": "",
                "title": "BOSSYPANTS",
                "weeks_on_list": 116
            },
            {
                "age_group": "",
                "amazon_product_url": "http://www.amazon.com/The-Science-Interstellar-Kip-Thorne-ebook/dp/B00NUB4EVC?tag=thenewyorktim-20",
                "article_chapter_link": "",
                "asterisk": 1,
                "author": "Kip Thorne",
                "book_image": "http://du.ec2.nytimes.com.s3.amazonaws.com/prd/books/9780393351378.jpeg",
                "book_review_link": "",
                "contributor": "by Kip Thorne",
                "contributor_note": "",
                "dagger": 0,
                "description": "A physicist explains the science behind the movie.",
                "first_chapter_link": "",
                "isbns": [
                    {
                        "isbn10": "0393351378",
                        "isbn13": "9780393351378"
                    },
                    {
                        "isbn10": "0393351386",
                        "isbn13": "9780393351385"
                    }
                ],
                "price": 0,
                "primary_isbn10": "0393351378",
                "primary_isbn13": "9780393351378",
                "publisher": "Norton",
                "rank": 10,
                "rank_last_week": 0,
                "sunday_review_link": "",
                "title": "THE SCIENCE OF INTERSTELLAR",
                "weeks_on_list": 2
            },
            {
                "age_group": "",
                "amazon_product_url": "http://www.amazon.com/The-Power-Habit-What-Business/dp/081298160X?tag=thenewyorktim-20",
                "article_chapter_link": "",
                "asterisk": 0,
                "author": "Charles Duhigg",
                "book_image": "http://du.ec2.nytimes.com.s3.amazonaws.com/prd/books/9780812981605.jpg",
                "book_review_link": "",
                "contributor": "by Charles Duhigg",
                "contributor_note": "",
                "dagger": 0,
                "description": "An examination of the science behind habits, how we form them and break them.",
                "first_chapter_link": "",
                "isbns": [
                    {
                        "isbn10": "1400069289",
                        "isbn13": "9781400069286"
                    },
                    {
                        "isbn10": "0679603859",
                        "isbn13": "9780679603856"
                    },
                    {
                        "isbn10": "030796664X",
                        "isbn13": "9780307966643"
                    },
                    {
                        "isbn10": "1847946240",
                        "isbn13": "9781847946249"
                    },
                    {
                        "isbn10": "081298160X",
                        "isbn13": "9780812981605"
                    }
                ],
                "price": 0,
                "primary_isbn10": "081298160X",
                "primary_isbn13": "9780812981605",
                "publisher": "Random House",
                "rank": 11,
                "rank_last_week": 0,
                "sunday_review_link": "",
                "title": "THE POWER OF HABIT",
                "weeks_on_list": 0
            },
            {
                "age_group": "",
                "amazon_product_url": "http://www.amazon.com/George-Washingtons-Secret-Six-Revolution-ebook/dp/B00C5R7FP4?tag=thenewyorktim-20",
                "article_chapter_link": "",
                "asterisk": 0,
                "author": "Brian Kilmeade and Don Yaeger",
                "book_image": "http://du.ec2.nytimes.com.s3.amazonaws.com/prd/books/9780698137653.jpg",
                "book_review_link": "",
                "contributor": "by Brian Kilmeade and Don Yaeger",
                "contributor_note": "",
                "dagger": 0,
                "description": "The story of the Culper spy ring, which aided the American cause during the Revolution.",
                "first_chapter_link": "",
                "isbns": [
                    {
                        "isbn10": "159523103X",
                        "isbn13": "9781595231031"
                    },
                    {
                        "isbn10": "1611762278",
                        "isbn13": "9781611762273"
                    },
                    {
                        "isbn10": "1595231102",
                        "isbn13": "9781595231109"
                    }
                ],
                "price": 0,
                "primary_isbn10": "1595231102",
                "primary_isbn13": "9781595231109",
                "publisher": "Sentinel",
                "rank": 12,
                "rank_last_week": 0,
                "sunday_review_link": "",
                "title": "GEORGE WASHINGTON'S SECRET SIX",
                "weeks_on_list": 0
            },
            {
                "age_group": "",
                "amazon_product_url": "http://www.amazon.com/Heaven-Real-Little-Astounding-Story-ebook/dp/B004A90BXS?tag=thenewyorktim-20",
                "article_chapter_link": "",
                "asterisk": 0,
                "author": "Todd Burpo with Lynn Vincent",
                "book_image": "http://du.ec2.nytimes.com.s3.amazonaws.com/prd/books/9780849949203.jpg",
                "book_review_link": "",
                "contributor": "by Todd Burpo with Lynn Vincent",
                "contributor_note": "",
                "dagger": 0,
                "description": "A father recounts his 3-year-old son\u2019s encounter with Jesus and the angels during an emergency appendectomy; the basis of the movie.",
                "first_chapter_link": "",
                "isbns": [
                    {
                        "isbn10": "0849946158",
                        "isbn13": "9780849946158"
                    },
                    {
                        "isbn10": "0849948363",
                        "isbn13": "9780849948367"
                    },
                    {
                        "isbn10": "0849922070",
                        "isbn13": "9780849922077"
                    }
                ],
                "price": 0,
                "primary_isbn10": "0849946158",
                "primary_isbn13": "9780849946158",
                "publisher": "Thomas Nelson",
                "rank": 13,
                "rank_last_week": 0,
                "sunday_review_link": "",
                "title": "HEAVEN IS FOR REAL",
                "weeks_on_list": 0
            },
            {
                "age_group": "",
                "amazon_product_url": "http://www.amazon.com/The-Immortal-Life-Henrietta-Lacks/dp/1400052181?tag=thenewyorktim-20",
                "article_chapter_link": "http://www.nytimes.com/2010/02/02/health/02seco.html",
                "asterisk": 0,
                "author": "Rebecca Skloot",
                "book_image": "http://du.ec2.nytimes.com.s3.amazonaws.com/prd/books/9781400052189.jpg",
                "book_review_link": "http://www.nytimes.com/2010/02/03/books/03book.html",
                "contributor": "by Rebecca Skloot",
                "contributor_note": "",
                "dagger": 0,
                "description": "The story of an African-American woman whose cancerous cells were extensively cultured without her permission in 1951.",
                "first_chapter_link": "http://www.nytimes.com/2010/03/03/books/excerpt-immortal-life-of-henrietta-lacks.html",
                "isbns": [
                    {
                        "isbn10": "1400052173",
                        "isbn13": "9781400052172"
                    },
                    {
                        "isbn10": "0307589382",
                        "isbn13": "9780307589385"
                    },
                    {
                        "isbn10": "1410427927",
                        "isbn13": "9781410427922"
                    },
                    {
                        "isbn10": "1400052181",
                        "isbn13": "9781400052189"
                    },
                    {
                        "isbn10": "1594134324",
                        "isbn13": "9781594134326"
                    }
                ],
                "price": 0,
                "primary_isbn10": "1400052181",
                "primary_isbn13": "9781400052189",
                "publisher": "Broadway",
                "rank": 14,
                "rank_last_week": 0,
                "sunday_review_link": "http://www.nytimes.com/2010/02/07/books/review/Margonelli-t.html",
                "title": "THE IMMORTAL LIFE OF HENRIETTA LACKS",
                "weeks_on_list": 0
            },
            {
                "age_group": "",
                "amazon_product_url": "http://www.amazon.com/Everyone-Hanging-Without-Other-Concerns-ebook/dp/B004JN1D3M?tag=thenewyorktim-20",
                "article_chapter_link": "",
                "asterisk": 0,
                "author": "Mindy Kaling",
                "book_image": "http://du.ec2.nytimes.com.s3.amazonaws.com/prd/books/9780307886286.jpg",
                "book_review_link": "",
                "contributor": "by Mindy Kaling",
                "contributor_note": "",
                "dagger": 0,
                "description": "Observations from the comedy writer and actress.",
                "first_chapter_link": "",
                "isbns": [
                    {
                        "isbn10": "0307886263",
                        "isbn13": "9780307886262"
                    },
                    {
                        "isbn10": "030788628X",
                        "isbn13": "9780307886286"
                    },
                    {
                        "isbn10": "0307886271",
                        "isbn13": "9780307886279"
                    }
                ],
                "price": 0,
                "primary_isbn10": "0307886271",
                "primary_isbn13": "9780307886279",
                "publisher": "Three Rivers",
                "rank": 15,
                "rank_last_week": 0,
                "sunday_review_link": "",
                "title": "IS EVERYONE HANGING OUT WITHOUT ME?",
                "weeks_on_list": 0
            },
            {
                "age_group": "",
                "amazon_product_url": "http://www.amazon.com/Lets-Explore-Diabetes-David-Sedaris/dp/0316154709?tag=thenewyorktim-20",
                "article_chapter_link": "",
                "asterisk": 0,
                "author": "David Sedaris",
                "book_image": "http://du.ec2.nytimes.com.s3.amazonaws.com/prd/books/9780316125680.jpg",
                "book_review_link": "",
                "contributor": "by David Sedaris",
                "contributor_note": "",
                "dagger": 0,
                "description": "A humorist returns with more wry takes on contemporary life.",
                "first_chapter_link": "",
                "isbns": [
                    {
                        "isbn10": "0316154695",
                        "isbn13": "9780316154697"
                    },
                    {
                        "isbn10": "0316154709",
                        "isbn13": "9780316154703"
                    },
                    {
                        "isbn10": "1619696991",
                        "isbn13": "9781619696990"
                    }
                ],
                "price": 0,
                "primary_isbn10": "0316154709",
                "primary_isbn13": "9780316154703",
                "publisher": "Back Bay/Little, Brown",
                "rank": 16,
                "rank_last_week": 0,
                "sunday_review_link": "",
                "title": "LET'S EXPLORE DIABETES WITH OWLS",
                "weeks_on_list": 0
            },
            {
                "age_group": "",
                "amazon_product_url": "http://www.amazon.com/Brain-Fire-My-Month-Madness/dp/1451621388?tag=thenewyorktim-20",
                "article_chapter_link": "",
                "asterisk": 0,
                "author": "Susannah Cahalan",
                "book_image": "http://du.ec2.nytimes.com.s3.amazonaws.com/prd/books/9781451621389.jpg",
                "book_review_link": "",
                "contributor": "by Susannah Cahalan",
                "contributor_note": "",
                "dagger": 0,
                "description": "A young reporter suddenly experiences seizures, hallucinations and near catatonia.",
                "first_chapter_link": "",
                "isbns": [
                    {
                        "isbn10": "145162137X",
                        "isbn13": "9781451621372"
                    },
                    {
                        "isbn10": "1451621396",
                        "isbn13": "9781451621396"
                    },
                    {
                        "isbn10": "1611749786",
                        "isbn13": "9781611749786"
                    },
                    {
                        "isbn10": "1451621388",
                        "isbn13": "9781451621389"
                    }
                ],
                "price": 0,
                "primary_isbn10": "1451621388",
                "primary_isbn13": "9781451621389",
                "publisher": "Simon & Schuster",
                "rank": 17,
                "rank_last_week": 0,
                "sunday_review_link": "",
                "title": "BRAIN ON FIRE",
                "weeks_on_list": 0
            },
            {
                "age_group": "",
                "amazon_product_url": "http://www.amazon.com/Lone-Survivor-Eyewitness-Account-Operation/dp/0316067601?tag=thenewyorktim-20",
                "article_chapter_link": "",
                "asterisk": 0,
                "author": "Marcus Luttrell with Patrick Robinson",
                "book_image": "http://du.ec2.nytimes.com.s3.amazonaws.com/prd/books/9780316067607.jpg",
                "book_review_link": "",
                "contributor": "by Marcus Luttrell with Patrick Robinson",
                "contributor_note": "",
                "dagger": 0,
                "description": "The only survivor of a Navy SEALs operation in northern Afghanistan describes the battle, his comrades and his courageous escape.",
                "first_chapter_link": "",
                "isbns": [
                    {
                        "isbn10": "0316007544",
                        "isbn13": "9780316007542"
                    },
                    {
                        "isbn10": "0316044695",
                        "isbn13": "9780316044691"
                    },
                    {
                        "isbn10": "0316067601",
                        "isbn13": "9780316067607"
                    },
                    {
                        "isbn10": "0316067598",
                        "isbn13": "9780316067591"
                    },
                    {
                        "isbn10": "031632406X",
                        "isbn13": "9780316324069"
                    },
                    {
                        "isbn10": "0316324108",
                        "isbn13": "9780316324106"
                    },
                    {
                        "isbn10": "1478927089",
                        "isbn13": "9781478927082"
                    },
                    {
                        "isbn10": "1600242197",
                        "isbn13": "9781600242199"
                    }
                ],
                "price": 0,
                "primary_isbn10": "031632406X",
                "primary_isbn13": "9780316324069",
                "publisher": "Back Bay/Little, Brown",
                "rank": 18,
                "rank_last_week": 0,
                "sunday_review_link": "",
                "title": "LONE SURVIVOR",
                "weeks_on_list": 0
            },
            {
                "age_group": "",
                "amazon_product_url": "http://www.amazon.com/Thinking-Fast-Slow-Daniel-Kahneman-ebook/dp/B00555X8OA?tag=thenewyorktim-20",
                "article_chapter_link": "",
                "asterisk": 0,
                "author": "Daniel Kahneman",
                "book_image": "http://du.ec2.nytimes.com.s3.amazonaws.com/prd/books/9781429969352.jpg",
                "book_review_link": "",
                "contributor": "by Daniel Kahneman",
                "contributor_note": "",
                "dagger": 0,
                "description": "The winner of a Nobel in economic science discusses how we make choices in business and personal life and when we can and cannot trust our intuitions.",
                "first_chapter_link": "",
                "isbns": [
                    {
                        "isbn10": "0374275637",
                        "isbn13": "9780374275631"
                    },
                    {
                        "isbn10": "0739357980",
                        "isbn13": "9780739357989"
                    },
                    {
                        "isbn10": "0374533555",
                        "isbn13": "9780374533557"
                    }
                ],
                "price": 0,
                "primary_isbn10": "0374533555",
                "primary_isbn13": "9780374533557",
                "publisher": "Farrar, Straus & Giroux",
                "rank": 19,
                "rank_last_week": 0,
                "sunday_review_link": "",
                "title": "THINKING, FAST AND SLOW",
                "weeks_on_list": 0
            },
            {
                "age_group": "",
                "amazon_product_url": "http://www.amazon.com/The-Heart-Everything-That-Is/dp/1451654669?tag=thenewyorktim-20",
                "article_chapter_link": "",
                "asterisk": 0,
                "author": "Bob Drury and Tom Clavin",
                "book_image": "http://du.ec2.nytimes.com.s3.amazonaws.com/prd/books/9781451654660.jpeg",
                "book_review_link": "",
                "contributor": "by Bob Drury and Tom Clavin",
                "contributor_note": "",
                "dagger": 0,
                "description": "A biography of the influential Sioux leader Red Cloud examines his military prowess and the Plains Indians\u2019 changing way of life.",
                "first_chapter_link": "",
                "isbns": [
                    {
                        "isbn10": "1451654669",
                        "isbn13": "9781451654660"
                    },
                    {
                        "isbn10": "1451654685",
                        "isbn13": "9781451654684"
                    }
                ],
                "price": 0,
                "primary_isbn10": "1451654685",
                "primary_isbn13": "9781451654684",
                "publisher": "Simon & Schuster",
                "rank": 20,
                "rank_last_week": 0,
                "sunday_review_link": "",
                "title": "THE HEART OF EVERYTHING THAT IS",
                "weeks_on_list": 0
            }
        ],
        "corrections": [],
        "display_name": "Paperback Nonfiction",
        "list_name": "Paperback Nonfiction",
        "normal_list_ends_at": 10,
        "published_date": "2014-12-14",
        "updated": "WEEKLY"
    },
    "status": "OK"
}