{
    "copyright": "Copyright (c) 2014 The New York Times Company.  All Rights Reserved.",
    "last_modified": "2014-08-08T15:14:34-04:00",
    "num_results": 10,
    "results": {
        "bestsellers_date": "2012-11-24",
        "books": [
            {
                "age_group": "Ages 14 and up",
                "amazon_product_url": "http://www.amazon.com/Perks-Being-Wallflower-Stephen-Chbosky/dp/1451696191?tag=thenewyorktim-20",
                "article_chapter_link": "",
                "asterisk": 0,
                "author": "Stephen Chbosky",
                "book_image": "http://du.ec2.nytimes.com.s3.amazonaws.com/prd/books/9781451696196.jpg",
                "book_review_link": "",
                "contributor": "by Stephen Chbosky",
                "contributor_note": "",
                "dagger": 0,
                "description": "What it\u2019s like to grow up, from the perspective of a high school boy.",
                "first_chapter_link": "",
                "isbns": [
                    {
                        "isbn10": "0671027344",
                        "isbn13": "9780671027346"
                    },
                    {
                        "isbn10": "1451696191",
                        "isbn13": "9781451696196"
                    },
                    {
                        "isbn10": "1439122431",
                        "isbn13": "9781439122433"
                    },
                    {
                        "isbn10": "1451696205",
                        "isbn13": "9781451696202"
                    },
                    {
                        "isbn10": "0613237528",
                        "isbn13": "9780613237529"
                    }
                ],
                "price": 14,
                "primary_isbn10": "0671027344",
                "primary_isbn13": "9780671027346",
                "publisher": "MTV Books/Gallery Books",
                "rank": 1,
                "rank_last_week": 0,
                "sunday_review_link": "",
                "title": "THE PERKS OF BEING A WALLFLOWER",
                "weeks_on_list": 25
            },
            {
                "age_group": "Ages 6 to 12",
                "amazon_product_url": "http://www.amazon.com/One-Direction-Dare-Dream-Life/dp/0062213423?tag=thenewyorktim-20",
                "article_chapter_link": "",
                "asterisk": 0,
                "author": "the members of One Direction",
                "book_image": "http://du.ec2.nytimes.com.s3.amazonaws.com/prd/books/9780062213426.jpg",
                "book_review_link": "",
                "contributor": "by the members of One Direction",
                "contributor_note": "",
                "dagger": 0,
                "description": "Life as a boy band.",
                "first_chapter_link": "",
                "isbns": [
                    {
                        "isbn10": "0062213423",
                        "isbn13": "9780062213426"
                    }
                ],
                "price": 12.99,
                "primary_isbn10": "0062213423",
                "primary_isbn13": "9780062213426",
                "publisher": "HarperCollins",
                "rank": 2,
                "rank_last_week": 0,
                "sunday_review_link": "",
                "title": "ONE DIRECTION: DARE TO DREAM",
                "weeks_on_list": 27
            },
            {
                "age_group": "Ages 14 and up",
                "amazon_product_url": "http://www.amazon.com/Divergent-Veronica-Roth/dp/0062024035?tag=thenewyorktim-20",
                "article_chapter_link": "",
                "asterisk": 0,
                "author": "Veronica Roth",
                "book_image": "http://du.ec2.nytimes.com.s3.amazonaws.com/prd/books/9780062024039.jpg",
                "book_review_link": "",
                "contributor": "by Veronica Roth",
                "contributor_note": "",
                "dagger": 0,
                "description": "A girl must prove her mettle in a faction-ridden dystopia.",
                "first_chapter_link": "",
                "isbns": [],
                "price": 9.99,
                "primary_isbn10": "0062024035",
                "primary_isbn13": "9780062024039",
                "publisher": "Katherine Tegen/HarperCollins",
                "rank": 3,
                "rank_last_week": 0,
                "sunday_review_link": "",
                "title": "DIVERGENT",
                "weeks_on_list": 39
            },
            {
                "age_group": "Ages 14 to 17",
                "amazon_product_url": "http://www.amazon.com/Looking-Alaska-John-Green/dp/0142402516?tag=thenewyorktim-20",
                "article_chapter_link": "",
                "asterisk": 0,
                "author": "John Green",
                "book_image": "http://du.ec2.nytimes.com.s3.amazonaws.com/prd/books/9780142402511.jpg",
                "book_review_link": "",
                "contributor": "by John Green",
                "contributor_note": "",
                "dagger": 0,
                "description": "A boy falls for a bold girl.",
                "first_chapter_link": "",
                "isbns": [
                    {
                        "isbn10": "0142402516",
                        "isbn13": "9780142402511"
                    },
                    {
                        "isbn10": "0525475060",
                        "isbn13": "9780525475064"
                    },
                    {
                        "isbn10": "052542802X",
                        "isbn13": "9780525428022"
                    }
                ],
                "price": 8.99,
                "primary_isbn10": "0142402516",
                "primary_isbn13": "9780142402511",
                "publisher": "Speak",
                "rank": 4,
                "rank_last_week": 0,
                "sunday_review_link": "",
                "title": "LOOKING FOR ALASKA",
                "weeks_on_list": 18
            },
            {
                "age_group": "Ages 8 to 12",
                "amazon_product_url": "http://www.amazon.com/Middle-School-Worst-Years-Life/dp/0316101877?tag=thenewyorktim-20",
                "article_chapter_link": "",
                "asterisk": 0,
                "author": "James Patterson and Chris Tebbetts",
                "book_image": "http://du.ec2.nytimes.com.s3.amazonaws.com/prd/books/9780316101875.jpg",
                "book_review_link": "",
                "contributor": "by James Patterson and Chris Tebbetts",
                "contributor_note": "",
                "dagger": 0,
                "description": "Rafe breaks every rule in the book.",
                "first_chapter_link": "",
                "isbns": [
                    {
                        "isbn10": "0316101877",
                        "isbn13": "9780316101875"
                    }
                ],
                "price": 7.99,
                "primary_isbn10": "0316101699",
                "primary_isbn13": "9780316101691",
                "publisher": "Little, Brown",
                "rank": 5,
                "rank_last_week": 0,
                "sunday_review_link": "",
                "title": "MIDDLE SCHOOL, THE WORST YEARS OF MY LIFE",
                "weeks_on_list": 3
            },
            {
                "age_group": "Ages 14 and up",
                "amazon_product_url": "http://www.amazon.com/The-Book-Thief-Markus-Zusak/dp/0375842209?tag=thenewyorktim-20",
                "article_chapter_link": "",
                "asterisk": 0,
                "author": "Markus Zusak",
                "book_image": "http://du.ec2.nytimes.com.s3.amazonaws.com/prd/books/9780375842207.jpg",
                "book_review_link": "",
                "contributor": "by Markus Zusak",
                "contributor_note": "",
                "dagger": 0,
                "description": "A girl saves books from Nazi burning.",
                "first_chapter_link": "",
                "isbns": [
                    {
                        "isbn10": "0375842209",
                        "isbn13": "9780375842207"
                    },
                    {
                        "isbn10": "0307433846",
                        "isbn13": "9780307433848"
                    },
                    {
                        "isbn10": "0375931007",
                        "isbn13": "9780375931000"
                    },
                    {
                        "isbn10": "0385754728",
                        "isbn13": "9780385754729"
                    },
                    {
                        "isbn10": "0375831002",
                        "isbn13": "9780375831003"
                    }
                ],
                "price": 12.99,
                "primary_isbn10": "0375842209",
                "primary_isbn13": "9780375842207",
                "publisher": "Knopf",
                "rank": 6,
                "rank_last_week": 0,
                "sunday_review_link": "",
                "title": "THE BOOK THIEF",
                "weeks_on_list": 272
            },
            {
                "age_group": "Ages 12 and up",
                "amazon_product_url": "http://www.amazon.com/Thirteen-Reasons-Why-Jay-Asher/dp/159514188X?tag=thenewyorktim-20",
                "article_chapter_link": "",
                "asterisk": 0,
                "author": "Jay Asher",
                "book_image": "http://du.ec2.nytimes.com.s3.amazonaws.com/prd/books/9781595141880.jpg",
                "book_review_link": "",
                "contributor": "by Jay Asher",
                "contributor_note": "",
                "dagger": 0,
                "description": "Before she commits suicide, a girl sends recordings to 13 people.",
                "first_chapter_link": "",
                "isbns": [
                    {
                        "isbn10": "1595141715",
                        "isbn13": "9781595141712"
                    },
                    {
                        "isbn10": "159514188X",
                        "isbn13": "9781595141880"
                    }
                ],
                "price": 10.99,
                "primary_isbn10": "159514188X",
                "primary_isbn13": "9781595141880",
                "publisher": "Razorbill",
                "rank": 7,
                "rank_last_week": 0,
                "sunday_review_link": "",
                "title": "THIRTEEN REASONS WHY",
                "weeks_on_list": 72
            },
            {
                "age_group": "Ages 12 and up",
                "amazon_product_url": "http://www.amazon.com/Absolutely-True-Diary-Part-Time-Indian/dp/0316013692?tag=thenewyorktim-20",
                "article_chapter_link": "",
                "asterisk": 0,
                "author": "Sherman Alexie and Ellen Forney",
                "book_image": "http://du.ec2.nytimes.com.s3.amazonaws.com/prd/books/9780316013697.jpg",
                "book_review_link": "",
                "contributor": "by Sherman Alexie and Ellen Forney",
                "contributor_note": "",
                "dagger": 0,
                "description": "A boy leaves his reservation for an all-white school.",
                "first_chapter_link": "",
                "isbns": [
                    {
                        "isbn10": "0316013692",
                        "isbn13": "9780316013697"
                    },
                    {
                        "isbn10": "0316013684",
                        "isbn13": "9780316013680"
                    },
                    {
                        "isbn10": "0316219304",
                        "isbn13": "9780316219303"
                    }
                ],
                "price": 12.99,
                "primary_isbn10": "0316013692",
                "primary_isbn13": "9780316013697",
                "publisher": "Little, Brown",
                "rank": 8,
                "rank_last_week": 0,
                "sunday_review_link": "",
                "title": "THE ABSOLUTELY TRUE DIARY OF A PART-TIME INDIAN",
                "weeks_on_list": 152
            },
            {
                "age_group": "",
                "amazon_product_url": "http://www.amazon.com/Wildwood-The-Chronicles-Book/dp/0062024701?tag=thenewyorktim-20",
                "article_chapter_link": "",
                "asterisk": 0,
                "author": "Colin Meloy",
                "book_image": "http://du.ec2.nytimes.com.s3.amazonaws.com/prd/books/9780062024701.jpg",
                "book_review_link": "",
                "contributor": "by Colin Meloy",
                "contributor_note": "",
                "dagger": 0,
                "description": "A girl\u2019s brother is kidnapped by crows.",
                "first_chapter_link": "",
                "isbns": [
                    {
                        "isbn10": "0062024701",
                        "isbn13": "9780062024701"
                    },
                    {
                        "isbn10": "0062093533",
                        "isbn13": "9780062093530"
                    }
                ],
                "price": 8.99,
                "primary_isbn10": "0062024701",
                "primary_isbn13": "9780062024701",
                "publisher": "Balzer & Bray/HarperCollins",
                "rank": 9,
                "rank_last_week": 0,
                "sunday_review_link": "",
                "title": "WILDWOOD",
                "weeks_on_list": 9
            },
            {
                "age_group": "Ages 10 to 13",
                "amazon_product_url": "http://www.amazon.com/Out-My-Mind-Sharon-Draper/dp/1416971718?tag=thenewyorktim-20",
                "article_chapter_link": "",
                "asterisk": 0,
                "author": "Sharon M Draper",
                "book_image": "http://du.ec2.nytimes.com.s3.amazonaws.com/prd/books/9781416971719.jpg",
                "book_review_link": "",
                "contributor": "by Sharon M. Draper",
                "contributor_note": "",
                "dagger": 0,
                "description": "A brilliant girl with cerebral palsy longs for a way to speak.",
                "first_chapter_link": "",
                "isbns": [
                    {
                        "isbn10": "141697170X",
                        "isbn13": "9781416971702"
                    },
                    {
                        "isbn10": "1416971718",
                        "isbn13": "9781416971719"
                    },
                    {
                        "isbn10": "1416980458",
                        "isbn13": "9781416980452"
                    }
                ],
                "price": 6.99,
                "primary_isbn10": "1416971718",
                "primary_isbn13": "9781416971719",
                "publisher": "Atheneum",
                "rank": 10,
                "rank_last_week": 0,
                "sunday_review_link": "",
                "title": "OUT OF MY MIND",
                "weeks_on_list": 24
            }
        ],
        "corrections": [],
        "display_name": "Children's Paperback Books",
        "list_name": "Paperback Books",
        "normal_list_ends_at": 10,
        "published_date": "2012-12-09",
        "updated": "WEEKLY"
    },
    "status": "OK"
}