{
    "copyright": "Copyright (c) 2014 The New York Times Company.  All Rights Reserved.",
    "last_modified": "2014-12-08T17:00:47-05:00",
    "num_results": 10,
    "results": {
        "bestsellers_date": "2014-11-29",
        "books": [
            {
                "age_group": "Ages 4 to 8",
                "amazon_product_url": "http://www.amazon.com/The-Book-Pictures-B-J-Novak/dp/0803741715?tag=thenewyorktim-20",
                "article_chapter_link": "",
                "asterisk": 0,
                "author": "B J Novak",
                "book_image": "http://du.ec2.nytimes.com.s3.amazonaws.com/prd/books/9780803741713.jpeg",
                "book_review_link": "",
                "contributor": "by B. J. Novak",
                "contributor_note": "",
                "dagger": 0,
                "description": "Silly songs and sound effects in a book without images.",
                "first_chapter_link": "",
                "isbns": [
                    {
                        "isbn10": "0803741715",
                        "isbn13": "9780803741713"
                    }
                ],
                "price": 0,
                "primary_isbn10": "0803741715",
                "primary_isbn13": "9780803741713",
                "publisher": "Dial",
                "rank": 1,
                "rank_last_week": 0,
                "sunday_review_link": "",
                "title": "THE BOOK WITH NO PICTURES",
                "weeks_on_list": 9
            },
            {
                "age_group": "Ages 3 to 7",
                "amazon_product_url": "http://www.amazon.com/The-Crayons-Quit-Drew-Daywalt/dp/0399255370?tag=thenewyorktim-20",
                "article_chapter_link": "",
                "asterisk": 0,
                "author": "Drew Daywalt",
                "book_image": "http://du.ec2.nytimes.com.s3.amazonaws.com/prd/books/9780399255373.jpg",
                "book_review_link": "",
                "contributor": "by Drew Daywalt. Illustrated by Oliver Jeffers",
                "contributor_note": "Illustrated by Oliver Jeffers",
                "dagger": 0,
                "description": "Colorful problems arise when Duncan's crayons revolt.",
                "first_chapter_link": "",
                "isbns": [
                    {
                        "isbn10": "0399255370",
                        "isbn13": "9780399255373"
                    }
                ],
                "price": 0,
                "primary_isbn10": "0399255370",
                "primary_isbn13": "9780399255373",
                "publisher": "Philomel",
                "rank": 2,
                "rank_last_week": 0,
                "sunday_review_link": "",
                "title": "THE DAY THE CRAYONS QUIT",
                "weeks_on_list": 75
            },
            {
                "age_group": "All ages",
                "amazon_product_url": "http://www.amazon.com/Night-Before-Christmas-Little-Golden/dp/030796003X?tag=thenewyorktim-20",
                "article_chapter_link": "",
                "asterisk": 0,
                "author": "Clement C Moore Various illustrators",
                "book_image": "http://du.ec2.nytimes.com.s3.amazonaws.com/prd/books/9780375863592.jpg",
                "book_review_link": "",
                "contributor": "by Clement C. Moore. Various illustrators",
                "contributor_note": "",
                "dagger": 0,
                "description": "Not a creature was stirring.",
                "first_chapter_link": "",
                "isbns": [
                    {
                        "isbn10": "0762424168",
                        "isbn13": "9780762424160"
                    },
                    {
                        "isbn10": "0394826981",
                        "isbn13": "9780394826981"
                    },
                    {
                        "isbn10": "0740784323",
                        "isbn13": "9780740784323"
                    },
                    {
                        "isbn10": "030796003X",
                        "isbn13": "9780307960030"
                    },
                    {
                        "isbn10": "0763634697",
                        "isbn13": "9780763634698"
                    },
                    {
                        "isbn10": "0689838999",
                        "isbn13": "9780689838996"
                    },
                    {
                        "isbn10": "0811850285",
                        "isbn13": "9780811850285"
                    },
                    {
                        "isbn10": "0399237453",
                        "isbn13": "9780399237454"
                    },
                    {
                        "isbn10": "0486452115",
                        "isbn13": "9780486452111"
                    },
                    {
                        "isbn10": "0060081600",
                        "isbn13": "9780060081607"
                    },
                    {
                        "isbn10": "0761452982",
                        "isbn13": "9780761452980"
                    },
                    {
                        "isbn10": "0698400305",
                        "isbn13": "9780698400306"
                    },
                    {
                        "isbn10": "0375863591",
                        "isbn13": "9780375863592"
                    },
                    {
                        "isbn10": "0399256709",
                        "isbn13": "9780399256707"
                    },
                    {
                        "isbn10": "1604332379",
                        "isbn13": "9781604332377"
                    },
                    {
                        "isbn10": "0062089447",
                        "isbn13": "9780062089441"
                    },
                    {
                        "isbn10": "0439769272",
                        "isbn13": "9780439769273"
                    },
                    {
                        "isbn10": "0694004243",
                        "isbn13": "9780694004249"
                    },
                    {
                        "isbn10": "1402781822",
                        "isbn13": "9781402781827"
                    },
                    {
                        "isbn10": "0399251936",
                        "isbn13": "9780399251931"
                    },
                    {
                        "isbn10": "1616084707",
                        "isbn13": "9781616084707"
                    },
                    {
                        "isbn10": "1936140063",
                        "isbn13": "9781936140060"
                    },
                    {
                        "isbn10": "0316070181",
                        "isbn13": "9780316070188"
                    },
                    {
                        "isbn10": "1843229234",
                        "isbn13": "9781843229230"
                    },
                    {
                        "isbn10": "0385754590",
                        "isbn13": "9780385754590"
                    },
                    {
                        "isbn10": "0762425032",
                        "isbn13": "9780762425037"
                    }
                ],
                "price": 0,
                "primary_isbn10": "0375863591",
                "primary_isbn13": "9780375863592",
                "publisher": "Various publishers",
                "rank": 3,
                "rank_last_week": 0,
                "sunday_review_link": "",
                "title": "THE NIGHT BEFORE CHRISTMAS",
                "weeks_on_list": 55
            },
            {
                "age_group": "Ages 4 to 8",
                "amazon_product_url": "http://www.amazon.com/Goodnight-Construction-Sherri-Duskey-Rinker/dp/0811877825?tag=thenewyorktim-20",
                "article_chapter_link": "",
                "asterisk": 0,
                "author": "Sherri Duskey Rinker and Tom Lichtenheld",
                "book_image": "http://du.ec2.nytimes.com.s3.amazonaws.com/prd/books/9780811877824.jpg",
                "book_review_link": "",
                "contributor": "by Sherri Duskey Rinker and Tom Lichtenheld",
                "contributor_note": "",
                "dagger": 0,
                "description": "As the sun sets, hard-working trucks get ready for bed.",
                "first_chapter_link": "",
                "isbns": [
                    {
                        "isbn10": "0811877825",
                        "isbn13": "9780811877824"
                    }
                ],
                "price": 0,
                "primary_isbn10": "0811877825",
                "primary_isbn13": "9780811877824",
                "publisher": "Chronicle",
                "rank": 4,
                "rank_last_week": 0,
                "sunday_review_link": "",
                "title": "GOODNIGHT, GOODNIGHT, CONSTRUCTION SITE",
                "weeks_on_list": 165
            },
            {
                "age_group": "Ages 4 to 8",
                "amazon_product_url": "http://www.amazon.com/Little-Humans-Brandon-Stanton/dp/0374374562?tag=thenewyorktim-20",
                "article_chapter_link": "",
                "asterisk": 0,
                "author": "Brandon Stanton",
                "book_image": "http://du.ec2.nytimes.com.s3.amazonaws.com/prd/books/9780374374563.jpeg",
                "book_review_link": "",
                "contributor": "by Brandon Stanton",
                "contributor_note": "",
                "dagger": 0,
                "description": "Street photography from the creator of \"Humans of New York.\"",
                "first_chapter_link": "",
                "isbns": [
                    {
                        "isbn10": "0374374562",
                        "isbn13": "9780374374563"
                    }
                ],
                "price": 0,
                "primary_isbn10": "0374374562",
                "primary_isbn13": "9780374374563",
                "publisher": "Farrar, Straus & Giroux",
                "rank": 5,
                "rank_last_week": 0,
                "sunday_review_link": "",
                "title": "LITTLE HUMANS",
                "weeks_on_list": 5
            },
            {
                "age_group": "Ages 2 to 7",
                "amazon_product_url": "http://www.amazon.com/Waiting-Easy-Elephant-Piggie-Book/dp/142319957X?tag=thenewyorktim-20",
                "article_chapter_link": "",
                "asterisk": 0,
                "author": "Mo Willems",
                "book_image": "http://du.ec2.nytimes.com.s3.amazonaws.com/prd/books/9781423199571.jpeg",
                "book_review_link": "",
                "contributor": "by Mo Willems",
                "contributor_note": "",
                "dagger": 0,
                "description": "Impatient Gerald has to wait for Piggie\u2019s promised surprise.",
                "first_chapter_link": "",
                "isbns": [
                    {
                        "isbn10": "142319957X",
                        "isbn13": "9781423199571"
                    }
                ],
                "price": 0,
                "primary_isbn10": "142319957X",
                "primary_isbn13": "9781423199571",
                "publisher": "Hyperion",
                "rank": 6,
                "rank_last_week": 0,
                "sunday_review_link": "",
                "title": "WAITING IS NOT EASY!",
                "weeks_on_list": 4
            },
            {
                "age_group": "Ages 4 to 8",
                "amazon_product_url": "http://www.amazon.com/Press-Here-Herve-Tullet/dp/0811879542?tag=thenewyorktim-20",
                "article_chapter_link": "",
                "asterisk": 0,
                "author": "Herv\u00e9 Tullet",
                "book_image": "http://du.ec2.nytimes.com.s3.amazonaws.com/prd/books/9780811879545.jpg",
                "book_review_link": "",
                "contributor": "by Herv\u00e9 Tullet",
                "contributor_note": "",
                "dagger": 0,
                "description": "A whimsical dance of color and motion, at the touch of a finger.",
                "first_chapter_link": "",
                "isbns": [
                    {
                        "isbn10": "0811879542",
                        "isbn13": "9780811879545"
                    }
                ],
                "price": 0,
                "primary_isbn10": "0811879542",
                "primary_isbn13": "9780811879545",
                "publisher": "Handprint/Chronicle",
                "rank": 7,
                "rank_last_week": 0,
                "sunday_review_link": "",
                "title": "PRESS HERE",
                "weeks_on_list": 168
            },
            {
                "age_group": "Ages 4 to 8",
                "amazon_product_url": "http://www.amazon.com/Yoda-The-Story-Cat-Kittens/dp/1481444077?tag=thenewyorktim-20",
                "article_chapter_link": "",
                "asterisk": 0,
                "author": "Beth Stern with KA Alistir",
                "book_image": "http://du.ec2.nytimes.com.s3.amazonaws.com/prd/books/9781481444071.jpg",
                "book_review_link": "",
                "contributor": "by Beth Stern with K.A. Alistir. Illustrated by Devin Crane",
                "contributor_note": "Illustrated by Devin Crane",
                "dagger": 0,
                "description": "A shelter cat fosters four frisky kittens.",
                "first_chapter_link": "",
                "isbns": [
                    {
                        "isbn10": "1481444077",
                        "isbn13": "9781481444071"
                    }
                ],
                "price": 0,
                "primary_isbn10": "1481444077",
                "primary_isbn13": "9781481444071",
                "publisher": "Aladdin",
                "rank": 8,
                "rank_last_week": 0,
                "sunday_review_link": "",
                "title": "YODA",
                "weeks_on_list": 2
            },
            {
                "age_group": "Ages 3 to 5",
                "amazon_product_url": "http://www.amazon.com/The-Animals-Santa-Jan-Brett/dp/0399257845?tag=thenewyorktim-20",
                "article_chapter_link": "",
                "asterisk": 0,
                "author": "Jan Brett",
                "book_image": "http://du.ec2.nytimes.com.s3.amazonaws.com/prd/books/9780399257841.jpeg",
                "book_review_link": "",
                "contributor": "by Jan Brett",
                "contributor_note": "",
                "dagger": 0,
                "description": "A spunky little rabbit wants to know who brings those presents.",
                "first_chapter_link": "",
                "isbns": [
                    {
                        "isbn10": "0399257845",
                        "isbn13": "9780399257841"
                    }
                ],
                "price": 0,
                "primary_isbn10": "0399257845",
                "primary_isbn13": "9780399257841",
                "publisher": "Putnam",
                "rank": 9,
                "rank_last_week": 0,
                "sunday_review_link": "",
                "title": "THE ANIMALS' SANTA",
                "weeks_on_list": 4
            },
            {
                "age_group": "Ages 3 to 7",
                "amazon_product_url": "http://www.amazon.com/The-Pigeon-Needs-Bath-Willems/dp/1423190874?tag=thenewyorktim-20",
                "article_chapter_link": "",
                "asterisk": 0,
                "author": "Mo Willems",
                "book_image": "http://du.ec2.nytimes.com.s3.amazonaws.com/prd/books/9781423190875.jpg",
                "book_review_link": "",
                "contributor": "by Mo Willems",
                "contributor_note": "",
                "dagger": 0,
                "description": "A filthy bird is persuaded to bathe.",
                "first_chapter_link": "",
                "isbns": [
                    {
                        "isbn10": "1423190874",
                        "isbn13": "9781423190875"
                    }
                ],
                "price": 0,
                "primary_isbn10": "1423190874",
                "primary_isbn13": "9781423190875",
                "publisher": "Hyperion",
                "rank": 10,
                "rank_last_week": 0,
                "sunday_review_link": "",
                "title": "THE PIGEON NEEDS A BATH!",
                "weeks_on_list": 26
            }
        ],
        "corrections": [],
        "display_name": "Children's Picture Books",
        "list_name": "Picture Books",
        "normal_list_ends_at": 10,
        "published_date": "2014-12-14",
        "updated": "WEEKLY"
    },
    "status": "OK"
}