{
    "copyright": "Copyright (c) 2014 The New York Times Company.  All Rights Reserved.",
    "last_modified": "2014-12-08T17:00:57-05:00",
    "num_results": 15,
    "results": {
        "bestsellers_date": "2014-11-29",
        "books": [
            {
                "age_group": "",
                "amazon_product_url": "http://www.amazon.com/The-Andy-Cohen-Diaries-Shallow-ebook/dp/B00K9NWRFE?tag=thenewyorktim-20",
                "article_chapter_link": "",
                "asterisk": 0,
                "author": "Andy Cohen",
                "book_image": "http://du.ec2.nytimes.com.s3.amazonaws.com/prd/books/9781627792295.jpeg",
                "book_review_link": "",
                "contributor": "by Andy Cohen",
                "contributor_note": "",
                "dagger": 0,
                "description": "One year in the (social) life of the TV producer and host of \"Watch What Happpens Live.\"",
                "first_chapter_link": "",
                "isbns": [
                    {
                        "isbn10": "1627792287",
                        "isbn13": "9781627792288"
                    },
                    {
                        "isbn10": "1627792295",
                        "isbn13": "9781627792295"
                    },
                    {
                        "isbn10": "1427259313",
                        "isbn13": "9781427259318"
                    }
                ],
                "price": 0,
                "primary_isbn10": "1627792295",
                "primary_isbn13": "9781627792295",
                "publisher": "Holt",
                "rank": 1,
                "rank_last_week": 0,
                "sunday_review_link": "",
                "title": "THE ANDY COHEN DIARIES",
                "weeks_on_list": 0
            },
            {
                "age_group": "",
                "amazon_product_url": "http://www.amazon.com/The-Love-Languages-Secret-Lasts/dp/0802473156?tag=thenewyorktim-20",
                "article_chapter_link": "",
                "asterisk": 0,
                "author": "Gary Chapman",
                "book_image": "http://du.ec2.nytimes.com.s3.amazonaws.com/prd/books/9780802473158.jpg",
                "book_review_link": "",
                "contributor": "by Gary Chapman",
                "contributor_note": "",
                "dagger": 0,
                "description": "How to communicate love in a way a spouse will understand.",
                "first_chapter_link": "",
                "isbns": [
                    {
                        "isbn10": "0802473156",
                        "isbn13": "9780802473158"
                    },
                    {
                        "isbn10": "1881273156",
                        "isbn13": "9781881273158"
                    },
                    {
                        "isbn10": "1594150818",
                        "isbn13": "9781594150814"
                    },
                    {
                        "isbn10": "1415857318",
                        "isbn13": "9781415857311"
                    },
                    {
                        "isbn10": "1575678853",
                        "isbn13": "9781575678856"
                    },
                    {
                        "isbn10": "0802473628",
                        "isbn13": "9780802473622"
                    },
                    {
                        "isbn10": "1589269071",
                        "isbn13": "9781589269071"
                    },
                    {
                        "isbn10": "1598595474",
                        "isbn13": "9781598595475"
                    },
                    {
                        "isbn10": "1881273105",
                        "isbn13": "9781881273103"
                    },
                    {
                        "isbn10": "1598590669",
                        "isbn13": "9781598590661"
                    }
                ],
                "price": 0,
                "primary_isbn10": "0802473156",
                "primary_isbn13": "9780802473158",
                "publisher": "Northfield",
                "rank": 2,
                "rank_last_week": 0,
                "sunday_review_link": "",
                "title": "THE FIVE LOVE LANGUAGES",
                "weeks_on_list": 0
            },
            {
                "age_group": "",
                "amazon_product_url": "http://www.amazon.com/True-Love-Jennifer-Lopez-ebook/dp/B00KWFZ7GA?tag=thenewyorktim-20",
                "article_chapter_link": "",
                "asterisk": 0,
                "author": "Jennifer Lopez",
                "book_image": "http://du.ec2.nytimes.com.s3.amazonaws.com/prd/books/9780698148369.jpeg",
                "book_review_link": "",
                "contributor": "by Jennifer Lopez",
                "contributor_note": "",
                "dagger": 0,
                "description": "The entertainer describes what she learned in the two-year period following her divorce.",
                "first_chapter_link": "",
                "isbns": [
                    {
                        "isbn10": "0451468686",
                        "isbn13": "9780451468680"
                    }
                ],
                "price": 0,
                "primary_isbn10": "0451468686",
                "primary_isbn13": "9780451468680",
                "publisher": "Celebra",
                "rank": 3,
                "rank_last_week": 0,
                "sunday_review_link": "",
                "title": "TRUE LOVE",
                "weeks_on_list": 0
            },
            {
                "age_group": "",
                "amazon_product_url": "http://www.amazon.com/Daring-Greatly-Courage-Vulnerable-Transforms/dp/1592407331?tag=thenewyorktim-20",
                "article_chapter_link": "",
                "asterisk": 0,
                "author": "Brene Brown",
                "book_image": "http://du.ec2.nytimes.com.s3.amazonaws.com/prd/books/9781592407330.jpg",
                "book_review_link": "",
                "contributor": "by Brene Brown",
                "contributor_note": "",
                "dagger": 0,
                "description": "The courage to embrace one's vulnerability is a positive force in loving and living.",
                "first_chapter_link": "",
                "isbns": [
                    {
                        "isbn10": "1592407331",
                        "isbn13": "9781592407330"
                    },
                    {
                        "isbn10": "1470814757",
                        "isbn13": "9781470814755"
                    },
                    {
                        "isbn10": "0670923540",
                        "isbn13": "9780670923540"
                    }
                ],
                "price": 0,
                "primary_isbn10": "1592407331",
                "primary_isbn13": "9781592407330",
                "publisher": "Gotham/Penguin",
                "rank": 4,
                "rank_last_week": 0,
                "sunday_review_link": "",
                "title": "DARING GREATLY",
                "weeks_on_list": 0
            },
            {
                "age_group": "",
                "amazon_product_url": "http://www.amazon.com/This-Is-Story-Happy-Marriage-ebook/dp/B00BATKV2M?tag=thenewyorktim-20",
                "article_chapter_link": "",
                "asterisk": 0,
                "author": "Ann Patchett",
                "book_image": "http://du.ec2.nytimes.com.s3.amazonaws.com/prd/books/9780062236692.jpg",
                "book_review_link": "",
                "contributor": "by Ann Patchett",
                "contributor_note": "",
                "dagger": 0,
                "description": "A collection of personal essays, by the author of \u201cBel Canto\u201d and \u201cState of Wonder.\u201d",
                "first_chapter_link": "",
                "isbns": [
                    {
                        "isbn10": "0062236679",
                        "isbn13": "9780062236678"
                    },
                    {
                        "isbn10": "0062236695",
                        "isbn13": "9780062236692"
                    },
                    {
                        "isbn10": "0062236687",
                        "isbn13": "9780062236685"
                    },
                    {
                        "isbn10": "0062282867",
                        "isbn13": "9780062282866"
                    }
                ],
                "price": 0,
                "primary_isbn10": "0062236687",
                "primary_isbn13": "9780062236685",
                "publisher": "HarperPerennial",
                "rank": 5,
                "rank_last_week": 0,
                "sunday_review_link": "",
                "title": "THIS IS THE STORY OF A HAPPY MARRIAGE",
                "weeks_on_list": 0
            },
            {
                "age_group": "",
                "amazon_product_url": "http://www.amazon.com/Graces-Guide-The-Pretending-Grown-up/dp/1476788006?tag=thenewyorktim-20",
                "article_chapter_link": "",
                "asterisk": 0,
                "author": "Grace Helbig",
                "book_image": "http://du.ec2.nytimes.com.s3.amazonaws.com/prd/books/9781476788005.jpeg",
                "book_review_link": "",
                "contributor": "by Grace Helbig",
                "contributor_note": "",
                "dagger": 0,
                "description": "A humorous handbook for millennials, with advice on growing up in the digital age.",
                "first_chapter_link": "",
                "isbns": [
                    {
                        "isbn10": "1476788006",
                        "isbn13": "9781476788005"
                    },
                    {
                        "isbn10": "1476788022",
                        "isbn13": "9781476788029"
                    }
                ],
                "price": 0,
                "primary_isbn10": "1476788006",
                "primary_isbn13": "9781476788005",
                "publisher": "Touchstone/Simon & Schuster",
                "rank": 6,
                "rank_last_week": 0,
                "sunday_review_link": "",
                "title": "GRACE'S GUIDE",
                "weeks_on_list": 0
            },
            {
                "age_group": "",
                "amazon_product_url": "http://www.amazon.com/The-World-PostSecret-Frank-Warren/dp/006233901X?tag=thenewyorktim-20",
                "article_chapter_link": "",
                "asterisk": 0,
                "author": "Frank Warren",
                "book_image": "http://du.ec2.nytimes.com.s3.amazonaws.com/prd/books/9780062339010.jpeg",
                "book_review_link": "",
                "contributor": "by Frank Warren",
                "contributor_note": "",
                "dagger": 0,
                "description": "Additional confessional postcards from the PostSecret Project.",
                "first_chapter_link": "",
                "isbns": [
                    {
                        "isbn10": "006233901X",
                        "isbn13": "9780062339010"
                    }
                ],
                "price": 0,
                "primary_isbn10": "006233901X",
                "primary_isbn13": "9780062339010",
                "publisher": "Morrow/HarperCollins",
                "rank": 7,
                "rank_last_week": 0,
                "sunday_review_link": "",
                "title": "THE WORLD OF POSTSECRET",
                "weeks_on_list": 0
            },
            {
                "age_group": "",
                "amazon_product_url": "http://www.amazon.com/Love-Does-Discover-Secretly-Incredible-ebook/dp/B0078FA8HU?tag=thenewyorktim-20",
                "article_chapter_link": "",
                "asterisk": 0,
                "author": "Bob Goff",
                "book_image": "http://du.ec2.nytimes.com.s3.amazonaws.com/prd/books/9781400203758.jpg",
                "book_review_link": "",
                "contributor": "by Bob Goff",
                "contributor_note": "",
                "dagger": 0,
                "description": "How to forge meaningful connections with strangers through positive actions.",
                "first_chapter_link": "",
                "isbns": [
                    {
                        "isbn10": "1400203759",
                        "isbn13": "9781400203758"
                    },
                    {
                        "isbn10": "1400203767",
                        "isbn13": "9781400203765"
                    },
                    {
                        "isbn10": "1480573426",
                        "isbn13": "9781480573420"
                    },
                    {
                        "isbn10": "161375115X",
                        "isbn13": "9781613751152"
                    }
                ],
                "price": 0,
                "primary_isbn10": "1400203759",
                "primary_isbn13": "9781400203758",
                "publisher": "Thomas Nelson",
                "rank": 8,
                "rank_last_week": 0,
                "sunday_review_link": "",
                "title": "LOVE DOES",
                "weeks_on_list": 0
            },
            {
                "age_group": "",
                "amazon_product_url": "http://www.amazon.com/Bad-Feminist-Essays-Roxane-Gay/dp/0062282719?tag=thenewyorktim-20",
                "article_chapter_link": "",
                "asterisk": 0,
                "author": "Roxane Gay",
                "book_image": "http://du.ec2.nytimes.com.s3.amazonaws.com/prd/books/9780062282712.jpeg",
                "book_review_link": "",
                "contributor": "by Roxane Gay",
                "contributor_note": "",
                "dagger": 0,
                "description": "A collection of essays on race, gender, politics and \"Sweet Valley High.\"",
                "first_chapter_link": "",
                "isbns": [
                    {
                        "isbn10": "0062282719",
                        "isbn13": "9780062282712"
                    }
                ],
                "price": 0,
                "primary_isbn10": "0062282719",
                "primary_isbn13": "9780062282712",
                "publisher": "Harper Perennial/HarperCollins",
                "rank": 9,
                "rank_last_week": 0,
                "sunday_review_link": "",
                "title": "BAD FEMINIST",
                "weeks_on_list": 0
            },
            {
                "age_group": "",
                "amazon_product_url": "http://www.amazon.com/The-Vow-Events-Inspired-Movie-ebook/dp/B0077T2BHM?tag=thenewyorktim-20",
                "article_chapter_link": "",
                "asterisk": 0,
                "author": "Kim and Krickitt Carpenter with Dana Wilkerson",
                "book_image": "http://du.ec2.nytimes.com.s3.amazonaws.com/prd/books/9781433675942.jpg",
                "book_review_link": "",
                "contributor": "by Kim and Krickitt Carpenter with Dana Wilkerson",
                "contributor_note": "",
                "dagger": 0,
                "description": "After a horrific car crash, a couple embark on a journey to fall in love all over again. The true events that inspired the movie.",
                "first_chapter_link": "",
                "isbns": [
                    {
                        "isbn10": "143367579X",
                        "isbn13": "9781433675799"
                    },
                    {
                        "isbn10": "0805421300",
                        "isbn13": "9780805421309"
                    }
                ],
                "price": 0,
                "primary_isbn10": "None",
                "primary_isbn13": "9781433675942",
                "publisher": "B&H Publishing",
                "rank": 10,
                "rank_last_week": 0,
                "sunday_review_link": "",
                "title": "THE VOW",
                "weeks_on_list": 0
            },
            {
                "age_group": "",
                "amazon_product_url": "http://www.amazon.com/Bitter-New-Black-Condescending-Self-Centered-ebook/dp/B000OZ0NO4?tag=thenewyorktim-20",
                "article_chapter_link": "",
                "asterisk": 0,
                "author": "Jen Lancaster",
                "book_image": "http://du.ec2.nytimes.com.s3.amazonaws.com/prd/books/9781101128404.jpeg",
                "book_review_link": "",
                "contributor": "by Jen Lancaster",
                "contributor_note": "",
                "dagger": 0,
                "description": "",
                "first_chapter_link": "",
                "isbns": [
                    {
                        "isbn10": "0451217608",
                        "isbn13": "9780451217608"
                    }
                ],
                "price": 0,
                "primary_isbn10": "None",
                "primary_isbn13": "9781101128404",
                "publisher": "NAL",
                "rank": 11,
                "rank_last_week": 0,
                "sunday_review_link": "",
                "title": "BITTER IS THE NEW BLACK",
                "weeks_on_list": 0
            },
            {
                "age_group": "",
                "amazon_product_url": "http://www.amazon.com/Gratitude-Trust-Affirmations-That-Change/dp/0399167196?tag=thenewyorktim-20",
                "article_chapter_link": "",
                "asterisk": 0,
                "author": "Paul Williams and Tracey Jackson",
                "book_image": "http://du.ec2.nytimes.com.s3.amazonaws.com/prd/books/9780399167195.jpeg",
                "book_review_link": "",
                "contributor": "by Paul Williams and Tracey Jackson",
                "contributor_note": "",
                "dagger": 0,
                "description": "",
                "first_chapter_link": "",
                "isbns": [
                    {
                        "isbn10": "0399167196",
                        "isbn13": "9780399167195"
                    },
                    {
                        "isbn10": "0698139860",
                        "isbn13": "9780698139862"
                    }
                ],
                "price": 0,
                "primary_isbn10": "0399167196",
                "primary_isbn13": "9780399167195",
                "publisher": "Blue Rider Press/Penguin",
                "rank": 12,
                "rank_last_week": 0,
                "sunday_review_link": "",
                "title": "GRATITUDE AND TRUST",
                "weeks_on_list": 0
            },
            {
                "age_group": "",
                "amazon_product_url": "http://www.amazon.com/Where-Man-Stands-Impossible-Unexpected/dp/1476711402?tag=thenewyorktim-20",
                "article_chapter_link": "",
                "asterisk": 0,
                "author": "Carter Paysinger and Steven Fenton",
                "book_image": "http://du.ec2.nytimes.com.s3.amazonaws.com/prd/books/9781476711409.jpg",
                "book_review_link": "",
                "contributor": "by Carter Paysinger and Steven Fenton",
                "contributor_note": "",
                "dagger": 0,
                "description": "",
                "first_chapter_link": "",
                "isbns": [
                    {
                        "isbn10": "1476711402",
                        "isbn13": "9781476711409"
                    }
                ],
                "price": 0,
                "primary_isbn10": "1476711402",
                "primary_isbn13": "9781476711409",
                "publisher": "Howard Books",
                "rank": 13,
                "rank_last_week": 0,
                "sunday_review_link": "",
                "title": "WHERE A MAN STANDS",
                "weeks_on_list": 0
            },
            {
                "age_group": "",
                "amazon_product_url": "http://www.amazon.com/The-Love-Dare-Alex-Kendrick/dp/1433679590?tag=thenewyorktim-20",
                "article_chapter_link": "",
                "asterisk": 0,
                "author": "Stephen Kendrick and Alex Kendrick with Lawrence Kimbrough",
                "book_image": "http://du.ec2.nytimes.com.s3.amazonaws.com/prd/books/9780805448856.jpg",
                "book_review_link": "",
                "contributor": "by Stephen Kendrick and Alex Kendrick with Lawrence Kimbrough",
                "contributor_note": "",
                "dagger": 0,
                "description": "Spouses are challenged to practice unconditional love.",
                "first_chapter_link": "",
                "isbns": [
                    {
                        "isbn10": "0805448853",
                        "isbn13": "9780805448856"
                    },
                    {
                        "isbn10": "1433679590",
                        "isbn13": "9781433679599"
                    },
                    {
                        "isbn10": "0805448659",
                        "isbn13": "9780805448658"
                    },
                    {
                        "isbn10": "1433668629",
                        "isbn13": "9781433668623"
                    },
                    {
                        "isbn10": "148051215X",
                        "isbn13": "9781480512153"
                    },
                    {
                        "isbn10": "1594152977",
                        "isbn13": "9781594152979"
                    },
                    {
                        "isbn10": "143367968X",
                        "isbn13": "9781433679681"
                    }
                ],
                "price": 0,
                "primary_isbn10": "1433679590",
                "primary_isbn13": "9781433679599",
                "publisher": "B&H Books",
                "rank": 14,
                "rank_last_week": 0,
                "sunday_review_link": "",
                "title": "THE LOVE DARE",
                "weeks_on_list": 0
            },
            {
                "age_group": "",
                "amazon_product_url": "http://www.amazon.com/The-Zimzum-Love-Understanding-Marriage/dp/0062194240?tag=thenewyorktim-20",
                "article_chapter_link": "",
                "asterisk": 0,
                "author": "Rob and Kristen Bell",
                "book_image": "http://du.ec2.nytimes.com.s3.amazonaws.com/prd/books/9780062194244.jpeg",
                "book_review_link": "",
                "contributor": "by Rob and Kristen Bell",
                "contributor_note": "",
                "dagger": 0,
                "description": "",
                "first_chapter_link": "",
                "isbns": [
                    {
                        "isbn10": "0062194240",
                        "isbn13": "9780062194244"
                    }
                ],
                "price": 0,
                "primary_isbn10": "0062194240",
                "primary_isbn13": "9780062194244",
                "publisher": "HarperCollins",
                "rank": 15,
                "rank_last_week": 0,
                "sunday_review_link": "",
                "title": "THE ZIMZUM OF LOVE",
                "weeks_on_list": 0
            }
        ],
        "corrections": [],
        "display_name": "Relationships",
        "list_name": "Relationships",
        "normal_list_ends_at": 10,
        "published_date": "2014-12-14",
        "updated": "MONTHLY"
    },
    "status": "OK"
}