{
    "copyright": "Copyright (c) 2014 The New York Times Company.  All Rights Reserved.",
    "last_modified": "2014-12-08T17:01:00-05:00",
    "num_results": 15,
    "results": {
        "bestsellers_date": "2014-11-29",
        "books": [
            {
                "age_group": "",
                "amazon_product_url": "http://www.amazon.com/Small-Victories-Spotting-Improbable-Moments-ebook/dp/B00KWG9NBO?tag=thenewyorktim-20",
                "article_chapter_link": "",
                "asterisk": 0,
                "author": "Anne Lamott",
                "book_image": "http://du.ec2.nytimes.com.s3.amazonaws.com/prd/books/9780698189744.jpeg",
                "book_review_link": "",
                "contributor": "by Anne Lamott",
                "contributor_note": "",
                "dagger": 0,
                "description": "Essays about forgiveness, transformation and grace.",
                "first_chapter_link": "",
                "isbns": [
                    {
                        "isbn10": "1594486298",
                        "isbn13": "9781594486296"
                    },
                    {
                        "isbn10": "1611763703",
                        "isbn13": "9781611763706"
                    }
                ],
                "price": 0,
                "primary_isbn10": "1594486298",
                "primary_isbn13": "9781594486296",
                "publisher": "Riverhead",
                "rank": 1,
                "rank_last_week": 0,
                "sunday_review_link": "",
                "title": "SMALL VICTORIES",
                "weeks_on_list": 0
            },
            {
                "age_group": "",
                "amazon_product_url": "http://www.amazon.com/What-I-Know-For-Sure/dp/1250054052?tag=thenewyorktim-20",
                "article_chapter_link": "",
                "asterisk": 0,
                "author": "Oprah Winfrey",
                "book_image": "http://du.ec2.nytimes.com.s3.amazonaws.com/prd/books/9781250054050.jpeg",
                "book_review_link": "",
                "contributor": "by Oprah Winfrey",
                "contributor_note": "",
                "dagger": 0,
                "description": "The media queen discusses the essential components of an authentic life; adapted from her column in O magazine.",
                "first_chapter_link": "",
                "isbns": [
                    {
                        "isbn10": "1250054052",
                        "isbn13": "9781250054050"
                    },
                    {
                        "isbn10": "1250054079",
                        "isbn13": "9781250054074"
                    },
                    {
                        "isbn10": "1427258260",
                        "isbn13": "9781427258267"
                    }
                ],
                "price": 0,
                "primary_isbn10": "1250054052",
                "primary_isbn13": "9781250054050",
                "publisher": "Flatiron",
                "rank": 2,
                "rank_last_week": 0,
                "sunday_review_link": "",
                "title": "WHAT I KNOW FOR SURE",
                "weeks_on_list": 0
            },
            {
                "age_group": "",
                "amazon_product_url": "http://www.amazon.com/Killing-Jesus-Bill-OReilly/dp/0805098542?tag=thenewyorktim-20",
                "article_chapter_link": "",
                "asterisk": 0,
                "author": "Bill O'Reilly and Martin Dugard",
                "book_image": "http://du.ec2.nytimes.com.s3.amazonaws.com/prd/books/9780805098549.jpg",
                "book_review_link": "",
                "contributor": "by Bill O'Reilly and Martin Dugard",
                "contributor_note": "",
                "dagger": 0,
                "description": "The host of \"The O'Reilly Factor\" recounts the events leading up to Jesus\u2019 execution.",
                "first_chapter_link": "",
                "isbns": [
                    {
                        "isbn10": "0805098542",
                        "isbn13": "9780805098549"
                    },
                    {
                        "isbn10": "1410462420",
                        "isbn13": "9781410462428"
                    },
                    {
                        "isbn10": "1427233322",
                        "isbn13": "9781427233325"
                    }
                ],
                "price": 0,
                "primary_isbn10": "0805098542",
                "primary_isbn13": "9780805098549",
                "publisher": "Holt",
                "rank": 3,
                "rank_last_week": 0,
                "sunday_review_link": "",
                "title": "KILLING JESUS",
                "weeks_on_list": 0
            },
            {
                "age_group": "",
                "amazon_product_url": "http://www.amazon.com/Prayer-Experiencing-Awe-Intimacy-God/dp/0525954147?tag=thenewyorktim-20",
                "article_chapter_link": "",
                "asterisk": 0,
                "author": "Timothy Keller",
                "book_image": "http://du.ec2.nytimes.com.s3.amazonaws.com/prd/books/9780525954149.jpeg",
                "book_review_link": "",
                "contributor": "by Timothy Keller",
                "contributor_note": "",
                "dagger": 0,
                "description": "Guidance for establishing a personal relationship with God.",
                "first_chapter_link": "",
                "isbns": [
                    {
                        "isbn10": "0525954147",
                        "isbn13": "9780525954149"
                    },
                    {
                        "isbn10": "1611763274",
                        "isbn13": "9781611763270"
                    }
                ],
                "price": 0,
                "primary_isbn10": "0525954147",
                "primary_isbn13": "9780525954149",
                "publisher": "Dutton",
                "rank": 4,
                "rank_last_week": 0,
                "sunday_review_link": "",
                "title": "PRAYER",
                "weeks_on_list": 0
            },
            {
                "age_group": "",
                "amazon_product_url": "http://www.amazon.com/Before-Amen-Power-Simple-Prayer/dp/0849948487?tag=thenewyorktim-20",
                "article_chapter_link": "",
                "asterisk": 0,
                "author": "Max Lucado",
                "book_image": "http://du.ec2.nytimes.com.s3.amazonaws.com/prd/books/9780849948480.jpeg",
                "book_review_link": "",
                "contributor": "by Max Lucado",
                "contributor_note": "",
                "dagger": 0,
                "description": "The power of a simple prayer.",
                "first_chapter_link": "",
                "isbns": [
                    {
                        "isbn10": "0849948487",
                        "isbn13": "9780849948480"
                    },
                    {
                        "isbn10": "149154662X",
                        "isbn13": "9781491546628"
                    },
                    {
                        "isbn10": "1491546875",
                        "isbn13": "9781491546871"
                    },
                    {
                        "isbn10": "0529123428",
                        "isbn13": "9780529123428"
                    }
                ],
                "price": 0,
                "primary_isbn10": "0849948487",
                "primary_isbn13": "9780849948480",
                "publisher": "Thomas Nelson",
                "rank": 5,
                "rank_last_week": 0,
                "sunday_review_link": "",
                "title": "BEFORE AMEN",
                "weeks_on_list": 0
            },
            {
                "age_group": "",
                "amazon_product_url": "http://www.amazon.com/Miracles-What-They-Happen-Change/dp/0525954422?tag=thenewyorktim-20",
                "article_chapter_link": "",
                "asterisk": 0,
                "author": "Eric Metaxas",
                "book_image": "http://du.ec2.nytimes.com.s3.amazonaws.com/prd/books/9780525954422.jpeg",
                "book_review_link": "",
                "contributor": "by Eric Metaxas",
                "contributor_note": "",
                "dagger": 0,
                "description": "An argument that miracles are not only possible but widespread.",
                "first_chapter_link": "",
                "isbns": [
                    {
                        "isbn10": "0525954422",
                        "isbn13": "9780525954422"
                    },
                    {
                        "isbn10": "1611763142",
                        "isbn13": "9781611763140"
                    }
                ],
                "price": 0,
                "primary_isbn10": "0525954422",
                "primary_isbn13": "9780525954422",
                "publisher": "Dutton",
                "rank": 6,
                "rank_last_week": 0,
                "sunday_review_link": "",
                "title": "MIRACLES",
                "weeks_on_list": 0
            },
            {
                "age_group": "",
                "amazon_product_url": "http://www.amazon.com/The-Greatest-Gift-Unwrapping-Christmas/dp/1414387083?tag=thenewyorktim-20",
                "article_chapter_link": "",
                "asterisk": 0,
                "author": "Ann Voskamp",
                "book_image": "http://du.ec2.nytimes.com.s3.amazonaws.com/prd/books/9781414387086.jpg",
                "book_review_link": "",
                "contributor": "by Ann Voskamp",
                "contributor_note": "",
                "dagger": 0,
                "description": "A celebration of Christmas through the Advent tradition.",
                "first_chapter_link": "",
                "isbns": [
                    {
                        "isbn10": "1414387083",
                        "isbn13": "9781414387086"
                    },
                    {
                        "isbn10": "1414388527",
                        "isbn13": "9781414388526"
                    },
                    {
                        "isbn10": "1414387199",
                        "isbn13": "9781414387192"
                    },
                    {
                        "isbn10": "1414388519",
                        "isbn13": "9781414388519"
                    }
                ],
                "price": 0,
                "primary_isbn10": "1414387083",
                "primary_isbn13": "9781414387086",
                "publisher": "Tyndale House",
                "rank": 7,
                "rank_last_week": 0,
                "sunday_review_link": "",
                "title": "THE GREATEST GIFT",
                "weeks_on_list": 0
            },
            {
                "age_group": "",
                "amazon_product_url": "http://www.amazon.com/Heaven-Real-Little-Astounding-Story-ebook/dp/B004A90BXS?tag=thenewyorktim-20",
                "article_chapter_link": "",
                "asterisk": 0,
                "author": "Todd Burpo with Lynn Vincent",
                "book_image": "http://du.ec2.nytimes.com.s3.amazonaws.com/prd/books/9780849949203.jpg",
                "book_review_link": "",
                "contributor": "by Todd Burpo with Lynn Vincent",
                "contributor_note": "",
                "dagger": 0,
                "description": "A father recounts his 3-year-old son\u2019s encounter with Jesus and the angels during an emergency appendectomy; the basis of the movie.",
                "first_chapter_link": "",
                "isbns": [
                    {
                        "isbn10": "0849946158",
                        "isbn13": "9780849946158"
                    },
                    {
                        "isbn10": "0849948363",
                        "isbn13": "9780849948367"
                    },
                    {
                        "isbn10": "0849922070",
                        "isbn13": "9780849922077"
                    }
                ],
                "price": 0,
                "primary_isbn10": "0849946158",
                "primary_isbn13": "9780849946158",
                "publisher": "Thomas Nelson",
                "rank": 8,
                "rank_last_week": 0,
                "sunday_review_link": "",
                "title": "HEAVEN IS FOR REAL",
                "weeks_on_list": 0
            },
            {
                "age_group": "",
                "amazon_product_url": "http://www.amazon.com/The-Best-Yes-Decisions-Endless/dp/1400205859?tag=thenewyorktim-20",
                "article_chapter_link": "",
                "asterisk": 0,
                "author": "Lysa TerKeurst",
                "book_image": "http://du.ec2.nytimes.com.s3.amazonaws.com/prd/books/9781400205851.jpeg",
                "book_review_link": "",
                "contributor": "by Lysa TerKeurst",
                "contributor_note": "",
                "dagger": 0,
                "description": "A spirituality-based guide to managing the multiple demands on busy lives.",
                "first_chapter_link": "",
                "isbns": [
                    {
                        "isbn10": "1400205859",
                        "isbn13": "9781400205851"
                    },
                    {
                        "isbn10": "1491521937",
                        "isbn13": "9781491521939"
                    },
                    {
                        "isbn10": "1491522690",
                        "isbn13": "9781491522691"
                    }
                ],
                "price": 0,
                "primary_isbn10": "1400205859",
                "primary_isbn13": "9781400205851",
                "publisher": "Nelson Books/Thomas Nelson",
                "rank": 9,
                "rank_last_week": 0,
                "sunday_review_link": "",
                "title": "THE BEST YES",
                "weeks_on_list": 0
            },
            {
                "age_group": "",
                "amazon_product_url": "http://www.amazon.com/Meaning-Human-Existence-Edward-Wilson/dp/0871401002?tag=thenewyorktim-20",
                "article_chapter_link": "",
                "asterisk": 0,
                "author": "Edward O Wilson",
                "book_image": "http://du.ec2.nytimes.com.s3.amazonaws.com/prd/books/9780871401007.jpg",
                "book_review_link": "",
                "contributor": "by Edward O. Wilson",
                "contributor_note": "",
                "dagger": 0,
                "description": "The Pulitzer Prize-winning biologist grapples with the ultimate philosophical questions: How and why did humanity came to exist on this planet.",
                "first_chapter_link": "",
                "isbns": [
                    {
                        "isbn10": "0871401002",
                        "isbn13": "9780871401007"
                    },
                    {
                        "isbn10": "087140480X",
                        "isbn13": "9780871404800"
                    }
                ],
                "price": 0,
                "primary_isbn10": "0871401002",
                "primary_isbn13": "9780871401007",
                "publisher": "Liveright",
                "rank": 10,
                "rank_last_week": 0,
                "sunday_review_link": "",
                "title": "THE MEANING OF HUMAN EXISTENCE",
                "weeks_on_list": 0
            },
            {
                "age_group": "",
                "amazon_product_url": "http://www.amazon.com/The-Map-Heaven-Religion-Afterlife/dp/1476766401?tag=thenewyorktim-20",
                "article_chapter_link": "",
                "asterisk": 0,
                "author": "Eben Alexander with Ptolemy Tompkins",
                "book_image": "http://du.ec2.nytimes.com.s3.amazonaws.com/prd/books/9781476766409.jpeg",
                "book_review_link": "",
                "contributor": "by Eben Alexander with Ptolemy Tompkins",
                "contributor_note": "",
                "dagger": 0,
                "description": "An exploration of spirituality and the afterlife, from the author of \"Proof of Heaven.\"",
                "first_chapter_link": "",
                "isbns": [
                    {
                        "isbn10": "1476766401",
                        "isbn13": "9781476766409"
                    },
                    {
                        "isbn10": "1476766398",
                        "isbn13": "9781476766393"
                    },
                    {
                        "isbn10": "1442372745",
                        "isbn13": "9781442372740"
                    }
                ],
                "price": 0,
                "primary_isbn10": "1476766401",
                "primary_isbn13": "9781476766409",
                "publisher": "Simon & Schuster",
                "rank": 11,
                "rank_last_week": 0,
                "sunday_review_link": "",
                "title": "THE MAP OF HEAVEN",
                "weeks_on_list": 0
            },
            {
                "age_group": "",
                "amazon_product_url": "http://www.amazon.com/The-Power-Now-Spiritual-Enlightenment/dp/1577314808?tag=thenewyorktim-20",
                "article_chapter_link": "",
                "asterisk": 0,
                "author": "Eckhart Tolle",
                "book_image": "http://du.ec2.nytimes.com.s3.amazonaws.com/prd/books/9781577314806.jpg",
                "book_review_link": "",
                "contributor": "by Eckhart Tolle",
                "contributor_note": "",
                "dagger": 0,
                "description": "A guide to personal growth and spiritual enlightenment.",
                "first_chapter_link": "",
                "isbns": [
                    {
                        "isbn10": "1577314808",
                        "isbn13": "9781577314806"
                    },
                    {
                        "isbn10": "1577313119",
                        "isbn13": "9781577313113"
                    },
                    {
                        "isbn10": "1577311523",
                        "isbn13": "9781577311522"
                    }
                ],
                "price": 0,
                "primary_isbn10": "1577314808",
                "primary_isbn13": "9781577314806",
                "publisher": "New World Library",
                "rank": 12,
                "rank_last_week": 0,
                "sunday_review_link": "",
                "title": "THE POWER OF NOW",
                "weeks_on_list": 0
            },
            {
                "age_group": "",
                "amazon_product_url": "http://www.amazon.com/Jesus-Trial-Lawyer-Affirms-Gospel-ebook/dp/B00INC64HK?tag=thenewyorktim-20",
                "article_chapter_link": "",
                "asterisk": 0,
                "author": "David Limbaugh",
                "book_image": "http://du.ec2.nytimes.com.s3.amazonaws.com/prd/books/9781621572770.jpeg",
                "book_review_link": "",
                "contributor": "by David Limbaugh",
                "contributor_note": "",
                "dagger": 0,
                "description": "The lawyer and political commentator uses his legal training to evaluate, and affirm, the truthfulness of the Bible.",
                "first_chapter_link": "",
                "isbns": [
                    {
                        "isbn10": "1621572552",
                        "isbn13": "9781621572558"
                    },
                    {
                        "isbn10": "1491530758",
                        "isbn13": "9781491530757"
                    }
                ],
                "price": 0,
                "primary_isbn10": "1621572552",
                "primary_isbn13": "9781621572558",
                "publisher": "Regnery",
                "rank": 13,
                "rank_last_week": 0,
                "sunday_review_link": "",
                "title": "JESUS ON TRIAL",
                "weeks_on_list": 0
            },
            {
                "age_group": "",
                "amazon_product_url": "http://www.amazon.com/Proof-Heaven-Neurosurgeons-Journey-Afterlife/dp/1451695195?tag=thenewyorktim-20",
                "article_chapter_link": "",
                "asterisk": 0,
                "author": "Eben Alexander",
                "book_image": "http://du.ec2.nytimes.com.s3.amazonaws.com/prd/books/9781451695199.jpg",
                "book_review_link": "",
                "contributor": "by Eben Alexander",
                "contributor_note": "",
                "dagger": 0,
                "description": "A neurosurgeon recounts his near death experience during a coma from bacterial meningitis.",
                "first_chapter_link": "",
                "isbns": [
                    {
                        "isbn10": "1451695187",
                        "isbn13": "9781451695182"
                    },
                    {
                        "isbn10": "1451695195",
                        "isbn13": "9781451695199"
                    },
                    {
                        "isbn10": "1451695209",
                        "isbn13": "9781451695205"
                    },
                    {
                        "isbn10": "1476753024",
                        "isbn13": "9781476753027"
                    },
                    {
                        "isbn10": "1442359315",
                        "isbn13": "9781442359314"
                    },
                    {
                        "isbn10": "1410458806",
                        "isbn13": "9781410458803"
                    }
                ],
                "price": 0,
                "primary_isbn10": "1451695195",
                "primary_isbn13": "9781451695199",
                "publisher": "Simon & Schuster",
                "rank": 14,
                "rank_last_week": 0,
                "sunday_review_link": "",
                "title": "PROOF OF HEAVEN",
                "weeks_on_list": 0
            },
            {
                "age_group": "",
                "amazon_product_url": "http://www.amazon.com/Fields-Blood-Religion-History-Violence/dp/0307957047?tag=thenewyorktim-20",
                "article_chapter_link": "",
                "asterisk": 0,
                "author": "Karen Armstrong",
                "book_image": "http://du.ec2.nytimes.com.s3.amazonaws.com/prd/books/9780307957047.jpeg",
                "book_review_link": "",
                "contributor": "by Karen Armstrong",
                "contributor_note": "",
                "dagger": 0,
                "description": "",
                "first_chapter_link": "",
                "isbns": [
                    {
                        "isbn10": "0307957047",
                        "isbn13": "9780307957047"
                    },
                    {
                        "isbn10": "0385353103",
                        "isbn13": "9780385353106"
                    },
                    {
                        "isbn10": "0553399292",
                        "isbn13": "9780553399295"
                    }
                ],
                "price": 0,
                "primary_isbn10": "0307957047",
                "primary_isbn13": "9780307957047",
                "publisher": "Knopf",
                "rank": 15,
                "rank_last_week": 0,
                "sunday_review_link": "",
                "title": "FIELDS OF BLOOD",
                "weeks_on_list": 0
            }
        ],
        "corrections": [],
        "display_name": "Religion, Spirituality and Faith",
        "list_name": "Religion Spirituality and Faith",
        "normal_list_ends_at": 10,
        "published_date": "2014-12-14",
        "updated": "MONTHLY"
    },
    "status": "OK"
}