{
    "copyright": "Copyright (c) 2014 The New York Times Company.  All Rights Reserved.",
    "last_modified": "2014-12-08T17:00:58-05:00",
    "num_results": 20,
    "results": {
        "bestsellers_date": "2014-11-29",
        "books": [
            {
                "age_group": "",
                "amazon_product_url": "http://www.amazon.com/Being-Mortal-Medicine-What-Matters/dp/0805095152?tag=thenewyorktim-20",
                "article_chapter_link": "",
                "asterisk": 0,
                "author": "Atul Gawande",
                "book_image": "http://du.ec2.nytimes.com.s3.amazonaws.com/prd/books/9781627790550.jpg",
                "book_review_link": "",
                "contributor": "by Atul Gawande",
                "contributor_note": "",
                "dagger": 0,
                "description": "The surgeon and New Yorker writer considers how doctors fail patients at the end of life, and how they can do better.",
                "first_chapter_link": "",
                "isbns": [
                    {
                        "isbn10": "0805095152",
                        "isbn13": "9780805095159"
                    },
                    {
                        "isbn10": "1427244235",
                        "isbn13": "9781427244239"
                    }
                ],
                "price": 0,
                "primary_isbn10": "0805095152",
                "primary_isbn13": "9780805095159",
                "publisher": "Metropolitan/ Holt",
                "rank": 1,
                "rank_last_week": 1,
                "sunday_review_link": "",
                "title": "BEING MORTAL",
                "weeks_on_list": 0
            },
            {
                "age_group": "",
                "amazon_product_url": "http://www.amazon.com/What-If-Scientific-Hypothetical-Questions-ebook/dp/B00IYUYF4A?tag=thenewyorktim-20",
                "article_chapter_link": "",
                "asterisk": 0,
                "author": "Randall Munroe",
                "book_image": "http://du.ec2.nytimes.com.s3.amazonaws.com/prd/books/9780544272644.jpeg",
                "book_review_link": "",
                "contributor": "by Randall Munroe",
                "contributor_note": "",
                "dagger": 0,
                "description": "Scientific (but often humorous) answers to hypothetical questions, based in part on the author\u2019s website, xkcd.com.",
                "first_chapter_link": "",
                "isbns": [
                    {
                        "isbn10": "0544272994",
                        "isbn13": "9780544272996"
                    }
                ],
                "price": 0,
                "primary_isbn10": "0544272994",
                "primary_isbn13": "9780544272996",
                "publisher": "Houghton Mifflin Harcourt",
                "rank": 2,
                "rank_last_week": 4,
                "sunday_review_link": "",
                "title": "WHAT IF?",
                "weeks_on_list": 0
            },
            {
                "age_group": "",
                "amazon_product_url": "http://www.amazon.com/The-Innovators-Hackers-Geniuses-Revolution-ebook/dp/B00JGAS65Q?tag=thenewyorktim-20",
                "article_chapter_link": "",
                "asterisk": 0,
                "author": "Walter Isaacson",
                "book_image": "http://du.ec2.nytimes.com.s3.amazonaws.com/prd/books/9781476708713.jpeg",
                "book_review_link": "",
                "contributor": "by Walter Isaacson",
                "contributor_note": "",
                "dagger": 0,
                "description": "Studies of the people who created computers and the Internet, beginning in the 1840s.",
                "first_chapter_link": "",
                "isbns": [
                    {
                        "isbn10": "147670869X",
                        "isbn13": "9781476708690"
                    },
                    {
                        "isbn10": "1476708711",
                        "isbn13": "9781476708713"
                    },
                    {
                        "isbn10": "1442376228",
                        "isbn13": "9781442376229"
                    }
                ],
                "price": 0,
                "primary_isbn10": "147670869X",
                "primary_isbn13": "9781476708690",
                "publisher": "Simon & Schuster",
                "rank": 3,
                "rank_last_week": 2,
                "sunday_review_link": "",
                "title": "THE INNOVATORS",
                "weeks_on_list": 0
            },
            {
                "age_group": "",
                "amazon_product_url": "http://www.amazon.com/Quiet-Power-Introverts-World-Talking-ebook/dp/B004J4WNL2?tag=thenewyorktim-20",
                "article_chapter_link": "",
                "asterisk": 0,
                "author": "Susan Cain",
                "book_image": "http://du.ec2.nytimes.com.s3.amazonaws.com/prd/books/9780307452207.jpg",
                "book_review_link": "",
                "contributor": "by Susan Cain",
                "contributor_note": "",
                "dagger": 0,
                "description": "Introverts -- one-third of the population -- are undervalued in American society.",
                "first_chapter_link": "",
                "isbns": [
                    {
                        "isbn10": "0307352145",
                        "isbn13": "9780307352149"
                    },
                    {
                        "isbn10": "0307452204",
                        "isbn13": "9780307452207"
                    },
                    {
                        "isbn10": "0307352153",
                        "isbn13": "9780307352156"
                    },
                    {
                        "isbn10": "1611734207",
                        "isbn13": "9781611734201"
                    },
                    {
                        "isbn10": "0739341243",
                        "isbn13": "9780739341247"
                    }
                ],
                "price": 0,
                "primary_isbn10": "0307352153",
                "primary_isbn13": "9780307352156",
                "publisher": "Crown",
                "rank": 4,
                "rank_last_week": 6,
                "sunday_review_link": "",
                "title": "QUIET",
                "weeks_on_list": 0
            },
            {
                "age_group": "",
                "amazon_product_url": "http://www.amazon.com/Undeniable-Evolution-Creation-Bill-Nye/dp/1250007135?tag=thenewyorktim-20",
                "article_chapter_link": "",
                "asterisk": 0,
                "author": "Bill Nye",
                "book_image": "http://du.ec2.nytimes.com.s3.amazonaws.com/prd/books/9781250007131.jpeg",
                "book_review_link": "",
                "contributor": "by Bill Nye",
                "contributor_note": "",
                "dagger": 0,
                "description": "The \u201cScience Guy\u201d explains how evolution shapes our lives.",
                "first_chapter_link": "",
                "isbns": [
                    {
                        "isbn10": "1250007135",
                        "isbn13": "9781250007131"
                    },
                    {
                        "isbn10": "1427252092",
                        "isbn13": "9781427252098"
                    }
                ],
                "price": 0,
                "primary_isbn10": "1250007135",
                "primary_isbn13": "9781250007131",
                "publisher": "St. Martin's",
                "rank": 5,
                "rank_last_week": 0,
                "sunday_review_link": "",
                "title": "UNDENIABLE",
                "weeks_on_list": 0
            },
            {
                "age_group": "",
                "amazon_product_url": "http://www.amazon.com/Thinking-Fast-Slow-Daniel-Kahneman-ebook/dp/B00555X8OA?tag=thenewyorktim-20",
                "article_chapter_link": "",
                "asterisk": 0,
                "author": "Daniel Kahneman",
                "book_image": "http://du.ec2.nytimes.com.s3.amazonaws.com/prd/books/9781429969352.jpg",
                "book_review_link": "",
                "contributor": "by Daniel Kahneman",
                "contributor_note": "",
                "dagger": 0,
                "description": "The winner of a Nobel in economic science discusses how we make choices in business and personal life and when we can and cannot trust our intuitions.",
                "first_chapter_link": "",
                "isbns": [
                    {
                        "isbn10": "0374275637",
                        "isbn13": "9780374275631"
                    },
                    {
                        "isbn10": "0739357980",
                        "isbn13": "9780739357989"
                    },
                    {
                        "isbn10": "0374533555",
                        "isbn13": "9780374533557"
                    }
                ],
                "price": 0,
                "primary_isbn10": "None",
                "primary_isbn13": "9781429969352",
                "publisher": "Farrar, Straus and Giroux",
                "rank": 6,
                "rank_last_week": 8,
                "sunday_review_link": "",
                "title": "THINKING, FAST AND SLOW",
                "weeks_on_list": 0
            },
            {
                "age_group": "",
                "amazon_product_url": "http://www.amazon.com/The-Power-Habit-What-Business/dp/081298160X?tag=thenewyorktim-20",
                "article_chapter_link": "",
                "asterisk": 0,
                "author": "Charles Duhigg",
                "book_image": "http://du.ec2.nytimes.com.s3.amazonaws.com/prd/books/9780812981605.jpg",
                "book_review_link": "",
                "contributor": "by Charles Duhigg",
                "contributor_note": "",
                "dagger": 0,
                "description": "An examination of the science behind habits, how we form them and break them.",
                "first_chapter_link": "",
                "isbns": [
                    {
                        "isbn10": "1400069289",
                        "isbn13": "9781400069286"
                    },
                    {
                        "isbn10": "0679603859",
                        "isbn13": "9780679603856"
                    },
                    {
                        "isbn10": "030796664X",
                        "isbn13": "9780307966643"
                    },
                    {
                        "isbn10": "1847946240",
                        "isbn13": "9781847946249"
                    },
                    {
                        "isbn10": "081298160X",
                        "isbn13": "9780812981605"
                    }
                ],
                "price": 0,
                "primary_isbn10": "081298160X",
                "primary_isbn13": "9780812981605",
                "publisher": "Random House",
                "rank": 7,
                "rank_last_week": 10,
                "sunday_review_link": "",
                "title": "THE POWER OF HABIT",
                "weeks_on_list": 0
            },
            {
                "age_group": "",
                "amazon_product_url": "http://www.amazon.com/One-Nation-Under-Taught-Engineering/dp/0825307449?tag=thenewyorktim-20",
                "article_chapter_link": "",
                "asterisk": 0,
                "author": "Vince M Bertram",
                "book_image": "http://du.ec2.nytimes.com.s3.amazonaws.com/prd/books/9780825307447.jpg",
                "book_review_link": "",
                "contributor": "by Vince M. Bertram",
                "contributor_note": "",
                "dagger": 0,
                "description": "How to help American students who are falling behind in science, technology, engineering and math education",
                "first_chapter_link": "",
                "isbns": [
                    {
                        "isbn10": "0825307449",
                        "isbn13": "9780825307447"
                    }
                ],
                "price": 0,
                "primary_isbn10": "0825307449",
                "primary_isbn13": "9780825307447",
                "publisher": "Beaufort Books",
                "rank": 8,
                "rank_last_week": 0,
                "sunday_review_link": "",
                "title": "ONE NATION UNDER TAUGHT",
                "weeks_on_list": 0
            },
            {
                "age_group": "",
                "amazon_product_url": "http://www.amazon.com/The-Science-Interstellar-Kip-Thorne-ebook/dp/B00NUB4EVC?tag=thenewyorktim-20",
                "article_chapter_link": "",
                "asterisk": 0,
                "author": "Kip Thorne",
                "book_image": "http://du.ec2.nytimes.com.s3.amazonaws.com/prd/books/9780393351378.jpeg",
                "book_review_link": "",
                "contributor": "by Kip Thorne",
                "contributor_note": "",
                "dagger": 0,
                "description": "A physicist explains the science behind the movie.",
                "first_chapter_link": "",
                "isbns": [
                    {
                        "isbn10": "0393351378",
                        "isbn13": "9780393351378"
                    },
                    {
                        "isbn10": "0393351386",
                        "isbn13": "9780393351385"
                    }
                ],
                "price": 0,
                "primary_isbn10": "0393351378",
                "primary_isbn13": "9780393351378",
                "publisher": "Norton",
                "rank": 9,
                "rank_last_week": 0,
                "sunday_review_link": "",
                "title": "THE SCIENCE OF INTERSTELLAR",
                "weeks_on_list": 0
            },
            {
                "age_group": "",
                "amazon_product_url": "http://www.amazon.com/The-Hot-Zone-Terrifying-Origins-ebook/dp/B007DCU4IQ?tag=thenewyorktim-20",
                "article_chapter_link": "",
                "asterisk": 0,
                "author": "Richard Preston",
                "book_image": "http://du.ec2.nytimes.com.s3.amazonaws.com/prd/books/9780307817655.jpeg",
                "book_review_link": "",
                "contributor": "by Richard Preston",
                "contributor_note": "",
                "dagger": 0,
                "description": "The discovery of the Ebola virus, and the efforts to keep it from spreading; first published in 1994.",
                "first_chapter_link": "",
                "isbns": [
                    {
                        "isbn10": "0307817652",
                        "isbn13": "9780307817655"
                    },
                    {
                        "isbn10": "0385479565",
                        "isbn13": "9780385479561"
                    },
                    {
                        "isbn10": "0385495226",
                        "isbn13": "9780385495226"
                    }
                ],
                "price": 0,
                "primary_isbn10": "0385479565",
                "primary_isbn13": "9780385479561",
                "publisher": "Anchor",
                "rank": 10,
                "rank_last_week": 3,
                "sunday_review_link": "",
                "title": "THE HOT ZONE",
                "weeks_on_list": 0
            },
            {
                "age_group": "",
                "amazon_product_url": "http://www.amazon.com/You-Are-Here-Photographs-International/dp/0316379646?tag=thenewyorktim-20",
                "article_chapter_link": "",
                "asterisk": 0,
                "author": "Chris Hadfield",
                "book_image": "http://du.ec2.nytimes.com.s3.amazonaws.com/prd/books/9780316379649.jpeg",
                "book_review_link": "",
                "contributor": "by Chris Hadfield",
                "contributor_note": "",
                "dagger": 0,
                "description": "Photographs from the International Space Station by a former astronaut.",
                "first_chapter_link": "",
                "isbns": [
                    {
                        "isbn10": "0316379646",
                        "isbn13": "9780316379649"
                    }
                ],
                "price": 0,
                "primary_isbn10": "0316379646",
                "primary_isbn13": "9780316379649",
                "publisher": "Little, Brown",
                "rank": 11,
                "rank_last_week": 0,
                "sunday_review_link": "",
                "title": "YOU ARE HERE",
                "weeks_on_list": 0
            },
            {
                "age_group": "",
                "amazon_product_url": "http://www.amazon.com/In-Kingdom-Ice-Terrible-Jeannette-ebook/dp/B00IBZ3Z8U?tag=thenewyorktim-20",
                "article_chapter_link": "",
                "asterisk": 0,
                "author": "Hampton Sides",
                "book_image": "http://du.ec2.nytimes.com.s3.amazonaws.com/prd/books/9780385535380.jpeg",
                "book_review_link": "",
                "contributor": "by Hampton Sides",
                "contributor_note": "",
                "dagger": 0,
                "description": "An 1879 polar voyage gone terribly wrong.",
                "first_chapter_link": "",
                "isbns": [
                    {
                        "isbn10": "0385535376",
                        "isbn13": "9780385535373"
                    },
                    {
                        "isbn10": "0804194602",
                        "isbn13": "9780804194600"
                    },
                    {
                        "isbn10": "0307966542",
                        "isbn13": "9780307966544"
                    }
                ],
                "price": 0,
                "primary_isbn10": "0385535376",
                "primary_isbn13": "9780385535373",
                "publisher": "Doubleday",
                "rank": 12,
                "rank_last_week": 0,
                "sunday_review_link": "",
                "title": "IN THE KINGDOM OF ICE",
                "weeks_on_list": 0
            },
            {
                "age_group": "",
                "amazon_product_url": "http://www.amazon.com/How-We-Got-Now-Innovations/dp/1594632960?tag=thenewyorktim-20",
                "article_chapter_link": "",
                "asterisk": 0,
                "author": "Steven Johnson",
                "book_image": "http://du.ec2.nytimes.com.s3.amazonaws.com/prd/books/9780698154506.jpeg",
                "book_review_link": "",
                "contributor": "by Steven Johnson",
                "contributor_note": "",
                "dagger": 0,
                "description": "A history of innovation focused on the development of six key technologies of modern life.\n",
                "first_chapter_link": "",
                "isbns": [
                    {
                        "isbn10": "1594632960",
                        "isbn13": "9781594632969"
                    },
                    {
                        "isbn10": "161176338X",
                        "isbn13": "9781611763386"
                    }
                ],
                "price": 0,
                "primary_isbn10": "1594632960",
                "primary_isbn13": "9781594632969",
                "publisher": "Riverhead",
                "rank": 13,
                "rank_last_week": 0,
                "sunday_review_link": "",
                "title": "HOW WE GOT TO NOW",
                "weeks_on_list": 0
            },
            {
                "age_group": "",
                "amazon_product_url": "http://www.amazon.com/Meaning-Human-Existence-Edward-Wilson/dp/0871401002?tag=thenewyorktim-20",
                "article_chapter_link": "",
                "asterisk": 0,
                "author": "Edward O Wilson",
                "book_image": "http://du.ec2.nytimes.com.s3.amazonaws.com/prd/books/9780871401007.jpg",
                "book_review_link": "",
                "contributor": "by Edward O. Wilson",
                "contributor_note": "",
                "dagger": 0,
                "description": "The Pulitzer Prize-winning biologist grapples with the ultimate philosophical questions: How and why did humanity came to exist on this planet.",
                "first_chapter_link": "",
                "isbns": [
                    {
                        "isbn10": "0871401002",
                        "isbn13": "9780871401007"
                    },
                    {
                        "isbn10": "087140480X",
                        "isbn13": "9780871404800"
                    }
                ],
                "price": 0,
                "primary_isbn10": "0871401002",
                "primary_isbn13": "9780871401007",
                "publisher": "Liveright",
                "rank": 14,
                "rank_last_week": 0,
                "sunday_review_link": "",
                "title": "THE MEANING OF HUMAN EXISTENCE",
                "weeks_on_list": 0
            },
            {
                "age_group": "",
                "amazon_product_url": "http://www.amazon.com/This-Changes-Everything-Capitalism-Climate-ebook/dp/B00JHIDON6?tag=thenewyorktim-20",
                "article_chapter_link": "",
                "asterisk": 0,
                "author": "Naomi Klein",
                "book_image": "http://du.ec2.nytimes.com.s3.amazonaws.com/prd/books/9781451697407.png",
                "book_review_link": "",
                "contributor": "by Naomi Klein",
                "contributor_note": "",
                "dagger": 0,
                "description": "The author of \u201cThe Shock Doctrine\u201d argues that the free market created and is worsening the climate crisis.",
                "first_chapter_link": "",
                "isbns": [
                    {
                        "isbn10": "1451697384",
                        "isbn13": "9781451697384"
                    },
                    {
                        "isbn10": "1442372915",
                        "isbn13": "9781442372917"
                    }
                ],
                "price": 0,
                "primary_isbn10": "1451697384",
                "primary_isbn13": "9781451697384",
                "publisher": "Simon & Schuster",
                "rank": 15,
                "rank_last_week": 0,
                "sunday_review_link": "",
                "title": "THIS CHANGES EVERYTHING",
                "weeks_on_list": 0
            },
            {
                "age_group": "",
                "amazon_product_url": "http://www.amazon.com/The-Body-Keeps-Score-Healing/dp/0670785938?tag=thenewyorktim-20",
                "article_chapter_link": "",
                "asterisk": 0,
                "author": "Bessel van der Kolk",
                "book_image": "http://du.ec2.nytimes.com.s3.amazonaws.com/prd/books/9780670785933.jpeg",
                "book_review_link": "",
                "contributor": "by Bessel van der Kolk",
                "contributor_note": "",
                "dagger": 0,
                "description": "",
                "first_chapter_link": "",
                "isbns": [
                    {
                        "isbn10": "0670785938",
                        "isbn13": "9780670785933"
                    }
                ],
                "price": 0,
                "primary_isbn10": "0670785938",
                "primary_isbn13": "9780670785933",
                "publisher": "Viking",
                "rank": 16,
                "rank_last_week": 0,
                "sunday_review_link": "",
                "title": "THE BODY KEEPS THE SCORE",
                "weeks_on_list": 0
            },
            {
                "age_group": "",
                "amazon_product_url": "http://www.amazon.com/The-Moral-Case-Fossil-Fuels/dp/1591847443?tag=thenewyorktim-20",
                "article_chapter_link": "",
                "asterisk": 0,
                "author": "Alex Epstein",
                "book_image": "http://du.ec2.nytimes.com.s3.amazonaws.com/prd/books/9781591847441.jpeg",
                "book_review_link": "",
                "contributor": "by Alex Epstein",
                "contributor_note": "",
                "dagger": 0,
                "description": "",
                "first_chapter_link": "",
                "isbns": [
                    {
                        "isbn10": "1591847443",
                        "isbn13": "9781591847441"
                    }
                ],
                "price": 0,
                "primary_isbn10": "1591847443",
                "primary_isbn13": "9781591847441",
                "publisher": "Portfolio/ Penguin",
                "rank": 17,
                "rank_last_week": 0,
                "sunday_review_link": "",
                "title": "THE MORAL CASE FOR FOSSIL FUELS",
                "weeks_on_list": 0
            },
            {
                "age_group": "",
                "amazon_product_url": "http://www.amazon.com/The-Sense-Style-Thinking-Persons-ebook/dp/B00INIYG74?tag=thenewyorktim-20",
                "article_chapter_link": "",
                "asterisk": 0,
                "author": "Steven Pinker",
                "book_image": "http://du.ec2.nytimes.com.s3.amazonaws.com/prd/books/9780670025855.jpeg",
                "book_review_link": "",
                "contributor": "by Steven Pinker",
                "contributor_note": "",
                "dagger": 0,
                "description": "The Harvard psychologist and linguist updates the rules of writing with a more relaxed approach to grammar.",
                "first_chapter_link": "",
                "isbns": [
                    {
                        "isbn10": "0670025852",
                        "isbn13": "9780670025855"
                    },
                    {
                        "isbn10": "069817030X",
                        "isbn13": "9780698170308"
                    }
                ],
                "price": 0,
                "primary_isbn10": "0670025852",
                "primary_isbn13": "9780670025855",
                "publisher": "Viking",
                "rank": 18,
                "rank_last_week": 0,
                "sunday_review_link": "",
                "title": "THE SENSE OF STYLE",
                "weeks_on_list": 0
            },
            {
                "age_group": "",
                "amazon_product_url": "http://www.amazon.com/The-Elements-Visual-Exploration-Universe/dp/1579128149?tag=thenewyorktim-20",
                "article_chapter_link": "",
                "asterisk": 0,
                "author": "Theodore Gray; photography  Nick Mann",
                "book_image": "http://du.ec2.nytimes.com.s3.amazonaws.com/prd/books/9781579128142.jpeg",
                "book_review_link": "",
                "contributor": "by Theodore Gray; photography by Nick Mann",
                "contributor_note": "",
                "dagger": 0,
                "description": "",
                "first_chapter_link": "",
                "isbns": [
                    {
                        "isbn10": "1579128149",
                        "isbn13": "9781579128142"
                    },
                    {
                        "isbn10": "1579128955",
                        "isbn13": "9781579128951"
                    }
                ],
                "price": 0,
                "primary_isbn10": "1579128149",
                "primary_isbn13": "9781579128142",
                "publisher": "Black Dog & Leventhal",
                "rank": 19,
                "rank_last_week": 0,
                "sunday_review_link": "",
                "title": "THE ELEMENTS",
                "weeks_on_list": 0
            },
            {
                "age_group": "",
                "amazon_product_url": "http://www.amazon.com/Molecules-The-Elements-Architecture-Everything/dp/1579129714?tag=thenewyorktim-20",
                "article_chapter_link": "",
                "asterisk": 0,
                "author": "Theodore Gray; photography  Nick Mann",
                "book_image": "http://du.ec2.nytimes.com.s3.amazonaws.com/prd/books/9781579129712.jpeg",
                "book_review_link": "",
                "contributor": "by Theodore Gray; photography by Nick Mann",
                "contributor_note": "",
                "dagger": 0,
                "description": "",
                "first_chapter_link": "",
                "isbns": [
                    {
                        "isbn10": "1579129714",
                        "isbn13": "9781579129712"
                    }
                ],
                "price": 0,
                "primary_isbn10": "1579129714",
                "primary_isbn13": "9781579129712",
                "publisher": "Black Dog & Leventhal",
                "rank": 20,
                "rank_last_week": 0,
                "sunday_review_link": "",
                "title": "MOLECULES",
                "weeks_on_list": 0
            }
        ],
        "corrections": [],
        "display_name": "Science",
        "list_name": "Science",
        "normal_list_ends_at": 10,
        "published_date": "2014-12-14",
        "updated": "MONTHLY"
    },
    "status": "OK"
}