{
    "copyright": "Copyright (c) 2014 The New York Times Company.  All Rights Reserved.",
    "last_modified": "2014-12-08T17:00:48-05:00",
    "num_results": 10,
    "results": {
        "bestsellers_date": "2014-11-29",
        "books": [
            {
                "age_group": "Ages 9 to 12",
                "amazon_product_url": "http://www.amazon.com/Diary-Wimpy-Kid-Hard-Luck/dp/1419711326?tag=thenewyorktim-20",
                "article_chapter_link": "",
                "asterisk": 0,
                "author": "Jeff Kinney",
                "book_image": "http://du.ec2.nytimes.com.s3.amazonaws.com/prd/books/9781419711329.jpg",
                "book_review_link": "",
                "contributor": "written and illustrated by Jeff Kinney",
                "contributor_note": "written and illustrated by Jeff Kinney",
                "dagger": 0,
                "description": "The travails of adolescence, in cartoons.",
                "first_chapter_link": "",
                "isbns": [
                    {
                        "isbn10": "0810993139",
                        "isbn13": "9780810993136"
                    },
                    {
                        "isbn10": "0810984911",
                        "isbn13": "9780810984912"
                    },
                    {
                        "isbn10": "0810970686",
                        "isbn13": "9780810970687"
                    },
                    {
                        "isbn10": "0810994739",
                        "isbn13": "9780810994737"
                    },
                    {
                        "isbn10": "0810983915",
                        "isbn13": "9780810983915"
                    },
                    {
                        "isbn10": "0810996162",
                        "isbn13": "9780810996168"
                    },
                    {
                        "isbn10": "0810997827",
                        "isbn13": "9780810997820"
                    },
                    {
                        "isbn10": "1419702238",
                        "isbn13": "9781419702235"
                    },
                    {
                        "isbn10": "141970642X",
                        "isbn13": "9781419706424"
                    },
                    {
                        "isbn10": "1419705849",
                        "isbn13": "9781419705847"
                    },
                    {
                        "isbn10": "1419707663",
                        "isbn13": "9781419707667"
                    },
                    {
                        "isbn10": "1419707671",
                        "isbn13": "9781419707674"
                    },
                    {
                        "isbn10": "1613124503",
                        "isbn13": "9781613124505"
                    },
                    {
                        "isbn10": "1419711873",
                        "isbn13": "9781419711879"
                    },
                    {
                        "isbn10": "1419711326",
                        "isbn13": "9781419711329"
                    },
                    {
                        "isbn10": "1419711822",
                        "isbn13": "9781419711824"
                    },
                    {
                        "isbn10": "1419711830",
                        "isbn13": "9781419711831"
                    },
                    {
                        "isbn10": "141971189X",
                        "isbn13": "9781419711893"
                    },
                    {
                        "isbn10": "1419715380",
                        "isbn13": "9781419715389"
                    }
                ],
                "price": 0,
                "primary_isbn10": "141971189X",
                "primary_isbn13": "9781419711893",
                "publisher": "Abrams Books",
                "rank": 1,
                "rank_last_week": 0,
                "sunday_review_link": "",
                "title": "DIARY OF A WIMPY KID",
                "weeks_on_list": 299
            },
            {
                "age_group": "Ages 12 and up",
                "amazon_product_url": "http://www.amazon.com/The-Maze-Runner-Book-1/dp/0385737955?tag=thenewyorktim-20",
                "article_chapter_link": "",
                "asterisk": 0,
                "author": "James Dashner",
                "book_image": "http://du.ec2.nytimes.com.s3.amazonaws.com/prd/books/9780385737951.jpg",
                "book_review_link": "",
                "contributor": "by James Dashner",
                "contributor_note": "",
                "dagger": 0,
                "description": "Amnesiac teenagers endure a series of trials.",
                "first_chapter_link": "",
                "isbns": [
                    {
                        "isbn10": "0385737955",
                        "isbn13": "9780385737951"
                    },
                    {
                        "isbn10": "0385738757",
                        "isbn13": "9780385738750"
                    },
                    {
                        "isbn10": "0385738765",
                        "isbn13": "9780385738767"
                    },
                    {
                        "isbn10": "0385738773",
                        "isbn13": "9780385738774"
                    },
                    {
                        "isbn10": "0385737947",
                        "isbn13": "9780385737944"
                    },
                    {
                        "isbn10": "0385742886",
                        "isbn13": "9780385742887"
                    },
                    {
                        "isbn10": "0375893776",
                        "isbn13": "9780375893773"
                    },
                    {
                        "isbn10": "0375896112",
                        "isbn13": "9780375896118"
                    },
                    {
                        "isbn10": "0375896120",
                        "isbn13": "9780375896125"
                    },
                    {
                        "isbn10": "0307979113",
                        "isbn13": "9780307979117"
                    },
                    {
                        "isbn10": "0385738781",
                        "isbn13": "9780385738781"
                    },
                    {
                        "isbn10": "0385373791",
                        "isbn13": "9780385373791"
                    },
                    {
                        "isbn10": "0385742894",
                        "isbn13": "9780385742894"
                    },
                    {
                        "isbn10": "0385388896",
                        "isbn13": "9780385388894"
                    },
                    {
                        "isbn10": "038538520X",
                        "isbn13": "9780385385206"
                    },
                    {
                        "isbn10": "038538548X",
                        "isbn13": "9780385385480"
                    }
                ],
                "price": 0,
                "primary_isbn10": "0385738765",
                "primary_isbn13": "9780385738767",
                "publisher": "Random House Publishing",
                "rank": 2,
                "rank_last_week": 0,
                "sunday_review_link": "",
                "title": "THE MAZE RUNNER",
                "weeks_on_list": 112
            },
            {
                "age_group": "Ages 14 and up",
                "amazon_product_url": "http://www.amazon.com/Divergent-Veronica-Roth/dp/0062024035?tag=thenewyorktim-20",
                "article_chapter_link": "",
                "asterisk": 0,
                "author": "Veronica Roth",
                "book_image": "http://du.ec2.nytimes.com.s3.amazonaws.com/prd/books/9780062024039.jpg",
                "book_review_link": "",
                "contributor": "by Veronica Roth",
                "contributor_note": "",
                "dagger": 0,
                "description": "A girl must prove herself in a dystopia divided into five factions.",
                "first_chapter_link": "",
                "isbns": [
                    {
                        "isbn10": "0062024027",
                        "isbn13": "9780062024022"
                    },
                    {
                        "isbn10": "0062024035",
                        "isbn13": "9780062024039"
                    },
                    {
                        "isbn10": "0062024043",
                        "isbn13": "9780062024046"
                    },
                    {
                        "isbn10": "0062077015",
                        "isbn13": "9780062077011"
                    },
                    {
                        "isbn10": "006211445X",
                        "isbn13": "9780062114457"
                    },
                    {
                        "isbn10": "0062209272",
                        "isbn13": "9780062209276"
                    },
                    {
                        "isbn10": "006202406X",
                        "isbn13": "9780062024060"
                    },
                    {
                        "isbn10": "0062285637",
                        "isbn13": "9780062285638"
                    },
                    {
                        "isbn10": "0062278789",
                        "isbn13": "9780062278784"
                    },
                    {
                        "isbn10": "0062289853",
                        "isbn13": "9780062289858"
                    },
                    {
                        "isbn10": "0062289845",
                        "isbn13": "9780062289841"
                    },
                    {
                        "isbn10": "1594137455",
                        "isbn13": "9781594137457"
                    },
                    {
                        "isbn10": "0007536747",
                        "isbn13": "9780007536740"
                    },
                    {
                        "isbn10": "0062345214",
                        "isbn13": "9780062345219"
                    },
                    {
                        "isbn10": "0062352164",
                        "isbn13": "9780062352163"
                    },
                    {
                        "isbn10": "006228567X",
                        "isbn13": "9780062285676"
                    },
                    {
                        "isbn10": "006235938X",
                        "isbn13": "9780062359384"
                    },
                    {
                        "isbn10": "0062352172",
                        "isbn13": "9780062352170"
                    }
                ],
                "price": 0,
                "primary_isbn10": "0062345214",
                "primary_isbn13": "9780062345219",
                "publisher": "HarperCollins Publishers",
                "rank": 3,
                "rank_last_week": 0,
                "sunday_review_link": "",
                "title": "DIVERGENT",
                "weeks_on_list": 58
            },
            {
                "age_group": "Ages 9 to 12",
                "amazon_product_url": "http://www.amazon.com/The-Heroes-Olympus-Three-Athena/dp/1423142004?tag=thenewyorktim-20",
                "article_chapter_link": "",
                "asterisk": 0,
                "author": "Rick Riordan",
                "book_image": "http://du.ec2.nytimes.com.s3.amazonaws.com/prd/books/9781423155164.jpg",
                "book_review_link": "",
                "contributor": "by Rick Riordan",
                "contributor_note": "",
                "dagger": 0,
                "description": "A new generation of demigods embarks on a series of adventures.",
                "first_chapter_link": "",
                "isbns": [
                    {
                        "isbn10": "142311339X",
                        "isbn13": "9781423113393"
                    },
                    {
                        "isbn10": "1423140591",
                        "isbn13": "9781423140597"
                    },
                    {
                        "isbn10": "1423113462",
                        "isbn13": "9781423113461"
                    },
                    {
                        "isbn10": "1423140605",
                        "isbn13": "9781423140603"
                    },
                    {
                        "isbn10": "1423145402",
                        "isbn13": "9781423145400"
                    },
                    {
                        "isbn10": "1423146727",
                        "isbn13": "9781423146728"
                    },
                    {
                        "isbn10": "1423170962",
                        "isbn13": "9781423170969"
                    },
                    {
                        "isbn10": "1423142004",
                        "isbn13": "9781423142003"
                    },
                    {
                        "isbn10": "1423146735",
                        "isbn13": "9781423146735"
                    },
                    {
                        "isbn10": "1423155149",
                        "isbn13": "9781423155140"
                    },
                    {
                        "isbn10": "1484720733",
                        "isbn13": "9781484720738"
                    }
                ],
                "price": 0,
                "primary_isbn10": "1423146735",
                "primary_isbn13": "9781423146735",
                "publisher": "Disney Publishing Worldwide",
                "rank": 4,
                "rank_last_week": 0,
                "sunday_review_link": "",
                "title": "HEROES OF OLYMPUS",
                "weeks_on_list": 81
            },
            {
                "age_group": "Ages 12 and up",
                "amazon_product_url": "http://www.amazon.com/Mockingjay-Final-Book-Hunger-Games/dp/0545663261?tag=thenewyorktim-20",
                "article_chapter_link": "",
                "asterisk": 0,
                "author": "Suzanne Collins",
                "book_image": "http://du.ec2.nytimes.com.s3.amazonaws.com/prd/books/9780545663267.jpg",
                "book_review_link": "",
                "contributor": "by Suzanne Collins",
                "contributor_note": "",
                "dagger": 0,
                "description": "In a dystopia, a girl fights for survival on live TV.",
                "first_chapter_link": "",
                "isbns": [
                    {
                        "isbn10": "0439023521",
                        "isbn13": "9780439023528"
                    },
                    {
                        "isbn10": "0439023491",
                        "isbn13": "9780439023498"
                    },
                    {
                        "isbn10": "0439023513",
                        "isbn13": "9780439023511"
                    },
                    {
                        "isbn10": "0545265355",
                        "isbn13": "9780545265355"
                    },
                    {
                        "isbn10": "0439023483",
                        "isbn13": "9780439023481"
                    },
                    {
                        "isbn10": "0545425115",
                        "isbn13": "9780545425117"
                    },
                    {
                        "isbn10": "1594135851",
                        "isbn13": "9781594135859"
                    },
                    {
                        "isbn10": "159413586X",
                        "isbn13": "9781594135866"
                    },
                    {
                        "isbn10": "0545317800",
                        "isbn13": "9780545317801"
                    },
                    {
                        "isbn10": "0545229936",
                        "isbn13": "9780545229937"
                    },
                    {
                        "isbn10": "0545471044",
                        "isbn13": "9780545471046"
                    },
                    {
                        "isbn10": "140712899X",
                        "isbn13": "9781407128993"
                    },
                    {
                        "isbn10": "1407129015",
                        "isbn13": "9781407129013"
                    },
                    {
                        "isbn10": "1407129031",
                        "isbn13": "9781407129037"
                    },
                    {
                        "isbn10": "0545586178",
                        "isbn13": "9780545586177"
                    },
                    {
                        "isbn10": "0545663261",
                        "isbn13": "9780545663267"
                    },
                    {
                        "isbn10": "0545670314",
                        "isbn13": "9780545670319"
                    },
                    {
                        "isbn10": "0545791901",
                        "isbn13": "9780545791908"
                    },
                    {
                        "isbn10": "054579191X",
                        "isbn13": "9780545791915"
                    },
                    {
                        "isbn10": "054579188X",
                        "isbn13": "9780545791885"
                    }
                ],
                "price": 0,
                "primary_isbn10": "0545317800",
                "primary_isbn13": "9780545317801",
                "publisher": "Scholastic",
                "rank": 5,
                "rank_last_week": 0,
                "sunday_review_link": "",
                "title": "THE HUNGER GAMES",
                "weeks_on_list": 214
            },
            {
                "age_group": "Ages 8 to 12",
                "amazon_product_url": "http://www.amazon.com/Rush-Revere-American-Revolution-Time-Travel/dp/1476789878?tag=thenewyorktim-20",
                "article_chapter_link": "",
                "asterisk": 0,
                "author": "Rush Limbaugh with Kathryn Adams Limbaugh",
                "book_image": "http://du.ec2.nytimes.com.s3.amazonaws.com/prd/books/9781476789873.jpeg",
                "book_review_link": "",
                "contributor": "by Rush Limbaugh with Kathryn Adams Limbaugh",
                "contributor_note": "",
                "dagger": 0,
                "description": "Time travel with exceptional Americans.",
                "first_chapter_link": "",
                "isbns": [
                    {
                        "isbn10": "1476755868",
                        "isbn13": "9781476755861"
                    },
                    {
                        "isbn10": "1476755884",
                        "isbn13": "9781476755885"
                    },
                    {
                        "isbn10": "1476789878",
                        "isbn13": "9781476789873"
                    }
                ],
                "price": 0,
                "primary_isbn10": "1476789878",
                "primary_isbn13": "9781476789873",
                "publisher": "Simon & Schuster",
                "rank": 6,
                "rank_last_week": 0,
                "sunday_review_link": "",
                "title": "RUSH REVERE",
                "weeks_on_list": 5
            },
            {
                "age_group": "Ages 9 to 13",
                "amazon_product_url": "http://www.amazon.com/Dork-Diaries-Tales-Not-So-Glam-Star/dp/1442487674?tag=thenewyorktim-20",
                "article_chapter_link": "",
                "asterisk": 0,
                "author": "Rachel Ren\u00e9e Russell",
                "book_image": "http://du.ec2.nytimes.com.s3.amazonaws.com/prd/books/9781442487673.jpg",
                "book_review_link": "",
                "contributor": "by Rachel Ren\u00e9e Russell",
                "contributor_note": "",
                "dagger": 0,
                "description": "Nikki Maxwell navigates the halls of middle school.",
                "first_chapter_link": "",
                "isbns": [
                    {
                        "isbn10": "1416980067",
                        "isbn13": "9781416980063"
                    },
                    {
                        "isbn10": "1416980083",
                        "isbn13": "9781416980087"
                    },
                    {
                        "isbn10": "1442411902",
                        "isbn13": "9781442411906"
                    },
                    {
                        "isbn10": "1442422335",
                        "isbn13": "9781442422339"
                    },
                    {
                        "isbn10": "1442426624",
                        "isbn13": "9781442426627"
                    },
                    {
                        "isbn10": "1442411929",
                        "isbn13": "9781442411920"
                    },
                    {
                        "isbn10": "1442449616",
                        "isbn13": "9781442449619"
                    },
                    {
                        "isbn10": "1442464836",
                        "isbn13": "9781442464834"
                    },
                    {
                        "isbn10": "1442449624",
                        "isbn13": "9781442449626"
                    },
                    {
                        "isbn10": "1416986553",
                        "isbn13": "9781416986553"
                    },
                    {
                        "isbn10": "1442411910",
                        "isbn13": "9781442411913"
                    },
                    {
                        "isbn10": "1442449632",
                        "isbn13": "9781442449633"
                    },
                    {
                        "isbn10": "1442449640",
                        "isbn13": "9781442449640"
                    },
                    {
                        "isbn10": "1442411937",
                        "isbn13": "9781442411937"
                    },
                    {
                        "isbn10": "1442487674",
                        "isbn13": "9781442487673"
                    },
                    {
                        "isbn10": "1481421840",
                        "isbn13": "9781481421843"
                    },
                    {
                        "isbn10": "1481402919",
                        "isbn13": "9781481402910"
                    }
                ],
                "price": 0,
                "primary_isbn10": "1481421840",
                "primary_isbn13": "9781481421843",
                "publisher": "Simon & Schuster",
                "rank": 7,
                "rank_last_week": 0,
                "sunday_review_link": "",
                "title": "DORK DIARIES",
                "weeks_on_list": 114
            },
            {
                "age_group": "Ages 10 and up",
                "amazon_product_url": "http://www.amazon.com/Harry-Potter-And-Order-Phoenix/dp/0439358078?tag=thenewyorktim-20",
                "article_chapter_link": "",
                "asterisk": 0,
                "author": "J K Rowling",
                "book_image": "http://du.ec2.nytimes.com.s3.amazonaws.com/prd/books/9780590353427.jpg",
                "book_review_link": "",
                "contributor": "by J. K. Rowling",
                "contributor_note": "",
                "dagger": 0,
                "description": "A wizard hones his skills while fighting evil.",
                "first_chapter_link": "",
                "isbns": [
                    {
                        "isbn10": "059035342X",
                        "isbn13": "9780590353427"
                    },
                    {
                        "isbn10": "0439064872",
                        "isbn13": "9780439064873"
                    },
                    {
                        "isbn10": "0439136369",
                        "isbn13": "9780439136365"
                    },
                    {
                        "isbn10": "0439139600",
                        "isbn13": "9780439139601"
                    },
                    {
                        "isbn10": "0439785960",
                        "isbn13": "9780439785969"
                    },
                    {
                        "isbn10": "0439358078",
                        "isbn13": "9780439358071"
                    },
                    {
                        "isbn10": "0545128285",
                        "isbn13": "9780545128285"
                    },
                    {
                        "isbn10": "0590353403",
                        "isbn13": "9780590353403"
                    },
                    {
                        "isbn10": "0439784549",
                        "isbn13": "9780439784542"
                    },
                    {
                        "isbn10": "0439139597",
                        "isbn13": "9780439139595"
                    },
                    {
                        "isbn10": "0545010225",
                        "isbn13": "9780545010221"
                    },
                    {
                        "isbn10": "0439064864",
                        "isbn13": "9780439064866"
                    },
                    {
                        "isbn10": "0439136350",
                        "isbn13": "9780439136358"
                    },
                    {
                        "isbn10": "043935806X",
                        "isbn13": "9780439358064"
                    },
                    {
                        "isbn10": "0545044251",
                        "isbn13": "9780545044257"
                    },
                    {
                        "isbn10": "0545596270",
                        "isbn13": "9780545596275"
                    },
                    {
                        "isbn10": "0545582881",
                        "isbn13": "9780545582889"
                    },
                    {
                        "isbn10": "054558292X",
                        "isbn13": "9780545582926"
                    },
                    {
                        "isbn10": "0545582938",
                        "isbn13": "9780545582933"
                    },
                    {
                        "isbn10": "0545582954",
                        "isbn13": "9780545582957"
                    },
                    {
                        "isbn10": "0545582970",
                        "isbn13": "9780545582971"
                    },
                    {
                        "isbn10": "0545583004",
                        "isbn13": "9780545583008"
                    },
                    {
                        "isbn10": "0545582997",
                        "isbn13": "9780545582995"
                    },
                    {
                        "isbn10": "0545615402",
                        "isbn13": "9780545615402"
                    }
                ],
                "price": 0,
                "primary_isbn10": "0545615402",
                "primary_isbn13": "9780545615402",
                "publisher": "Scholastic",
                "rank": 8,
                "rank_last_week": 0,
                "sunday_review_link": "",
                "title": "HARRY POTTER",
                "weeks_on_list": 310
            },
            {
                "age_group": "Ages 9 to 12",
                "amazon_product_url": "http://www.amazon.com/Titans-Curse-Percy-Jackson-Olympians/dp/1423101480?tag=thenewyorktim-20",
                "article_chapter_link": "",
                "asterisk": 0,
                "author": "Rick Riordan",
                "book_image": "http://du.ec2.nytimes.com.s3.amazonaws.com/prd/books/9781423131892.jpg",
                "book_review_link": "",
                "contributor": "by Rick Riordan",
                "contributor_note": "",
                "dagger": 0,
                "description": "A boy battles mythological monsters.",
                "first_chapter_link": "",
                "isbns": [
                    {
                        "isbn10": "1423101502",
                        "isbn13": "9781423101505"
                    },
                    {
                        "isbn10": "1423101472",
                        "isbn13": "9781423101475"
                    },
                    {
                        "isbn10": "1423101499",
                        "isbn13": "9781423101499"
                    },
                    {
                        "isbn10": "0786838655",
                        "isbn13": "9780786838653"
                    },
                    {
                        "isbn10": "1423103343",
                        "isbn13": "9781423103349"
                    },
                    {
                        "isbn10": "1423101480",
                        "isbn13": "9781423101482"
                    },
                    {
                        "isbn10": "1423113497",
                        "isbn13": "9781423113492"
                    },
                    {
                        "isbn10": "142312166X",
                        "isbn13": "9781423121664"
                    },
                    {
                        "isbn10": "0786856866",
                        "isbn13": "9780786856862"
                    },
                    {
                        "isbn10": "1423101456",
                        "isbn13": "9781423101451"
                    },
                    {
                        "isbn10": "142313494X",
                        "isbn13": "9781423134947"
                    },
                    {
                        "isbn10": "142314189X",
                        "isbn13": "9781423141891"
                    },
                    {
                        "isbn10": "1423121708",
                        "isbn13": "9781423121701"
                    },
                    {
                        "isbn10": "1423119509",
                        "isbn13": "9781423119500"
                    },
                    {
                        "isbn10": "142313589X",
                        "isbn13": "9781423135890"
                    },
                    {
                        "isbn10": "1423136802",
                        "isbn13": "9781423136804"
                    },
                    {
                        "isbn10": "1423131894",
                        "isbn13": "9781423131892"
                    },
                    {
                        "isbn10": "1423131967",
                        "isbn13": "9781423131960"
                    },
                    {
                        "isbn10": "1423131975",
                        "isbn13": "9781423131977"
                    },
                    {
                        "isbn10": "1423131991",
                        "isbn13": "9781423131991"
                    },
                    {
                        "isbn10": "1423131983",
                        "isbn13": "9781423131984"
                    },
                    {
                        "isbn10": "1423140346",
                        "isbn13": "9781423140344"
                    },
                    {
                        "isbn10": "142316007X",
                        "isbn13": "9781423160076"
                    },
                    {
                        "isbn10": "1423132009",
                        "isbn13": "9781423132004"
                    },
                    {
                        "isbn10": "1484707230",
                        "isbn13": "9781484707234"
                    }
                ],
                "price": 0,
                "primary_isbn10": "1484707230",
                "primary_isbn13": "9781484707234",
                "publisher": "Disney Publishing Worldwide",
                "rank": 9,
                "rank_last_week": 0,
                "sunday_review_link": "",
                "title": "PERCY JACKSON & THE OLYMPIANS",
                "weeks_on_list": 350
            },
            {
                "age_group": "Ages 14 and up",
                "amazon_product_url": "http://www.amazon.com/City-Heavenly-Fire-Mortal-Instruments-ebook/dp/B00EFWU91E?tag=thenewyorktim-20",
                "article_chapter_link": "",
                "asterisk": 0,
                "author": "Cassandra Clare",
                "book_image": "http://du.ec2.nytimes.com.s3.amazonaws.com/prd/books/9781442416918.jpg",
                "book_review_link": "",
                "contributor": "by Cassandra Clare",
                "contributor_note": "",
                "dagger": 0,
                "description": "A world of demons and warriors.",
                "first_chapter_link": "",
                "isbns": [
                    {
                        "isbn10": "1416955070",
                        "isbn13": "9781416955078"
                    },
                    {
                        "isbn10": "1416972250",
                        "isbn13": "9781416972259"
                    },
                    {
                        "isbn10": "1416972242",
                        "isbn13": "9781416972242"
                    },
                    {
                        "isbn10": "1416914307",
                        "isbn13": "9781416914303"
                    },
                    {
                        "isbn10": "1416914293",
                        "isbn13": "9781416914297"
                    },
                    {
                        "isbn10": "1416914285",
                        "isbn13": "9781416914280"
                    },
                    {
                        "isbn10": "1442403543",
                        "isbn13": "9781442403543"
                    },
                    {
                        "isbn10": "1442409525",
                        "isbn13": "9781442409521"
                    },
                    {
                        "isbn10": "1442416866",
                        "isbn13": "9781442416864"
                    },
                    {
                        "isbn10": "1416995757",
                        "isbn13": "9781416995753"
                    },
                    {
                        "isbn10": "1439163847",
                        "isbn13": "9781439163849"
                    },
                    {
                        "isbn10": "1439158428",
                        "isbn13": "9781439158425"
                    },
                    {
                        "isbn10": "1442416882",
                        "isbn13": "9781442416888"
                    },
                    {
                        "isbn10": "144240356X",
                        "isbn13": "9781442403567"
                    },
                    {
                        "isbn10": "1442403551",
                        "isbn13": "9781442403550"
                    },
                    {
                        "isbn10": "1442472065",
                        "isbn13": "9781442472068"
                    },
                    {
                        "isbn10": "1442472057",
                        "isbn13": "9781442472051"
                    },
                    {
                        "isbn10": "1442485388",
                        "isbn13": "9781442485389"
                    },
                    {
                        "isbn10": "1442416920",
                        "isbn13": "9781442416925"
                    },
                    {
                        "isbn10": "1442496827",
                        "isbn13": "9781442496828"
                    },
                    {
                        "isbn10": "1442416874",
                        "isbn13": "9781442416871"
                    },
                    {
                        "isbn10": "1442416890",
                        "isbn13": "9781442416895"
                    },
                    {
                        "isbn10": "1442416912",
                        "isbn13": "9781442416918"
                    },
                    {
                        "isbn10": "1481400835",
                        "isbn13": "9781481400831"
                    }
                ],
                "price": 0,
                "primary_isbn10": "1442416912",
                "primary_isbn13": "9781442416918",
                "publisher": "Simon & Schuster",
                "rank": 10,
                "rank_last_week": 0,
                "sunday_review_link": "",
                "title": "THE MORTAL INSTRUMENTS",
                "weeks_on_list": 160
            }
        ],
        "corrections": [],
        "display_name": "Children's Series",
        "list_name": "Series Books",
        "normal_list_ends_at": 10,
        "published_date": "2014-12-14",
        "updated": "WEEKLY"
    },
    "status": "OK"
}