{
    "copyright": "Copyright (c) 2014 The New York Times Company.  All Rights Reserved.",
    "last_modified": "2014-12-08T17:00:55-05:00",
    "num_results": 20,
    "results": {
        "bestsellers_date": "2014-11-29",
        "books": [
            {
                "age_group": "",
                "amazon_product_url": "http://www.amazon.com/Unbroken-World-Survival-Resilience-Redemption/dp/1400064163?tag=thenewyorktim-20",
                "article_chapter_link": "",
                "asterisk": 0,
                "author": "Laura Hillenbrand",
                "book_image": "http://du.ec2.nytimes.com.s3.amazonaws.com/prd/books/9781400064168.jpg",
                "book_review_link": "",
                "contributor": "by Laura Hillenbrand",
                "contributor_note": "",
                "dagger": 0,
                "description": "An Olympic runner\u2019s story of survival as a prisoner of the Japanese in World War II. \n",
                "first_chapter_link": "",
                "isbns": [
                    {
                        "isbn10": "1400064163",
                        "isbn13": "9781400064168"
                    },
                    {
                        "isbn10": "0679603751",
                        "isbn13": "9780679603757"
                    },
                    {
                        "isbn10": "0375435018",
                        "isbn13": "9780375435010"
                    },
                    {
                        "isbn10": "0739319698",
                        "isbn13": "9780739319697"
                    },
                    {
                        "isbn10": "0007378033",
                        "isbn13": "9780007378036"
                    },
                    {
                        "isbn10": "0812974492",
                        "isbn13": "9780812974492"
                    },
                    {
                        "isbn10": "0606355987",
                        "isbn13": "9780606355988"
                    },
                    {
                        "isbn10": "081298711X",
                        "isbn13": "9780812987119"
                    },
                    {
                        "isbn10": "0553397117",
                        "isbn13": "9780553397116"
                    },
                    {
                        "isbn10": "1101912626",
                        "isbn13": "9781101912621"
                    },
                    {
                        "isbn10": "0375990623",
                        "isbn13": "9780375990625"
                    }
                ],
                "price": 0,
                "primary_isbn10": "0679603751",
                "primary_isbn13": "9780679603757",
                "publisher": "Random House",
                "rank": 1,
                "rank_last_week": 0,
                "sunday_review_link": "",
                "title": "UNBROKEN",
                "weeks_on_list": 0
            },
            {
                "age_group": "",
                "amazon_product_url": "http://www.amazon.com/The-Boys-Boat-Americans-Olympics-ebook/dp/B00AEBETU2?tag=thenewyorktim-20",
                "article_chapter_link": "",
                "asterisk": 0,
                "author": "Daniel James Brown",
                "book_image": "http://du.ec2.nytimes.com.s3.amazonaws.com/prd/books/9781101622742.jpg",
                "book_review_link": "",
                "contributor": "by Daniel James Brown",
                "contributor_note": "",
                "dagger": 0,
                "description": "The University of Washington\u2019s eight-oar crew and their quest for gold at the 1936 Berlin Olympics.",
                "first_chapter_link": "",
                "isbns": [
                    {
                        "isbn10": "067002581X",
                        "isbn13": "9780670025817"
                    },
                    {
                        "isbn10": "0143125478",
                        "isbn13": "9780143125471"
                    },
                    {
                        "isbn10": "159413779X",
                        "isbn13": "9781594137792"
                    },
                    {
                        "isbn10": "1611761697",
                        "isbn13": "9781611761696"
                    },
                    {
                        "isbn10": "1410459543",
                        "isbn13": "9781410459541"
                    }
                ],
                "price": 0,
                "primary_isbn10": "0143125478",
                "primary_isbn13": "9780143125471",
                "publisher": "Penguin",
                "rank": 2,
                "rank_last_week": 0,
                "sunday_review_link": "",
                "title": "THE BOYS IN THE BOAT",
                "weeks_on_list": 0
            },
            {
                "age_group": "",
                "amazon_product_url": "http://www.amazon.com/Jeter-Unfiltered-Derek/dp/1476783667?tag=thenewyorktim-20",
                "article_chapter_link": "",
                "asterisk": 0,
                "author": "Derek Jeter with Anthony Bozza",
                "book_image": "http://du.ec2.nytimes.com.s3.amazonaws.com/prd/books/9781476783666.jpeg",
                "book_review_link": "",
                "contributor": "by Derek Jeter with Anthony Bozza",
                "contributor_note": "",
                "dagger": 0,
                "description": "The Yankee shortstop and team captain looks back over his career, with photographs from his recently concluded final season, as well as older ones.",
                "first_chapter_link": "",
                "isbns": [
                    {
                        "isbn10": "1476783667",
                        "isbn13": "9781476783666"
                    }
                ],
                "price": 0,
                "primary_isbn10": "1476783667",
                "primary_isbn13": "9781476783666",
                "publisher": "Jeter Publishing/Gallery Books",
                "rank": 3,
                "rank_last_week": 0,
                "sunday_review_link": "",
                "title": "JETER UNFILTERED",
                "weeks_on_list": 0
            },
            {
                "age_group": "",
                "amazon_product_url": "http://www.amazon.com/You-Cant-Make-This-Television/dp/0062314963?tag=thenewyorktim-20",
                "article_chapter_link": "",
                "asterisk": 0,
                "author": "Al Michaels with L Jon Wertheim",
                "book_image": "http://du.ec2.nytimes.com.s3.amazonaws.com/prd/books/9780062314987.jpg",
                "book_review_link": "",
                "contributor": "by Al Michaels with L. Jon Wertheim",
                "contributor_note": "",
                "dagger": 0,
                "description": "The veteran sportscaster, the voice of \"Sunday Night Football,\" recalls players and games he has observed.",
                "first_chapter_link": "",
                "isbns": [
                    {
                        "isbn10": "0062314963",
                        "isbn13": "9780062314963"
                    }
                ],
                "price": 0,
                "primary_isbn10": "0062314963",
                "primary_isbn13": "9780062314963",
                "publisher": "Morrow/HarperCollins",
                "rank": 4,
                "rank_last_week": 0,
                "sunday_review_link": "",
                "title": "YOU CAN'T MAKE THIS UP",
                "weeks_on_list": 0
            },
            {
                "age_group": "",
                "amazon_product_url": "http://www.amazon.com/Bleeding-Orange-Referees-Screaming-Basketball-ebook/dp/B00ICN0674?tag=thenewyorktim-20",
                "article_chapter_link": "",
                "asterisk": 0,
                "author": "Jim Boeheim with Jack McCallum",
                "book_image": "http://du.ec2.nytimes.com.s3.amazonaws.com/prd/books/9780062316646.jpg",
                "book_review_link": "",
                "contributor": "by Jim Boeheim with Jack McCallum",
                "contributor_note": "",
                "dagger": 0,
                "description": "The Syracuse University basketball coach shares the pleasures and perils of his lengthy career with the N.C.A.A.",
                "first_chapter_link": "",
                "isbns": [
                    {
                        "isbn10": "0062316648",
                        "isbn13": "9780062316646"
                    },
                    {
                        "isbn10": "0062316672",
                        "isbn13": "9780062316677"
                    }
                ],
                "price": 0,
                "primary_isbn10": "0062316648",
                "primary_isbn13": "9780062316646",
                "publisher": "HarperCollins",
                "rank": 5,
                "rank_last_week": 0,
                "sunday_review_link": "",
                "title": "BLEEDING ORANGE",
                "weeks_on_list": 0
            },
            {
                "age_group": "",
                "amazon_product_url": "http://www.amazon.com/Terrible-Wonderful-Reasons-Long-Distances/dp/1449459951?tag=thenewyorktim-20",
                "article_chapter_link": "",
                "asterisk": 0,
                "author": "The Oatmeal",
                "book_image": "http://du.ec2.nytimes.com.s3.amazonaws.com/prd/books/9781449459956.jpeg",
                "book_review_link": "",
                "contributor": "by The Oatmeal",
                "contributor_note": "",
                "dagger": 0,
                "description": "A confessional in comic form, from the Web site.",
                "first_chapter_link": "",
                "isbns": [
                    {
                        "isbn10": "1449459951",
                        "isbn13": "9781449459956"
                    }
                ],
                "price": 0,
                "primary_isbn10": "1449459951",
                "primary_isbn13": "9781449459956",
                "publisher": "Andrews McMeel",
                "rank": 6,
                "rank_last_week": 0,
                "sunday_review_link": "",
                "title": "THE TERRIBLE AND WONDERFUL REASONS WHY I RUN LONG DISTANCES",
                "weeks_on_list": 0
            },
            {
                "age_group": "",
                "amazon_product_url": "http://www.amazon.com/Fully-Alive-Discovering-What-Matters/dp/0374280916?tag=thenewyorktim-20",
                "article_chapter_link": "",
                "asterisk": 0,
                "author": "Timothy P Shriver",
                "book_image": "http://du.ec2.nytimes.com.s3.amazonaws.com/prd/books/9780374280918.jpeg",
                "book_review_link": "",
                "contributor": "by Timothy P. Shriver",
                "contributor_note": "",
                "dagger": 0,
                "description": "The head of the Special Olympics shares insights gained through experiences with and advocating for athletes with special needs.",
                "first_chapter_link": "",
                "isbns": [
                    {
                        "isbn10": "0374280916",
                        "isbn13": "9780374280918"
                    }
                ],
                "price": 0,
                "primary_isbn10": "0374280916",
                "primary_isbn13": "9780374280918",
                "publisher": "Sarah Crichton Books/Farrar, Straus & Giroux",
                "rank": 7,
                "rank_last_week": 0,
                "sunday_review_link": "",
                "title": "FULLY ALIVE",
                "weeks_on_list": 0
            },
            {
                "age_group": "",
                "amazon_product_url": "http://www.amazon.com/Foxcatcher-Brothers-Murder-Madness-Olympic-ebook/dp/B00KWG5SI6?tag=thenewyorktim-20",
                "article_chapter_link": "",
                "asterisk": 0,
                "author": "Mark Schultz with David Thomas",
                "book_image": "http://du.ec2.nytimes.com.s3.amazonaws.com/prd/books/9780698188709.jpeg",
                "book_review_link": "",
                "contributor": "by Mark Schultz with David Thomas",
                "contributor_note": "",
                "dagger": 0,
                "description": "Olympic wrestling gold medal-winning brothers Mark Schultz and Dave Schultz and what came to be a fatal relationship with John du Pont.\n",
                "first_chapter_link": "",
                "isbns": [
                    {
                        "isbn10": "0525955038",
                        "isbn13": "9780525955030"
                    }
                ],
                "price": 0,
                "primary_isbn10": "None",
                "primary_isbn13": "9780698188709",
                "publisher": "Dutton/Penguin",
                "rank": 8,
                "rank_last_week": 0,
                "sunday_review_link": "",
                "title": "FOXCATCHER",
                "weeks_on_list": 0
            },
            {
                "age_group": "",
                "amazon_product_url": "http://www.amazon.com/Parcells-A-Football-Life-Bill/dp/0385346352?tag=thenewyorktim-20",
                "article_chapter_link": "",
                "asterisk": 0,
                "author": "Bill Parcells and Nunyo Demasio",
                "book_image": "http://du.ec2.nytimes.com.s3.amazonaws.com/prd/books/9780385346351.jpeg",
                "book_review_link": "",
                "contributor": "by Bill Parcells and Nunyo Demasio",
                "contributor_note": "",
                "dagger": 0,
                "description": "Reflections on the life and career of the N.F.L. coach.\n",
                "first_chapter_link": "",
                "isbns": [
                    {
                        "isbn10": "0385346352",
                        "isbn13": "9780385346351"
                    },
                    {
                        "isbn10": "0385346360",
                        "isbn13": "9780385346368"
                    }
                ],
                "price": 0,
                "primary_isbn10": "0385346352",
                "primary_isbn13": "9780385346351",
                "publisher": "Crown Archetype",
                "rank": 9,
                "rank_last_week": 0,
                "sunday_review_link": "",
                "title": "PARCELLS",
                "weeks_on_list": 0
            },
            {
                "age_group": "",
                "amazon_product_url": "http://www.amazon.com/Ready-Run-Unlocking-Potential-Naturally/dp/1628600098?tag=thenewyorktim-20",
                "article_chapter_link": "",
                "asterisk": 0,
                "author": "Kelly Starrett with T J Murphy",
                "book_image": "http://du.ec2.nytimes.com.s3.amazonaws.com/prd/books/9781628600094.jpeg",
                "book_review_link": "",
                "contributor": "by Kelly Starrett with T. J. Murphy",
                "contributor_note": "",
                "dagger": 0,
                "description": "How to run more naturally while avoiding injury.",
                "first_chapter_link": "",
                "isbns": [
                    {
                        "isbn10": "1628600098",
                        "isbn13": "9781628600094"
                    }
                ],
                "price": 0,
                "primary_isbn10": "1628600098",
                "primary_isbn13": "9781628600094",
                "publisher": "Victory Belt Publishing",
                "rank": 10,
                "rank_last_week": 0,
                "sunday_review_link": "",
                "title": "READY TO RUN",
                "weeks_on_list": 0
            },
            {
                "age_group": "",
                "amazon_product_url": "http://www.amazon.com/Dont-Give-Up-In-Extraordinary/dp/0062368338?tag=thenewyorktim-20",
                "article_chapter_link": "",
                "asterisk": 0,
                "author": "Louis Zamperini and David Rensin",
                "book_image": "http://du.ec2.nytimes.com.s3.amazonaws.com/prd/books/9780062368331.jpeg",
                "book_review_link": "",
                "contributor": "by Louis Zamperini and David Rensin",
                "contributor_note": "",
                "dagger": 0,
                "description": "",
                "first_chapter_link": "",
                "isbns": [
                    {
                        "isbn10": "0062368338",
                        "isbn13": "9780062368331"
                    },
                    {
                        "isbn10": "0062368818",
                        "isbn13": "9780062368812"
                    }
                ],
                "price": 0,
                "primary_isbn10": "0062368338",
                "primary_isbn13": "9780062368331",
                "publisher": "Dey Street Books",
                "rank": 11,
                "rank_last_week": 0,
                "sunday_review_link": "",
                "title": "DON'T GIVE UP, DON'T GIVE IN",
                "weeks_on_list": 0
            },
            {
                "age_group": "",
                "amazon_product_url": "http://www.amazon.com/Glory-Days-Tribe-Town-Cleveland/dp/1938441354?tag=thenewyorktim-20",
                "article_chapter_link": "",
                "asterisk": 0,
                "author": "Terry Pluto and Tom Hamilton",
                "book_image": "http://du.ec2.nytimes.com.s3.amazonaws.com/prd/books/9781938441356.jpeg",
                "book_review_link": "",
                "contributor": "by Terry Pluto and Tom Hamilton",
                "contributor_note": "",
                "dagger": 0,
                "description": "",
                "first_chapter_link": "",
                "isbns": [
                    {
                        "isbn10": "1938441354",
                        "isbn13": "9781938441356"
                    }
                ],
                "price": 0,
                "primary_isbn10": "1938441354",
                "primary_isbn13": "9781938441356",
                "publisher": "Gray and Company",
                "rank": 12,
                "rank_last_week": 0,
                "sunday_review_link": "",
                "title": "GLORY DAYS IN TRIBE TOWN",
                "weeks_on_list": 0
            },
            {
                "age_group": "",
                "amazon_product_url": "http://www.amazon.com/Sports-Illustrated-Basketballs-Greatest-Editors/dp/1618930486?tag=thenewyorktim-20",
                "article_chapter_link": "",
                "asterisk": 0,
                "author": "Editors of Sports",
                "book_image": "http://du.ec2.nytimes.com.s3.amazonaws.com/prd/books/9781618930484.jpeg",
                "book_review_link": "",
                "contributor": "by Editors of Sports Illustrated",
                "contributor_note": "Illustrated",
                "dagger": 0,
                "description": "",
                "first_chapter_link": "",
                "isbns": [
                    {
                        "isbn10": "1618930486",
                        "isbn13": "9781618930484"
                    }
                ],
                "price": 0,
                "primary_isbn10": "1618930486",
                "primary_isbn13": "9781618930484",
                "publisher": "Sports Illustrated",
                "rank": 13,
                "rank_last_week": 0,
                "sunday_review_link": "",
                "title": "SPORTS ILLUSTRATED BASKETBALL'S GREATEST",
                "weeks_on_list": 0
            },
            {
                "age_group": "",
                "amazon_product_url": "http://www.amazon.com/Mr-Hockey-Story-Gordie-Howe/dp/1611763584?tag=thenewyorktim-20",
                "article_chapter_link": "",
                "asterisk": 0,
                "author": "Gordie Howe",
                "book_image": "http://du.ec2.nytimes.com.s3.amazonaws.com/prd/books/9780399172915.jpg",
                "book_review_link": "",
                "contributor": "by Gordie Howe",
                "contributor_note": "",
                "dagger": 0,
                "description": "",
                "first_chapter_link": "",
                "isbns": [
                    {
                        "isbn10": "0399172912",
                        "isbn13": "9780399172915"
                    },
                    {
                        "isbn10": "1611763584",
                        "isbn13": "9781611763584"
                    }
                ],
                "price": 0,
                "primary_isbn10": "0399172912",
                "primary_isbn13": "9780399172915",
                "publisher": "Putnam",
                "rank": 14,
                "rank_last_week": 0,
                "sunday_review_link": "",
                "title": "MR. HOCKEY",
                "weeks_on_list": 0
            },
            {
                "age_group": "",
                "amazon_product_url": "http://www.amazon.com/Rise-Soldier-Dream-Promise-Kept/dp/0544365607?tag=thenewyorktim-20",
                "article_chapter_link": "",
                "asterisk": 0,
                "author": "Daniel Rodriguez with Joe Layden",
                "book_image": "http://du.ec2.nytimes.com.s3.amazonaws.com/prd/books/9780544365605.jpeg",
                "book_review_link": "",
                "contributor": "by Daniel Rodriguez with Joe Layden",
                "contributor_note": "",
                "dagger": 0,
                "description": "",
                "first_chapter_link": "",
                "isbns": [
                    {
                        "isbn10": "0544365607",
                        "isbn13": "9780544365605"
                    }
                ],
                "price": 0,
                "primary_isbn10": "0544365607",
                "primary_isbn13": "9780544365605",
                "publisher": "Houghton Mifflin Harcourt",
                "rank": 15,
                "rank_last_week": 0,
                "sunday_review_link": "",
                "title": "RISE",
                "weeks_on_list": 0
            },
            {
                "age_group": "",
                "amazon_product_url": "http://www.amazon.com/Where-Man-Stands-Impossible-Unexpected/dp/1476711402?tag=thenewyorktim-20",
                "article_chapter_link": "",
                "asterisk": 0,
                "author": "Carter Paysinger and Steven Fenton",
                "book_image": "http://du.ec2.nytimes.com.s3.amazonaws.com/prd/books/9781476711409.jpg",
                "book_review_link": "",
                "contributor": "by Carter Paysinger and Steven Fenton",
                "contributor_note": "",
                "dagger": 0,
                "description": "",
                "first_chapter_link": "",
                "isbns": [
                    {
                        "isbn10": "1476711402",
                        "isbn13": "9781476711409"
                    }
                ],
                "price": 0,
                "primary_isbn10": "1476711402",
                "primary_isbn13": "9781476711409",
                "publisher": "Howard Books",
                "rank": 16,
                "rank_last_week": 0,
                "sunday_review_link": "",
                "title": "WHERE A MAN STANDS",
                "weeks_on_list": 0
            },
            {
                "age_group": "",
                "amazon_product_url": "http://www.amazon.com/Chris-Chelios-Made-America/dp/1600789870?tag=thenewyorktim-20",
                "article_chapter_link": "",
                "asterisk": 0,
                "author": "Chris Chelios with Kevin Allen",
                "book_image": "http://du.ec2.nytimes.com.s3.amazonaws.com/prd/books/9781600789878.jpeg",
                "book_review_link": "",
                "contributor": "by Chris Chelios with Kevin Allen",
                "contributor_note": "",
                "dagger": 0,
                "description": "",
                "first_chapter_link": "",
                "isbns": [
                    {
                        "isbn10": "1600789870",
                        "isbn13": "9781600789878"
                    }
                ],
                "price": 0,
                "primary_isbn10": "1600789870",
                "primary_isbn13": "9781600789878",
                "publisher": "Triumph Books",
                "rank": 17,
                "rank_last_week": 0,
                "sunday_review_link": "",
                "title": "MADE IN AMERICA",
                "weeks_on_list": 0
            },
            {
                "age_group": "",
                "amazon_product_url": "http://www.amazon.com/Playing-It-My-Way-Autobiography/dp/1473605202?tag=thenewyorktim-20",
                "article_chapter_link": "",
                "asterisk": 0,
                "author": "Sachin Tendulkar and Boria Majumdar",
                "book_image": "http://du.ec2.nytimes.com.s3.amazonaws.com/prd/books/9781473605206.jpeg",
                "book_review_link": "",
                "contributor": "by Sachin Tendulkar and Boria Majumdar",
                "contributor_note": "",
                "dagger": 0,
                "description": "",
                "first_chapter_link": "",
                "isbns": [
                    {
                        "isbn10": "1473605202",
                        "isbn13": "9781473605206"
                    }
                ],
                "price": 0,
                "primary_isbn10": "1473605202",
                "primary_isbn13": "9781473605206",
                "publisher": "Hodder & Stoughton",
                "rank": 18,
                "rank_last_week": 0,
                "sunday_review_link": "",
                "title": "PLAYING IT MY WAY",
                "weeks_on_list": 0
            },
            {
                "age_group": "",
                "amazon_product_url": "http://www.amazon.com/Faster-Higher-Stronger-Generation-Superathletes-/dp/1594631530?tag=thenewyorktim-20",
                "article_chapter_link": "",
                "asterisk": 0,
                "author": "Mark McClusky",
                "book_image": "http://du.ec2.nytimes.com.s3.amazonaws.com/prd/books/9781594631535.jpeg",
                "book_review_link": "",
                "contributor": "by Mark McClusky",
                "contributor_note": "",
                "dagger": 0,
                "description": "",
                "first_chapter_link": "",
                "isbns": [
                    {
                        "isbn10": "1594631530",
                        "isbn13": "9781594631535"
                    }
                ],
                "price": 0,
                "primary_isbn10": "1594631530",
                "primary_isbn13": "9781594631535",
                "publisher": "Hudson Street Press/Penguin",
                "rank": 19,
                "rank_last_week": 0,
                "sunday_review_link": "",
                "title": "FASTER, HIGHER, STRONGER",
                "weeks_on_list": 0
            },
            {
                "age_group": "",
                "amazon_product_url": "http://www.amazon.com/Orr-My-Story-Bobby/dp/0399161759?tag=thenewyorktim-20",
                "article_chapter_link": "",
                "asterisk": 0,
                "author": "Bob Orr",
                "book_image": "http://du.ec2.nytimes.com.s3.amazonaws.com/prd/books/9780399161759.jpg",
                "book_review_link": "",
                "contributor": "by Bobby Orr",
                "contributor_note": "",
                "dagger": 0,
                "description": "The hockey star\u2019s memoir.",
                "first_chapter_link": "",
                "isbns": [
                    {
                        "isbn10": "0399161759",
                        "isbn13": "9780399161759"
                    },
                    {
                        "isbn10": "042527702X",
                        "isbn13": "9780425277027"
                    }
                ],
                "price": 0,
                "primary_isbn10": "042527702X",
                "primary_isbn13": "9780425277027",
                "publisher": "Berkley/Putnam",
                "rank": 20,
                "rank_last_week": 0,
                "sunday_review_link": "",
                "title": "ORR",
                "weeks_on_list": 0
            }
        ],
        "corrections": [],
        "display_name": "Sports",
        "list_name": "Sports",
        "normal_list_ends_at": 10,
        "published_date": "2014-12-14",
        "updated": "MONTHLY"
    },
    "status": "OK"
}