{
    "copyright": "Copyright (c) 2014 The New York Times Company.  All Rights Reserved.",
    "last_modified": "2014-12-08T17:00:50-05:00",
    "num_results": 20,
    "results": {
        "bestsellers_date": "2014-11-29",
        "books": [
            {
                "age_group": "",
                "amazon_product_url": "http://www.amazon.com/Gone-Girl-Novel-Gillian-Flynn-ebook/dp/B006LSZECO?tag=thenewyorktim-20",
                "article_chapter_link": "",
                "asterisk": 0,
                "author": "Gillian Flynn",
                "book_image": "http://du.ec2.nytimes.com.s3.amazonaws.com/prd/books/9780307588388.jpg",
                "book_review_link": "",
                "contributor": "by Gillian Flynn",
                "contributor_note": "",
                "dagger": 0,
                "description": "A woman disappears from her Missouri home on her fifth anniversary; is her bitter, oddly evasive husband a killer?",
                "first_chapter_link": "",
                "isbns": [
                    {
                        "isbn10": "030758836X",
                        "isbn13": "9780307588364"
                    },
                    {
                        "isbn10": "0307588386",
                        "isbn13": "9780307588388"
                    },
                    {
                        "isbn10": "1410450953",
                        "isbn13": "9781410450951"
                    },
                    {
                        "isbn10": "0297859382",
                        "isbn13": "9780297859383"
                    },
                    {
                        "isbn10": "0307588378",
                        "isbn13": "9780307588371"
                    },
                    {
                        "isbn10": "0297859390",
                        "isbn13": "9780297859390"
                    },
                    {
                        "isbn10": "159413605X",
                        "isbn13": "9781594136054"
                    },
                    {
                        "isbn10": "055341836X",
                        "isbn13": "9780553418361"
                    },
                    {
                        "isbn10": "0553418351",
                        "isbn13": "9780553418354"
                    },
                    {
                        "isbn10": "0606270175",
                        "isbn13": "9780606270175"
                    }
                ],
                "price": 0,
                "primary_isbn10": "0307588378",
                "primary_isbn13": "9780307588371",
                "publisher": "Broadway",
                "rank": 1,
                "rank_last_week": 0,
                "sunday_review_link": "",
                "title": "GONE GIRL",
                "weeks_on_list": 32
            },
            {
                "age_group": "",
                "amazon_product_url": "http://www.amazon.com/Captivated-By-You-Crossfire-Novel/dp/0425273865?tag=thenewyorktim-20",
                "article_chapter_link": "",
                "asterisk": 0,
                "author": "Sylvia Day",
                "book_image": "http://du.ec2.nytimes.com.s3.amazonaws.com/prd/books/9780698153462.jpg",
                "book_review_link": "",
                "contributor": "by Sylvia Day",
                "contributor_note": "",
                "dagger": 0,
                "description": "Eva and Gideon's vows have opened old wounds, exposed insecurities and lured bitter enemies out of the shadows; a Crossfire novel.",
                "first_chapter_link": "",
                "isbns": [
                    {
                        "isbn10": "0425273865",
                        "isbn13": "9780425273869"
                    }
                ],
                "price": 0,
                "primary_isbn10": "0425273865",
                "primary_isbn13": "9780425273869",
                "publisher": "Berkley",
                "rank": 2,
                "rank_last_week": 0,
                "sunday_review_link": "",
                "title": "CAPTIVATED BY YOU",
                "weeks_on_list": 2
            },
            {
                "age_group": "",
                "amazon_product_url": "http://www.amazon.com/Orphan-Train-Christina-Baker-Kline-ebook/dp/B0089LOG02?tag=thenewyorktim-20",
                "article_chapter_link": "",
                "asterisk": 0,
                "author": "Christina Baker Kline",
                "book_image": "http://du.ec2.nytimes.com.s3.amazonaws.com/prd/books/9780062101204.jpg",
                "book_review_link": "",
                "contributor": "by Christina Baker Kline",
                "contributor_note": "",
                "dagger": 0,
                "description": "A historical novel about orphans swept off the streets of New York and sent to the Midwest in the 1920s.\u00a0",
                "first_chapter_link": "",
                "isbns": [
                    {
                        "isbn10": "0061950726",
                        "isbn13": "9780061950728"
                    },
                    {
                        "isbn10": "1594137374",
                        "isbn13": "9781594137372"
                    },
                    {
                        "isbn10": "0606356649",
                        "isbn13": "9780606356640"
                    },
                    {
                        "isbn10": "006195070X",
                        "isbn13": "9780061950704"
                    }
                ],
                "price": 0,
                "primary_isbn10": "0061950726",
                "primary_isbn13": "9780061950728",
                "publisher": "Morrow/HarperCollins",
                "rank": 3,
                "rank_last_week": 0,
                "sunday_review_link": "",
                "title": "ORPHAN TRAIN",
                "weeks_on_list": 67
            },
            {
                "age_group": "",
                "amazon_product_url": "http://www.amazon.com/The-Alchemist-Paulo-Coelho/dp/0061122416?tag=thenewyorktim-20",
                "article_chapter_link": "",
                "asterisk": 0,
                "author": "Paulo Coelho",
                "book_image": "http://du.ec2.nytimes.com.s3.amazonaws.com/prd/books/9780061122415.jpg",
                "book_review_link": "",
                "contributor": "by Paulo Coelho",
                "contributor_note": "",
                "dagger": 0,
                "description": "In this fable, a Spanish shepherd boy ventures to Egypt in search of treasure and his destiny.",
                "first_chapter_link": "",
                "isbns": [
                    {
                        "isbn10": "0061122416",
                        "isbn13": "9780061122415"
                    },
                    {
                        "isbn10": "0062502182",
                        "isbn13": "9780062502186"
                    },
                    {
                        "isbn10": "0062502174",
                        "isbn13": "9780062502179"
                    },
                    {
                        "isbn10": "0060887966",
                        "isbn13": "9780060887964"
                    },
                    {
                        "isbn10": "0060834838",
                        "isbn13": "9780060834838"
                    },
                    {
                        "isbn10": "0061741248",
                        "isbn13": "9780061741241"
                    },
                    {
                        "isbn10": "0062315005",
                        "isbn13": "9780062315007"
                    },
                    {
                        "isbn10": "0062326775",
                        "isbn13": "9780062326775"
                    }
                ],
                "price": 0,
                "primary_isbn10": "0061122416",
                "primary_isbn13": "9780061122415",
                "publisher": "HarperOne/HarperCollins",
                "rank": 4,
                "rank_last_week": 0,
                "sunday_review_link": "",
                "title": "THE ALCHEMIST",
                "weeks_on_list": 332
            },
            {
                "age_group": "",
                "amazon_product_url": "http://www.amazon.com/The-Martian-Novel-Andy-Weir-ebook/dp/B00EMXBDMA?tag=thenewyorktim-20",
                "article_chapter_link": "",
                "asterisk": 0,
                "author": "Andy Weir",
                "book_image": "http://du.ec2.nytimes.com.s3.amazonaws.com/prd/books/9780804139038.jpeg",
                "book_review_link": "",
                "contributor": "by Andy Weir",
                "contributor_note": "",
                "dagger": 0,
                "description": "After a dust storm forces his crew to abandon him, an astronaut embarks on a dogged quest to stay alive on Mars.",
                "first_chapter_link": "",
                "isbns": [
                    {
                        "isbn10": "0804139024",
                        "isbn13": "9780804139021"
                    },
                    {
                        "isbn10": "0553418025",
                        "isbn13": "9780553418026"
                    }
                ],
                "price": 0,
                "primary_isbn10": "0553418025",
                "primary_isbn13": "9780553418026",
                "publisher": "Broadway",
                "rank": 5,
                "rank_last_week": 0,
                "sunday_review_link": "",
                "title": "THE MARTIAN",
                "weeks_on_list": 5
            },
            {
                "age_group": "",
                "amazon_product_url": "http://www.amazon.com/Sharp-Objects-Novel-Gillian-Flynn/dp/0307341550?tag=thenewyorktim-20",
                "article_chapter_link": "",
                "asterisk": 0,
                "author": "Gillian Flynn",
                "book_image": "http://du.ec2.nytimes.com.s3.amazonaws.com/prd/books/9780307341556.jpg",
                "book_review_link": "",
                "contributor": "by Gillian Flynn",
                "contributor_note": "",
                "dagger": 0,
                "description": "Fresh from a stay at a psychiatric hospital, a newspaper reporter returns (reluctantly) to her hometown to cover the murders of two girls.",
                "first_chapter_link": "",
                "isbns": [
                    {
                        "isbn10": "0307341550",
                        "isbn13": "9780307341556"
                    },
                    {
                        "isbn10": "0307351483",
                        "isbn13": "9780307351487"
                    },
                    {
                        "isbn10": "1101902876",
                        "isbn13": "9781101902875"
                    }
                ],
                "price": 0,
                "primary_isbn10": "0307341550",
                "primary_isbn13": "9780307341556",
                "publisher": "Broadway",
                "rank": 6,
                "rank_last_week": 0,
                "sunday_review_link": "",
                "title": "SHARP OBJECTS",
                "weeks_on_list": 33
            },
            {
                "age_group": "",
                "amazon_product_url": "http://www.amazon.com/Blood-Magick-Cousins-ODwyer-Trilogy-ebook/dp/B00INIXJ36?tag=thenewyorktim-20",
                "article_chapter_link": "",
                "asterisk": 0,
                "author": "Nora Roberts",
                "book_image": "http://du.ec2.nytimes.com.s3.amazonaws.com/prd/books/9780425259870.jpeg",
                "book_review_link": "",
                "contributor": "by Nora Roberts",
                "contributor_note": "",
                "dagger": 0,
                "description": "In County Mayo, Ireland, Branna and Fin\u2019s relationship offers them both comfort and torment; Book 3 of the Cousins O'Dwyer trilogy.",
                "first_chapter_link": "",
                "isbns": [
                    {
                        "isbn10": "0425259870",
                        "isbn13": "9780425259870"
                    },
                    {
                        "isbn10": "0698144546",
                        "isbn13": "9780698144545"
                    }
                ],
                "price": 0,
                "primary_isbn10": "0425259870",
                "primary_isbn13": "9780425259870",
                "publisher": "Berkley",
                "rank": 7,
                "rank_last_week": 0,
                "sunday_review_link": "",
                "title": "BLOOD MAGICK",
                "weeks_on_list": 5
            },
            {
                "age_group": "",
                "amazon_product_url": "http://www.amazon.com/Dark-Places-Novel-Gillian-Flynn/dp/0307341577?tag=thenewyorktim-20",
                "article_chapter_link": "",
                "asterisk": 0,
                "author": "Gillian Flynn",
                "book_image": "http://du.ec2.nytimes.com.s3.amazonaws.com/prd/books/9780307341570.jpg",
                "book_review_link": "",
                "contributor": "by Gillian Flynn",
                "contributor_note": "",
                "dagger": 0,
                "description": "A woman who, as a child, was spared when her mother and sisters were murdered begins to reinvestigate the case against her imprisoned brother.",
                "first_chapter_link": "",
                "isbns": [
                    {
                        "isbn10": "0307459926",
                        "isbn13": "9780307459923"
                    },
                    {
                        "isbn10": "0307341577",
                        "isbn13": "9780307341570"
                    },
                    {
                        "isbn10": "1101902884",
                        "isbn13": "9781101902882"
                    }
                ],
                "price": 0,
                "primary_isbn10": "0307341577",
                "primary_isbn13": "9780307341570",
                "publisher": "Broadway",
                "rank": 8,
                "rank_last_week": 0,
                "sunday_review_link": "",
                "title": "DARK PLACES",
                "weeks_on_list": 70
            },
            {
                "age_group": "",
                "amazon_product_url": "http://www.amazon.com/Fifty-Shades-Grey-Book-Trilogy/dp/0345803485?tag=thenewyorktim-20",
                "article_chapter_link": "",
                "asterisk": 0,
                "author": "E L James",
                "book_image": "http://du.ec2.nytimes.com.s3.amazonaws.com/prd/books/9780345803481.jpg",
                "book_review_link": "",
                "contributor": "by E. L. James",
                "contributor_note": "",
                "dagger": 0,
                "description": "An inexperienced college student falls in love with a tortured man who has particular sexual tastes; the first book in a trilogy.",
                "first_chapter_link": "",
                "isbns": [
                    {
                        "isbn10": "1612130283",
                        "isbn13": "9781612130286"
                    },
                    {
                        "isbn10": "0345803485",
                        "isbn13": "9780345803481"
                    },
                    {
                        "isbn10": "0099579936",
                        "isbn13": "9780099579939"
                    },
                    {
                        "isbn10": "0385363125",
                        "isbn13": "9780385363129"
                    },
                    {
                        "isbn10": "0385537670",
                        "isbn13": "9780385537674"
                    },
                    {
                        "isbn10": "0345806751",
                        "isbn13": "9780345806758"
                    }
                ],
                "price": 0,
                "primary_isbn10": "0345803485",
                "primary_isbn13": "9780345803481",
                "publisher": "Vintage",
                "rank": 9,
                "rank_last_week": 0,
                "sunday_review_link": "",
                "title": "FIFTY SHADES OF GREY",
                "weeks_on_list": 132
            },
            {
                "age_group": "",
                "amazon_product_url": "http://www.amazon.com/The-Rosie-Project-A-Novel/dp/1476729093?tag=thenewyorktim-20",
                "article_chapter_link": "",
                "asterisk": 0,
                "author": "Graeme Simsion",
                "book_image": "http://du.ec2.nytimes.com.s3.amazonaws.com/prd/books/9781476729091.jpg",
                "book_review_link": "",
                "contributor": "by Graeme Simsion",
                "contributor_note": "",
                "dagger": 0,
                "description": "A genetics professor with Asperger's syndrome becomes involved with an unconventional woman.",
                "first_chapter_link": "",
                "isbns": [
                    {
                        "isbn10": "1476729085",
                        "isbn13": "9781476729084"
                    },
                    {
                        "isbn10": "1476729093",
                        "isbn13": "9781476729091"
                    }
                ],
                "price": 0,
                "primary_isbn10": "1476729093",
                "primary_isbn13": "9781476729091",
                "publisher": "Simon & Schuster",
                "rank": 10,
                "rank_last_week": 0,
                "sunday_review_link": "",
                "title": "THE ROSIE PROJECT",
                "weeks_on_list": 16
            },
            {
                "age_group": "",
                "amazon_product_url": "http://www.amazon.com/Americanah-Chimamanda-Ngozi-Adichie/dp/0307455920?tag=thenewyorktim-20",
                "article_chapter_link": "",
                "asterisk": 0,
                "author": "Chimamanda Ngozi Adichie",
                "book_image": "http://du.ec2.nytimes.com.s3.amazonaws.com/prd/books/9780307455925.jpg",
                "book_review_link": "",
                "contributor": "by Chimamanda Ngozi Adichie",
                "contributor_note": "",
                "dagger": 0,
                "description": "Young and in love, Ifemelu and Obinze leave military-ruled Nigeria for the West. Ifemelu finds academic success in America, while Obinze plunges into a dangerous, undocumented life in London.",
                "first_chapter_link": "",
                "isbns": [
                    {
                        "isbn10": "0307271080",
                        "isbn13": "9780307271082"
                    },
                    {
                        "isbn10": "0307455920",
                        "isbn13": "9780307455925"
                    }
                ],
                "price": 0,
                "primary_isbn10": "0307455920",
                "primary_isbn13": "9780307455925",
                "publisher": "Anchor",
                "rank": 11,
                "rank_last_week": 0,
                "sunday_review_link": "",
                "title": "AMERICANAH",
                "weeks_on_list": 0
            },
            {
                "age_group": "",
                "amazon_product_url": "http://www.amazon.com/Still-Life-Bread-Crumbs-Novel/dp/1400065755?tag=thenewyorktim-20",
                "article_chapter_link": "",
                "asterisk": 0,
                "author": "Anna Quindlen",
                "book_image": "http://du.ec2.nytimes.com.s3.amazonaws.com/prd/books/9780812995756.jpeg",
                "book_review_link": "",
                "contributor": "by Anna Quindlen",
                "contributor_note": "",
                "dagger": 0,
                "description": "An aging photographer rents a rural cottage and discovers sparks of creativity and desire.",
                "first_chapter_link": "",
                "isbns": [
                    {
                        "isbn10": "1400065755",
                        "isbn13": "9781400065752"
                    },
                    {
                        "isbn10": "0812995759",
                        "isbn13": "9780812995756"
                    },
                    {
                        "isbn10": "0812976894",
                        "isbn13": "9780812976892"
                    }
                ],
                "price": 0,
                "primary_isbn10": "0812976894",
                "primary_isbn13": "9780812976892",
                "publisher": "Random House",
                "rank": 12,
                "rank_last_week": 0,
                "sunday_review_link": "",
                "title": "STILL LIFE WITH BREAD CRUMBS",
                "weeks_on_list": 0
            },
            {
                "age_group": "",
                "amazon_product_url": "http://www.amazon.com/Me-Before-You-A-Novel/dp/0143124544?tag=thenewyorktim-20",
                "article_chapter_link": "",
                "asterisk": 0,
                "author": "Jojo Moyes",
                "book_image": "http://du.ec2.nytimes.com.s3.amazonaws.com/prd/books/9780143124542.jpg",
                "book_review_link": "",
                "contributor": "by Jojo Moyes",
                "contributor_note": "",
                "dagger": 0,
                "description": "A young woman who has barely been farther afield than her English village finds herself while caring for a wealthy, embittered quadriplegic.",
                "first_chapter_link": "",
                "isbns": [
                    {
                        "isbn10": "0670026603",
                        "isbn13": "9780670026609"
                    },
                    {
                        "isbn10": "0143124544",
                        "isbn13": "9780143124542"
                    },
                    {
                        "isbn10": "1594137390",
                        "isbn13": "9781594137396"
                    }
                ],
                "price": 0,
                "primary_isbn10": "0143124544",
                "primary_isbn13": "9780143124542",
                "publisher": "Penguin",
                "rank": 13,
                "rank_last_week": 0,
                "sunday_review_link": "",
                "title": "ME BEFORE YOU",
                "weeks_on_list": 0
            },
            {
                "age_group": "",
                "amazon_product_url": "http://www.amazon.com/Best-American-Short-Stories-2014/dp/0547868863?tag=thenewyorktim-20",
                "article_chapter_link": "",
                "asterisk": 0,
                "author": "edited  Jennifer Egan with Heidi Pitlor",
                "book_image": "http://du.ec2.nytimes.com.s3.amazonaws.com/prd/books/9780547868868.jpeg",
                "book_review_link": "",
                "contributor": "edited by Jennifer Egan with Heidi Pitlor",
                "contributor_note": "edited by Jennifer Egan with Heidi Pitlor",
                "dagger": 0,
                "description": "Selections include works by Charles Baxter, Ann Beattie, Joshua Ferris and Karen Russell.",
                "first_chapter_link": "",
                "isbns": [
                    {
                        "isbn10": "0547868863",
                        "isbn13": "9780547868868"
                    }
                ],
                "price": 0,
                "primary_isbn10": "0547868863",
                "primary_isbn13": "9780547868868",
                "publisher": "Mariner/Houghton Mifflin Harcourt",
                "rank": 14,
                "rank_last_week": 0,
                "sunday_review_link": "",
                "title": "THE BEST AMERICAN SHORT STORIES 2014",
                "weeks_on_list": 0
            },
            {
                "age_group": "",
                "amazon_product_url": "http://www.amazon.com/Olive-Kitteridge-Fiction-Elizabeth-Strout/dp/140006208X?tag=thenewyorktim-20",
                "article_chapter_link": "",
                "asterisk": 0,
                "author": "Elizabeth Strout",
                "book_image": "http://du.ec2.nytimes.com.s3.amazonaws.com/prd/books/9780812971835.jpg",
                "book_review_link": "",
                "contributor": "by Elizabeth Strout",
                "contributor_note": "",
                "dagger": 0,
                "description": "A seventh-grade math teacher is the link in 13 stories set on the Maine coast; a 2009 Pulitzer winner.",
                "first_chapter_link": "",
                "isbns": [
                    {
                        "isbn10": "0812971833",
                        "isbn13": "9780812971835"
                    },
                    {
                        "isbn10": "0812987632",
                        "isbn13": "9780812987638"
                    }
                ],
                "price": 0,
                "primary_isbn10": "0812971833",
                "primary_isbn13": "9780812971835",
                "publisher": "Random House",
                "rank": 15,
                "rank_last_week": 0,
                "sunday_review_link": "http://www.nytimes.com/2008/04/20/books/review/Thomas-t.html",
                "title": "OLIVE KITTERIDGE",
                "weeks_on_list": 0
            },
            {
                "age_group": "",
                "amazon_product_url": "http://www.amazon.com/The-First-Phone-Call-Heaven/dp/0062294377?tag=thenewyorktim-20",
                "article_chapter_link": "",
                "asterisk": 0,
                "author": "Mitch Albom",
                "book_image": "http://du.ec2.nytimes.com.s3.amazonaws.com/prd/books/9780062294395.jpg",
                "book_review_link": "",
                "contributor": "by Mitch Albom",
                "contributor_note": "",
                "dagger": 0,
                "description": "A small Michigan town is transformed when its residents receive phone calls said to be from heaven.",
                "first_chapter_link": "",
                "isbns": [
                    {
                        "isbn10": "0062294377",
                        "isbn13": "9780062294371"
                    },
                    {
                        "isbn10": "0062305778",
                        "isbn13": "9780062305770"
                    },
                    {
                        "isbn10": "0062294407",
                        "isbn13": "9780062294401"
                    }
                ],
                "price": 0,
                "primary_isbn10": "0062294407",
                "primary_isbn13": "9780062294401",
                "publisher": "Harper",
                "rank": 16,
                "rank_last_week": 0,
                "sunday_review_link": "",
                "title": "THE FIRST PHONE CALL FROM HEAVEN",
                "weeks_on_list": 0
            },
            {
                "age_group": "",
                "amazon_product_url": "http://www.amazon.com/The-Ocean-End-Lane-Novel/dp/0062255665?tag=thenewyorktim-20",
                "article_chapter_link": "",
                "asterisk": 0,
                "author": "Neil Gaiman",
                "book_image": "http://du.ec2.nytimes.com.s3.amazonaws.com/prd/books/9780062255662.jpg",
                "book_review_link": "",
                "contributor": "by Neil Gaiman",
                "contributor_note": "",
                "dagger": 0,
                "description": "A middle-aged man recalls his lonely boyhood in Sussex, England, and his friendship with a remarkable girl.",
                "first_chapter_link": "",
                "isbns": [
                    {
                        "isbn10": "0062255657",
                        "isbn13": "9780062255655"
                    },
                    {
                        "isbn10": "0062278592",
                        "isbn13": "9780062278593"
                    },
                    {
                        "isbn10": "1472200314",
                        "isbn13": "9781472200310"
                    },
                    {
                        "isbn10": "0062265083",
                        "isbn13": "9780062265081"
                    },
                    {
                        "isbn10": "0062255665",
                        "isbn13": "9780062255662"
                    }
                ],
                "price": 0,
                "primary_isbn10": "0062255665",
                "primary_isbn13": "9780062255662",
                "publisher": "Morrow/HarperCollins",
                "rank": 17,
                "rank_last_week": 0,
                "sunday_review_link": "",
                "title": "THE OCEAN AT THE END OF THE LANE",
                "weeks_on_list": 0
            },
            {
                "age_group": "",
                "amazon_product_url": "http://www.amazon.com/Private-India-City-James-Patterson/dp/1455560820?tag=thenewyorktim-20",
                "article_chapter_link": "",
                "asterisk": 0,
                "author": "James Patterson and Ashwin Sanghi",
                "book_image": "http://du.ec2.nytimes.com.s3.amazonaws.com/prd/books/9781455560837.jpeg",
                "book_review_link": "",
                "contributor": "by James Patterson and Ashwin Sanghi",
                "contributor_note": "",
                "dagger": 0,
                "description": "The world\u2019s top detective agency has opened an office in Mumbai, and one of its agents is on the hunt for an elusive killer.",
                "first_chapter_link": "",
                "isbns": [
                    {
                        "isbn10": "1455560820",
                        "isbn13": "9781455560820"
                    }
                ],
                "price": 0,
                "primary_isbn10": "1455560820",
                "primary_isbn13": "9781455560820",
                "publisher": "Grand Central",
                "rank": 18,
                "rank_last_week": 0,
                "sunday_review_link": "",
                "title": "PRIVATE INDIA",
                "weeks_on_list": 0
            },
            {
                "age_group": "",
                "amazon_product_url": "http://www.amazon.com/The-Museum-Extraordinary-Things-Novel/dp/1451693567?tag=thenewyorktim-20",
                "article_chapter_link": "",
                "asterisk": 0,
                "author": "Alice Hoffman",
                "book_image": "http://du.ec2.nytimes.com.s3.amazonaws.com/prd/books/9781451693560.jpeg",
                "book_review_link": "",
                "contributor": "by Alice Hoffman",
                "contributor_note": "",
                "dagger": 0,
                "description": "A romance featuring the daughter of the owner of a Coney Island freak show and an immigrant photographer in early-20th-century New York.",
                "first_chapter_link": "",
                "isbns": [
                    {
                        "isbn10": "1451693567",
                        "isbn13": "9781451693560"
                    },
                    {
                        "isbn10": "1451693575",
                        "isbn13": "9781451693577"
                    }
                ],
                "price": 0,
                "primary_isbn10": "1451693575",
                "primary_isbn13": "9781451693577",
                "publisher": "Scribner",
                "rank": 19,
                "rank_last_week": 0,
                "sunday_review_link": "",
                "title": "THE MUSEUM OF EXTRAORDINARY THINGS",
                "weeks_on_list": 0
            },
            {
                "age_group": "",
                "amazon_product_url": "http://www.amazon.com/What-Alice-Forgot-Liane-Moriarty/dp/0425247449?tag=thenewyorktim-20",
                "article_chapter_link": "",
                "asterisk": 0,
                "author": "Liane Moriarty",
                "book_image": "http://du.ec2.nytimes.com.s3.amazonaws.com/prd/books/9780425247440.jpeg",
                "book_review_link": "",
                "contributor": "by Liane Moriarty",
                "contributor_note": "",
                "dagger": 0,
                "description": "Alice Love, a happily married and pregnant 29-year-old, passes out and wakes up to discover she's actually 39, has three kids and is in the middle of an acrimonious divorce.",
                "first_chapter_link": "",
                "isbns": [
                    {
                        "isbn10": "0425247449",
                        "isbn13": "9780425247440"
                    }
                ],
                "price": 0,
                "primary_isbn10": "0425247449",
                "primary_isbn13": "9780425247440",
                "publisher": "Berkley",
                "rank": 20,
                "rank_last_week": 0,
                "sunday_review_link": "",
                "title": "WHAT ALICE FORGOT",
                "weeks_on_list": 0
            }
        ],
        "corrections": [],
        "display_name": "Paperback Trade Fiction",
        "list_name": "Trade Fiction Paperback",
        "normal_list_ends_at": 10,
        "published_date": "2014-12-14",
        "updated": "WEEKLY"
    },
    "status": "OK"
}