{
    "copyright": "Copyright (c) 2014 The New York Times Company.  All Rights Reserved.",
    "last_modified": "2014-12-08T17:00:59-05:00",
    "num_results": 15,
    "results": {
        "bestsellers_date": "2014-11-29",
        "books": [
            {
                "age_group": "",
                "amazon_product_url": "http://www.amazon.com/Wild-Found-Pacific-Crest-Trail-ebook/dp/B005IQZB14?tag=thenewyorktim-20",
                "article_chapter_link": "",
                "asterisk": 0,
                "author": "Cheryl Strayed",
                "book_image": "http://du.ec2.nytimes.com.s3.amazonaws.com/prd/books/9780307957658.jpg",
                "book_review_link": "",
                "contributor": "by Cheryl Strayed",
                "contributor_note": "",
                "dagger": 0,
                "description": "A woman\u2019s account of the life-changing 1,100-mile solo hike she took along the Pacific Crest Trail in 1995.",
                "first_chapter_link": "",
                "isbns": [
                    {
                        "isbn10": "0307592731",
                        "isbn13": "9780307592736"
                    },
                    {
                        "isbn10": "0307957659",
                        "isbn13": "9780307957658"
                    },
                    {
                        "isbn10": "0307476073",
                        "isbn13": "9780307476074"
                    },
                    {
                        "isbn10": "1594136742",
                        "isbn13": "9781594136740"
                    },
                    {
                        "isbn10": "0307970299",
                        "isbn13": "9780307970299"
                    },
                    {
                        "isbn10": "1101873442",
                        "isbn13": "9781101873441"
                    }
                ],
                "price": 0,
                "primary_isbn10": "0307957659",
                "primary_isbn13": "9780307957658",
                "publisher": "Knopf",
                "rank": 1,
                "rank_last_week": 0,
                "sunday_review_link": "",
                "title": "WILD",
                "weeks_on_list": 0
            },
            {
                "age_group": "",
                "amazon_product_url": "http://www.amazon.com/Humans-New-York-Brandon-Stanton/dp/1250038820?tag=thenewyorktim-20",
                "article_chapter_link": "",
                "asterisk": 0,
                "author": "Brandon Stanton",
                "book_image": "http://du.ec2.nytimes.com.s3.amazonaws.com/prd/books/9781250038821.jpg",
                "book_review_link": "",
                "contributor": "by Brandon Stanton",
                "contributor_note": "",
                "dagger": 0,
                "description": "Four hundred color photos of New Yorkers, with brief commentary by Stanton.",
                "first_chapter_link": "",
                "isbns": [
                    {
                        "isbn10": "1250038820",
                        "isbn13": "9781250038821"
                    }
                ],
                "price": 0,
                "primary_isbn10": "1250038820",
                "primary_isbn13": "9781250038821",
                "publisher": "St. Martin's",
                "rank": 2,
                "rank_last_week": 0,
                "sunday_review_link": "",
                "title": "HUMANS OF NEW YORK",
                "weeks_on_list": 0
            },
            {
                "age_group": "",
                "amazon_product_url": "http://www.amazon.com/Prepare-Anything-Outdoor-Life-Essential/dp/1616286733?tag=thenewyorktim-20",
                "article_chapter_link": "",
                "asterisk": 0,
                "author": "Tim MacWelch",
                "book_image": "http://du.ec2.nytimes.com.s3.amazonaws.com/prd/books/9781616286736.jpeg",
                "book_review_link": "",
                "contributor": "by Tim MacWelch",
                "contributor_note": "",
                "dagger": 0,
                "description": "For armchair readers or leery tourists, a compilation of \"338 essential skills\" for surviving nearly every conceivable unfamiliar adversity and environment.",
                "first_chapter_link": "",
                "isbns": [
                    {
                        "isbn10": "1616286733",
                        "isbn13": "9781616286736"
                    }
                ],
                "price": 0,
                "primary_isbn10": "1616286733",
                "primary_isbn13": "9781616286736",
                "publisher": "Weldon Owen",
                "rank": 3,
                "rank_last_week": 0,
                "sunday_review_link": "",
                "title": "PREPARE FOR ANYTHING (Outdoor Life)",
                "weeks_on_list": 0
            },
            {
                "age_group": "",
                "amazon_product_url": "http://www.amazon.com/How-Parisian-Wherever-You-Are/dp/0385538650?tag=thenewyorktim-20",
                "article_chapter_link": "",
                "asterisk": 0,
                "author": "Anne Berest, Audrey Diwan, Caroline de Maigret and Sophie Mas",
                "book_image": "http://du.ec2.nytimes.com.s3.amazonaws.com/prd/books/9780385538657.jpeg",
                "book_review_link": "",
                "contributor": "by Anne Berest, Audrey Diwan, Caroline de Maigret and Sophie Mas",
                "contributor_note": "",
                "dagger": 0,
                "description": "Four Frenchwomen proffer insights on style, culture and romance.",
                "first_chapter_link": "",
                "isbns": [
                    {
                        "isbn10": "0385538650",
                        "isbn13": "9780385538657"
                    },
                    {
                        "isbn10": "0385538669",
                        "isbn13": "9780385538664"
                    }
                ],
                "price": 0,
                "primary_isbn10": "0385538650",
                "primary_isbn13": "9780385538657",
                "publisher": "Doubleday",
                "rank": 4,
                "rank_last_week": 0,
                "sunday_review_link": "",
                "title": "HOW TO BE PARISIAN WHEREVER YOU ARE",
                "weeks_on_list": 0
            },
            {
                "age_group": "",
                "amazon_product_url": "http://www.amazon.com/The-Hunting-Gathering-Survival-Manual/dp/1616288310?tag=thenewyorktim-20",
                "article_chapter_link": "",
                "asterisk": 0,
                "author": "Tim MacWelch",
                "book_image": "http://du.ec2.nytimes.com.s3.amazonaws.com/prd/books/9781616288310.jpeg",
                "book_review_link": "",
                "contributor": "by Tim MacWelch",
                "contributor_note": "",
                "dagger": 0,
                "description": "A guide to foraging, hunting, cooking and camping safely in the wilderness.",
                "first_chapter_link": "",
                "isbns": [
                    {
                        "isbn10": "1616288310",
                        "isbn13": "9781616288310"
                    }
                ],
                "price": 0,
                "primary_isbn10": "1616288310",
                "primary_isbn13": "9781616288310",
                "publisher": "Weldon Owen",
                "rank": 5,
                "rank_last_week": 0,
                "sunday_review_link": "",
                "title": "HUNTING AND GATHERING SURVIVAL MANUAL",
                "weeks_on_list": 0
            },
            {
                "age_group": "",
                "amazon_product_url": "http://www.amazon.com/Lost-Translation-Illustrated-Compendium-Untranslatable/dp/1607747103?tag=thenewyorktim-20",
                "article_chapter_link": "",
                "asterisk": 0,
                "author": "Ella Frances Sanders",
                "book_image": "http://du.ec2.nytimes.com.s3.amazonaws.com/prd/books/9781607747109.jpeg",
                "book_review_link": "",
                "contributor": "by Ella Frances Sanders",
                "contributor_note": "",
                "dagger": 0,
                "description": "A compendium of foreign words for which there exist no counterparts in the English language.",
                "first_chapter_link": "",
                "isbns": [
                    {
                        "isbn10": "1607747103",
                        "isbn13": "9781607747109"
                    }
                ],
                "price": 0,
                "primary_isbn10": "1607747103",
                "primary_isbn13": "9781607747109",
                "publisher": "Ten Speed",
                "rank": 6,
                "rank_last_week": 0,
                "sunday_review_link": "",
                "title": "LOST IN TRANSLATION",
                "weeks_on_list": 0
            },
            {
                "age_group": "",
                "amazon_product_url": "http://www.amazon.com/Wayfaring-Strangers-Musical-Scotland-Appalachia/dp/1469618222?tag=thenewyorktim-20",
                "article_chapter_link": "",
                "asterisk": 0,
                "author": "Fiona Ritchie and Doug Orr",
                "book_image": "http://du.ec2.nytimes.com.s3.amazonaws.com/prd/books/9781469618227.jpg",
                "book_review_link": "",
                "contributor": "by Fiona Ritchie and Doug Orr",
                "contributor_note": "",
                "dagger": 0,
                "description": "The musical voyage from Scotland and Ulster to Appalachia.",
                "first_chapter_link": "",
                "isbns": [
                    {
                        "isbn10": "1469618222",
                        "isbn13": "9781469618227"
                    }
                ],
                "price": 0,
                "primary_isbn10": "1469618222",
                "primary_isbn13": "9781469618227",
                "publisher": "University of North Carolina Press",
                "rank": 7,
                "rank_last_week": 0,
                "sunday_review_link": "",
                "title": "WAYFARING STRANGERS",
                "weeks_on_list": 0
            },
            {
                "age_group": "",
                "amazon_product_url": "http://www.amazon.com/Never-Can-Say-Goodbye-Unshakable/dp/147678440X?tag=thenewyorktim-20",
                "article_chapter_link": "",
                "asterisk": 0,
                "author": "edited  Sari Botton",
                "book_image": "http://du.ec2.nytimes.com.s3.amazonaws.com/prd/books/9781476784403.jpg",
                "book_review_link": "",
                "contributor": "edited by Sari Botton",
                "contributor_note": "edited by Sari Botton",
                "dagger": 0,
                "description": "Essays by luminaries in which each shares the sites that best capture their love for an often impossible city; from dive bars to subway cars and cinemas.",
                "first_chapter_link": "",
                "isbns": [
                    {
                        "isbn10": "147678440X",
                        "isbn13": "9781476784403"
                    }
                ],
                "price": 0,
                "primary_isbn10": "147678440X",
                "primary_isbn13": "9781476784403",
                "publisher": "Touchstone/Simon & Schuster",
                "rank": 8,
                "rank_last_week": 0,
                "sunday_review_link": "",
                "title": "NEVER CAN SAY GOODBYE",
                "weeks_on_list": 0
            },
            {
                "age_group": "",
                "amazon_product_url": "http://www.amazon.com/Ultimate-Survival-Manual-Outdoor-Life/dp/1616282185?tag=thenewyorktim-20",
                "article_chapter_link": "",
                "asterisk": 0,
                "author": "Rich Johnson and the editors of Outdoor Life",
                "book_image": "http://du.ec2.nytimes.com.s3.amazonaws.com/prd/books/9781616282189.jpeg",
                "book_review_link": "",
                "contributor": "by Rich Johnson and the editors of Outdoor Life",
                "contributor_note": "",
                "dagger": 0,
                "description": "How to prevail when danger arises: wilderness, earthquakes, angry bears, bugs and tigers, political unrest and travel essentials in third-world countries.",
                "first_chapter_link": "",
                "isbns": [
                    {
                        "isbn10": "1616282185",
                        "isbn13": "9781616282189"
                    }
                ],
                "price": 0,
                "primary_isbn10": "1616282185",
                "primary_isbn13": "9781616282189",
                "publisher": "Weldon Owen/Simon & Schuster",
                "rank": 9,
                "rank_last_week": 0,
                "sunday_review_link": "",
                "title": "THE ULTIMATE SURVIVAL MANUAL",
                "weeks_on_list": 0
            },
            {
                "age_group": "",
                "amazon_product_url": "http://www.amazon.com/Lives-Ruins-Archaeologists-Seductive-Rubble/dp/0062127187?tag=thenewyorktim-20",
                "article_chapter_link": "",
                "asterisk": 0,
                "author": "Marilyn Johnson",
                "book_image": "http://du.ec2.nytimes.com.s3.amazonaws.com/prd/books/9780062127181.jpeg",
                "book_review_link": "",
                "contributor": "by Marilyn Johnson",
                "contributor_note": "",
                "dagger": 0,
                "description": "The lives of contemporary archaeologists, from Pompeii to the Parthenon and beyond.",
                "first_chapter_link": "",
                "isbns": [
                    {
                        "isbn10": "0062127187",
                        "isbn13": "9780062127181"
                    }
                ],
                "price": 0,
                "primary_isbn10": "0062127187",
                "primary_isbn13": "9780062127181",
                "publisher": "Harper",
                "rank": 10,
                "rank_last_week": 0,
                "sunday_review_link": "",
                "title": "LIVES IN RUINS",
                "weeks_on_list": 0
            },
            {
                "age_group": "",
                "amazon_product_url": "http://www.amazon.com/Places-France-Every-Woman-Should/dp/1609520823?tag=thenewyorktim-20",
                "article_chapter_link": "",
                "asterisk": 0,
                "author": "Marcia DeSanctis",
                "book_image": "http://du.ec2.nytimes.com.s3.amazonaws.com/prd/books/9781609520823.jpeg",
                "book_review_link": "",
                "contributor": "Marcia DeSanctis",
                "contributor_note": "",
                "dagger": 0,
                "description": "Essays on where and why to go to France.",
                "first_chapter_link": "",
                "isbns": [
                    {
                        "isbn10": "1609520823",
                        "isbn13": "9781609520823"
                    }
                ],
                "price": 0,
                "primary_isbn10": "1609520823",
                "primary_isbn13": "9781609520823",
                "publisher": "Travelers' Tales/Solas House",
                "rank": 11,
                "rank_last_week": 0,
                "sunday_review_link": "",
                "title": "100 PLACES IN FRANCE EVERY WOMAN SHOULD GO",
                "weeks_on_list": 0
            },
            {
                "age_group": "",
                "amazon_product_url": "http://www.amazon.com/Cockpit-Confidential-Everything-Questions-Reflections/dp/1402280912?tag=thenewyorktim-20",
                "article_chapter_link": "",
                "asterisk": 0,
                "author": "Patrick Smith",
                "book_image": "http://du.ec2.nytimes.com.s3.amazonaws.com/prd/books/9781402280917.jpeg",
                "book_review_link": "",
                "contributor": "by Patrick Smith",
                "contributor_note": "",
                "dagger": 0,
                "description": "Everything you need to know about air travel.",
                "first_chapter_link": "",
                "isbns": [
                    {
                        "isbn10": "1402280912",
                        "isbn13": "9781402280917"
                    }
                ],
                "price": 0,
                "primary_isbn10": "1402280912",
                "primary_isbn13": "9781402280917",
                "publisher": "Sourcebooks",
                "rank": 12,
                "rank_last_week": 0,
                "sunday_review_link": "",
                "title": "COCKPIT CONFIDENTIAL",
                "weeks_on_list": 0
            },
            {
                "age_group": "",
                "amazon_product_url": "http://www.amazon.com/Following-Atticus-Tom-Ryan-ebook/dp/B004XVN82Y?tag=thenewyorktim-20",
                "article_chapter_link": "",
                "asterisk": 0,
                "author": "Tom Ryan",
                "book_image": "http://du.ec2.nytimes.com.s3.amazonaws.com/prd/books/9780062101303.jpg",
                "book_review_link": "",
                "contributor": "by  Tom Ryan",
                "contributor_note": "",
                "dagger": 0,
                "description": "An out-of-shape newspaperman decides to pay tribute to a deceased friend by climbing all 48 of New Hampshire's 4,000-foot peaks twice in one winter, accompanied by his miniature schnauzer, Atticus.",
                "first_chapter_link": "",
                "isbns": [
                    {
                        "isbn10": "0062101307",
                        "isbn13": "9780062101303"
                    },
                    {
                        "isbn10": "0061997110",
                        "isbn13": "9780061997112"
                    },
                    {
                        "isbn10": "0061997102",
                        "isbn13": "9780061997105"
                    },
                    {
                        "isbn10": "0062088629",
                        "isbn13": "9780062088628"
                    }
                ],
                "price": 0,
                "primary_isbn10": "0061997102",
                "primary_isbn13": "9780061997105",
                "publisher": "Morrow/HarperCollins",
                "rank": 13,
                "rank_last_week": 0,
                "sunday_review_link": "",
                "title": "FOLLOWING ATTICUS",
                "weeks_on_list": 0
            },
            {
                "age_group": "",
                "amazon_product_url": "http://www.amazon.com/National-Geographic-Stunning-Photographs-Griffiths/dp/1426213921?tag=thenewyorktim-20",
                "article_chapter_link": "",
                "asterisk": 0,
                "author": "Annie Griffiths",
                "book_image": "http://du.ec2.nytimes.com.s3.amazonaws.com/prd/books/9781426213922.jpeg",
                "book_review_link": "",
                "contributor": "by Annie Griffiths",
                "contributor_note": "",
                "dagger": 0,
                "description": "",
                "first_chapter_link": "",
                "isbns": [
                    {
                        "isbn10": "1426213921",
                        "isbn13": "9781426213922"
                    }
                ],
                "price": 0,
                "primary_isbn10": "1426213921",
                "primary_isbn13": "9781426213922",
                "publisher": "National Geographic Society",
                "rank": 14,
                "rank_last_week": 0,
                "sunday_review_link": "",
                "title": "NATIONAL GEOGRAPHIC STUNNING PHOTOGRAPHS",
                "weeks_on_list": 0
            },
            {
                "age_group": "",
                "amazon_product_url": "http://www.amazon.com/Bushcraft-101-Field-Wilderness-Survival/dp/1440579776?tag=thenewyorktim-20",
                "article_chapter_link": "",
                "asterisk": 0,
                "author": "Dave Canterbury",
                "book_image": "http://du.ec2.nytimes.com.s3.amazonaws.com/prd/books/9781440579776.jpeg",
                "book_review_link": "",
                "contributor": "by Dave Canterbury",
                "contributor_note": "",
                "dagger": 0,
                "description": "A field guide to safety and self-reliance while reconnecting with nature.",
                "first_chapter_link": "",
                "isbns": [
                    {
                        "isbn10": "1440579776",
                        "isbn13": "9781440579776"
                    },
                    {
                        "isbn10": "1440579784",
                        "isbn13": "9781440579783"
                    }
                ],
                "price": 0,
                "primary_isbn10": "1440579776",
                "primary_isbn13": "9781440579776",
                "publisher": "Adams Media",
                "rank": 15,
                "rank_last_week": 0,
                "sunday_review_link": "",
                "title": "BUSHCRAFT 101",
                "weeks_on_list": 0
            }
        ],
        "corrections": [],
        "display_name": "Travel",
        "list_name": "Travel",
        "normal_list_ends_at": 10,
        "published_date": "2014-12-14",
        "updated": "MONTHLY"
    },
    "status": "OK"
}