{
    "copyright": "Copyright (c) 2014 The New York Times Company.  All Rights Reserved.",
    "last_modified": "2014-12-08T17:00:49-05:00",
    "num_results": 15,
    "results": {
        "bestsellers_date": "2014-11-29",
        "books": [
            {
                "age_group": "Ages 12 and up",
                "amazon_product_url": "http://www.amazon.com/If-I-Stay-Gayle-Forman/dp/014241543X?tag=thenewyorktim-20",
                "article_chapter_link": "",
                "asterisk": 0,
                "author": "Gayle Forman",
                "book_image": "http://du.ec2.nytimes.com.s3.amazonaws.com/prd/books/9780142415436.jpg",
                "book_review_link": "",
                "contributor": "by Gayle Forman",
                "contributor_note": "",
                "dagger": 0,
                "description": "A young cellist falls into a coma after she suffers an accident.",
                "first_chapter_link": "",
                "isbns": [
                    {
                        "isbn10": "014241543X",
                        "isbn13": "9780142415436"
                    },
                    {
                        "isbn10": "0525421033",
                        "isbn13": "9780525421030"
                    },
                    {
                        "isbn10": "0147514533",
                        "isbn13": "9780147514530"
                    },
                    {
                        "isbn10": "0451474643",
                        "isbn13": "9780451474643"
                    }
                ],
                "price": 0,
                "primary_isbn10": "None",
                "primary_isbn13": "9781101046340",
                "publisher": "Penguin Group",
                "rank": 1,
                "rank_last_week": 0,
                "sunday_review_link": "",
                "title": "IF I STAY",
                "weeks_on_list": 35
            },
            {
                "age_group": "Ages 14 and up",
                "amazon_product_url": "http://www.amazon.com/The-Fault-Stars-John-Green-ebook/dp/B005ZOBNOI?tag=thenewyorktim-20",
                "article_chapter_link": "",
                "asterisk": 0,
                "author": "John Green",
                "book_image": "http://du.ec2.nytimes.com.s3.amazonaws.com/prd/books/9781101569184.jpg",
                "book_review_link": "",
                "contributor": "by John Green",
                "contributor_note": "",
                "dagger": 0,
                "description": "A 16-year-old heroine faces the medical realities of cancer.",
                "first_chapter_link": "",
                "isbns": [
                    {
                        "isbn10": "0525478817",
                        "isbn13": "9780525478812"
                    },
                    {
                        "isbn10": "0141345659",
                        "isbn13": "9780141345659"
                    },
                    {
                        "isbn10": "0147513731",
                        "isbn13": "9780147513731"
                    },
                    {
                        "isbn10": "014242417X",
                        "isbn13": "9780142424179"
                    },
                    {
                        "isbn10": "1594137900",
                        "isbn13": "9781594137907"
                    }
                ],
                "price": 0,
                "primary_isbn10": "None",
                "primary_isbn13": "9781101569184",
                "publisher": "Penguin Group",
                "rank": 2,
                "rank_last_week": 0,
                "sunday_review_link": "",
                "title": "THE FAULT IN OUR STARS",
                "weeks_on_list": 105
            },
            {
                "age_group": "Ages 14 and up",
                "amazon_product_url": "http://www.amazon.com/Paper-Towns-John-Green/dp/014241493X?tag=thenewyorktim-20",
                "article_chapter_link": "",
                "asterisk": 0,
                "author": "John Green",
                "book_image": "http://du.ec2.nytimes.com.s3.amazonaws.com/prd/books/9780142414934.jpg",
                "book_review_link": "",
                "contributor": "by John Green",
                "contributor_note": "",
                "dagger": 0,
                "description": "After a night of mischief, the girl Quentin loves disappears.",
                "first_chapter_link": "",
                "isbns": [
                    {
                        "isbn10": "014241493X",
                        "isbn13": "9780142414934"
                    },
                    {
                        "isbn10": "0525478183",
                        "isbn13": "9780525478188"
                    }
                ],
                "price": 0,
                "primary_isbn10": "014241493X",
                "primary_isbn13": "9780142414934",
                "publisher": "Penguin Group",
                "rank": 3,
                "rank_last_week": 0,
                "sunday_review_link": "",
                "title": "PAPER TOWNS",
                "weeks_on_list": 91
            },
            {
                "age_group": "Ages 12 and up",
                "amazon_product_url": "http://www.amazon.com/Where-She-Went-Gayle-Forman-ebook/dp/B004H4XDBI?tag=thenewyorktim-20",
                "article_chapter_link": "",
                "asterisk": 0,
                "author": "Gayle Forman",
                "book_image": "http://du.ec2.nytimes.com.s3.amazonaws.com/prd/books/9781101476321.jpg",
                "book_review_link": "",
                "contributor": "by Gayle Forman",
                "contributor_note": "",
                "dagger": 0,
                "description": "A rock star and a cellist reunite for an evening in New York City.",
                "first_chapter_link": "",
                "isbns": [
                    {
                        "isbn10": "0525422943",
                        "isbn13": "9780525422945"
                    },
                    {
                        "isbn10": "0142420891",
                        "isbn13": "9780142420898"
                    }
                ],
                "price": 0,
                "primary_isbn10": "None",
                "primary_isbn13": "9781101476321",
                "publisher": "Penguin Group",
                "rank": 4,
                "rank_last_week": 0,
                "sunday_review_link": "",
                "title": "WHERE SHE WENT",
                "weeks_on_list": 25
            },
            {
                "age_group": "Ages 14 to 17",
                "amazon_product_url": "http://www.amazon.com/Looking-Alaska-John-Green/dp/0142402516?tag=thenewyorktim-20",
                "article_chapter_link": "",
                "asterisk": 0,
                "author": "John Green",
                "book_image": "http://du.ec2.nytimes.com.s3.amazonaws.com/prd/books/9780142402511.jpg",
                "book_review_link": "",
                "contributor": "by John Green",
                "contributor_note": "",
                "dagger": 0,
                "description": "A boy finds excitement when he meets a girl named Alaska.",
                "first_chapter_link": "",
                "isbns": [
                    {
                        "isbn10": "0142402516",
                        "isbn13": "9780142402511"
                    },
                    {
                        "isbn10": "0525475060",
                        "isbn13": "9780525475064"
                    },
                    {
                        "isbn10": "052542802X",
                        "isbn13": "9780525428022"
                    }
                ],
                "price": 0,
                "primary_isbn10": "0142402516",
                "primary_isbn13": "9780142402511",
                "publisher": "Penguin Group",
                "rank": 5,
                "rank_last_week": 0,
                "sunday_review_link": "",
                "title": "LOOKING FOR ALASKA",
                "weeks_on_list": 105
            },
            {
                "age_group": "Ages 12 and up",
                "amazon_product_url": "http://www.amazon.com/We-Were-Liars-E-Lockhart-ebook/dp/B00FPOSDGY?tag=thenewyorktim-20",
                "article_chapter_link": "",
                "asterisk": 0,
                "author": "E Lockhart",
                "book_image": "http://du.ec2.nytimes.com.s3.amazonaws.com/prd/books/9780375984402.jpg",
                "book_review_link": "",
                "contributor": "by E. Lockhart",
                "contributor_note": "",
                "dagger": 0,
                "description": "Four friends decamp to a private island off Martha's Vineyard.",
                "first_chapter_link": "",
                "isbns": [
                    {
                        "isbn10": "0375984402",
                        "isbn13": "9780375984402"
                    },
                    {
                        "isbn10": "038574126X",
                        "isbn13": "9780385741262"
                    }
                ],
                "price": 0,
                "primary_isbn10": "0375984402",
                "primary_isbn13": "9780375984402",
                "publisher": "Delacorte Press",
                "rank": 6,
                "rank_last_week": 0,
                "sunday_review_link": "",
                "title": "WE WERE LIARS",
                "weeks_on_list": 15
            },
            {
                "age_group": "Ages 14 to 18",
                "amazon_product_url": "http://www.amazon.com/Eleanor-Childrens-Awards-Young-Adult/dp/1250012570?tag=thenewyorktim-20",
                "article_chapter_link": "",
                "asterisk": 0,
                "author": "Rainbow Rowell",
                "book_image": "http://du.ec2.nytimes.com.s3.amazonaws.com/prd/books/9781250012579.jpg",
                "book_review_link": "",
                "contributor": "by Rainbow Rowell",
                "contributor_note": "",
                "dagger": 0,
                "description": "The world opposes the love of two outcast teenagers.",
                "first_chapter_link": "",
                "isbns": [
                    {
                        "isbn10": "1250031214",
                        "isbn13": "9781250031211"
                    },
                    {
                        "isbn10": "1250012570",
                        "isbn13": "9781250012579"
                    }
                ],
                "price": 0,
                "primary_isbn10": "1250012570",
                "primary_isbn13": "9781250012579",
                "publisher": "St. Martin's Press",
                "rank": 7,
                "rank_last_week": 0,
                "sunday_review_link": "",
                "title": "ELEANOR AND PARK",
                "weeks_on_list": 44
            },
            {
                "age_group": "Ages 14 and up",
                "amazon_product_url": "http://www.amazon.com/The-Book-Thief-Markus-Zusak/dp/0375842209?tag=thenewyorktim-20",
                "article_chapter_link": "",
                "asterisk": 0,
                "author": "Markus Zusak",
                "book_image": "http://du.ec2.nytimes.com.s3.amazonaws.com/prd/books/9780375842207.jpg",
                "book_review_link": "",
                "contributor": "by Markus Zusak",
                "contributor_note": "",
                "dagger": 0,
                "description": "A girl saves books from Nazi burning; now a movie.",
                "first_chapter_link": "",
                "isbns": [
                    {
                        "isbn10": "0375842209",
                        "isbn13": "9780375842207"
                    },
                    {
                        "isbn10": "0307433846",
                        "isbn13": "9780307433848"
                    },
                    {
                        "isbn10": "0375931007",
                        "isbn13": "9780375931000"
                    },
                    {
                        "isbn10": "0385754728",
                        "isbn13": "9780385754729"
                    },
                    {
                        "isbn10": "0375831002",
                        "isbn13": "9780375831003"
                    }
                ],
                "price": 0,
                "primary_isbn10": "0375842209",
                "primary_isbn13": "9780375842207",
                "publisher": "Knopf Doubleday Publishing",
                "rank": 8,
                "rank_last_week": 0,
                "sunday_review_link": "",
                "title": "THE BOOK THIEF",
                "weeks_on_list": 104
            },
            {
                "age_group": "Ages 12 to 16",
                "amazon_product_url": "http://www.amazon.com/Girl-Online-First-Novel-Zoella/dp/1476797455?tag=thenewyorktim-20",
                "article_chapter_link": "",
                "asterisk": 0,
                "author": "Zoe Sugg",
                "book_image": "http://du.ec2.nytimes.com.s3.amazonaws.com/prd/books/9781476797458.jpeg",
                "book_review_link": "",
                "contributor": "by Zoe Sugg",
                "contributor_note": "",
                "dagger": 0,
                "description": "A girl subject to panic attacks blogs her hidden feelings about friendship, boys, high school drama and her quirky family.",
                "first_chapter_link": "",
                "isbns": [
                    {
                        "isbn10": "1476797455",
                        "isbn13": "9781476797458"
                    },
                    {
                        "isbn10": "1476797463",
                        "isbn13": "9781476797465"
                    }
                ],
                "price": 0,
                "primary_isbn10": "1476797455",
                "primary_isbn13": "9781476797458",
                "publisher": "Simon & Schuster",
                "rank": 9,
                "rank_last_week": 0,
                "sunday_review_link": "",
                "title": "GIRL ONLINE",
                "weeks_on_list": 1
            },
            {
                "age_group": "Ages 12 and up",
                "amazon_product_url": "http://www.amazon.com/Unbroken-The-Young-Adult-Adaptation/dp/0385742517?tag=thenewyorktim-20",
                "article_chapter_link": "",
                "asterisk": 0,
                "author": "Laura Hillenbrand",
                "book_image": "http://du.ec2.nytimes.com.s3.amazonaws.com/prd/books/9780385742511.jpeg",
                "book_review_link": "",
                "contributor": "by Laura Hillenbrand",
                "contributor_note": "",
                "dagger": 0,
                "description": "An Olympic runner\u2019s story of survival as a prisoner of the Japanese in World War II.",
                "first_chapter_link": "",
                "isbns": [
                    {
                        "isbn10": "0385742517",
                        "isbn13": "9780385742511"
                    },
                    {
                        "isbn10": "0307975657",
                        "isbn13": "9780307975652"
                    }
                ],
                "price": 0,
                "primary_isbn10": "0385742517",
                "primary_isbn13": "9780385742511",
                "publisher": "Random House Publishing",
                "rank": 10,
                "rank_last_week": 0,
                "sunday_review_link": "",
                "title": "UNBROKEN",
                "weeks_on_list": 3
            },
            {
                "age_group": "Ages 12 and up",
                "amazon_product_url": "http://www.amazon.com/Let-It-Snow-Holiday-Romances-ebook/dp/B006MOW98E?tag=thenewyorktim-20",
                "article_chapter_link": "",
                "asterisk": 0,
                "author": "John Green, Maureen Johnson and Lauren Myracle",
                "book_image": "http://du.ec2.nytimes.com.s3.amazonaws.com/prd/books/9780142414996.jpg",
                "book_review_link": "",
                "contributor": "by John Green, Maureen Johnson and Lauren Myracle",
                "contributor_note": "",
                "dagger": 0,
                "description": "Three holiday stories.",
                "first_chapter_link": "",
                "isbns": [
                    {
                        "isbn10": "0142412147",
                        "isbn13": "9780142412145"
                    },
                    {
                        "isbn10": "0147515017",
                        "isbn13": "9780147515018"
                    }
                ],
                "price": 0,
                "primary_isbn10": "0142412147",
                "primary_isbn13": "9780142412145",
                "publisher": "Penguin Group",
                "rank": 11,
                "rank_last_week": 0,
                "sunday_review_link": "",
                "title": "LET IT SNOW",
                "weeks_on_list": 0
            },
            {
                "age_group": "Ages 12 and up",
                "amazon_product_url": "http://www.amazon.com/An-Abundance-Katherines-John-Green/dp/0142410705?tag=thenewyorktim-20",
                "article_chapter_link": "",
                "asterisk": 0,
                "author": "John Green",
                "book_image": "http://du.ec2.nytimes.com.s3.amazonaws.com/prd/books/9780142410707.jpg",
                "book_review_link": "",
                "contributor": "by John Green",
                "contributor_note": "",
                "dagger": 0,
                "description": "Colin Singleton wants to break the pattern of being dumped.",
                "first_chapter_link": "",
                "isbns": [
                    {
                        "isbn10": "0142410705",
                        "isbn13": "9780142410707"
                    },
                    {
                        "isbn10": "0525476881",
                        "isbn13": "9780525476887"
                    }
                ],
                "price": 0,
                "primary_isbn10": "0142410705",
                "primary_isbn13": "9780142410707",
                "publisher": "Penguin Group",
                "rank": 12,
                "rank_last_week": 0,
                "sunday_review_link": "",
                "title": "AN ABUNDANCE OF KATHERINES",
                "weeks_on_list": 0
            },
            {
                "age_group": "Ages 12 and up",
                "amazon_product_url": "http://www.amazon.com/Miss-Peregrines-Home-Peculiar-Children/dp/1594746036?tag=thenewyorktim-20",
                "article_chapter_link": "",
                "asterisk": 0,
                "author": "Ransom Riggs",
                "book_image": "http://du.ec2.nytimes.com.s3.amazonaws.com/prd/books/9781594746031.jpg",
                "book_review_link": "",
                "contributor": "by Ransom Riggs",
                "contributor_note": "",
                "dagger": 0,
                "description": "An island, an abandoned orphanage and a collection of curious photographs.",
                "first_chapter_link": "",
                "isbns": [
                    {
                        "isbn10": "1594744769",
                        "isbn13": "9781594744761"
                    },
                    {
                        "isbn10": "1594745137",
                        "isbn13": "9781594745133"
                    },
                    {
                        "isbn10": "1594746036",
                        "isbn13": "9781594746031"
                    },
                    {
                        "isbn10": "0316245283",
                        "isbn13": "9780316245289"
                    }
                ],
                "price": 0,
                "primary_isbn10": "1594746036",
                "primary_isbn13": "9781594746031",
                "publisher": "Quirk Books",
                "rank": 13,
                "rank_last_week": 0,
                "sunday_review_link": "",
                "title": "MISS PEREGRINE'S HOME FOR PECULIAR CHILDREN",
                "weeks_on_list": 0
            },
            {
                "age_group": "",
                "amazon_product_url": "http://www.amazon.com/Live-Original-Commander-Keeps-Values/dp/1476777802?tag=thenewyorktim-20",
                "article_chapter_link": "",
                "asterisk": 0,
                "author": "Sadie Robertson with Beth Clark",
                "book_image": "http://du.ec2.nytimes.com.s3.amazonaws.com/prd/books/9781476777801.jpg",
                "book_review_link": "",
                "contributor": "by Sadie Robertson with Beth Clark",
                "contributor_note": "",
                "dagger": 0,
                "description": "",
                "first_chapter_link": "",
                "isbns": [
                    {
                        "isbn10": "1476777802",
                        "isbn13": "9781476777801"
                    }
                ],
                "price": 0,
                "primary_isbn10": "1476777802",
                "primary_isbn13": "9781476777801",
                "publisher": "Howard",
                "rank": 14,
                "rank_last_week": 0,
                "sunday_review_link": "",
                "title": "LIVE ORIGINAL",
                "weeks_on_list": 0
            },
            {
                "age_group": "Ages 12 and up",
                "amazon_product_url": "http://www.amazon.com/The-Young-Elites-Marie-Lu/dp/0399167838?tag=thenewyorktim-20",
                "article_chapter_link": "",
                "asterisk": 0,
                "author": "Marie Lu",
                "book_image": "http://du.ec2.nytimes.com.s3.amazonaws.com/prd/books/9780399167836.jpeg",
                "book_review_link": "",
                "contributor": "by Marie Lu",
                "contributor_note": "",
                "dagger": 0,
                "description": "The secret survivors of a deadly illness may have acquired special powers.",
                "first_chapter_link": "",
                "isbns": [
                    {
                        "isbn10": "0399167838",
                        "isbn13": "9780399167836"
                    },
                    {
                        "isbn10": "0698171721",
                        "isbn13": "9780698171725"
                    }
                ],
                "price": 0,
                "primary_isbn10": "0399167838",
                "primary_isbn13": "9780399167836",
                "publisher": "Penguin Group",
                "rank": 15,
                "rank_last_week": 0,
                "sunday_review_link": "",
                "title": "THE YOUNG ELITES",
                "weeks_on_list": 0
            }
        ],
        "corrections": [],
        "display_name": "Young Adult",
        "list_name": "Young Adult",
        "normal_list_ends_at": 10,
        "published_date": "2014-12-14",
        "updated": "WEEKLY"
    },
    "status": "OK"
}